ts,0.1,1,5,10
2025-08-23T14:32:26.956393+00:00,-0.1428487426602820863349350425,-0.2749020535669923856328946293,-0.7532705425932612935882383855,-1.608167662298839272723984876
2025-08-23T14:32:25.418033Z,-0.1428487426602820863349350425,-0.2749020535669923856328946293,-0.7532705425932612935882383855,-1.608167662298839272723984876
2025-08-23T14:32:25.494986Z,-0.1428487426602820863349350425,-0.2749020535669923856328946293,-0.7531691707100617823210033419,-1.608098175933797471232200618
2025-08-23T14:32:25.541857Z,-0.1428487426602820863349350425,-0.2749020535669923856328946293,-0.7531691707100617823210033419,-1.608098175933797471232200618
2025-08-23T14:32:25.596651Z,-0.1428487426602820863349350425,-0.2749020535669923856328946293,-0.7532705425932612935882383855,-1.608584881295865154408421094
2025-08-23T14:32:25.647709Z,-0.1428487426602820863349350425,-0.2749020535669923856328946293,-0.7531691707100617823210033419,-1.603484927014148046749024258
2025-08-23T14:32:25.685358Z,-0.1428487426602820863349350425,-0.2749020535669923856328946293,-0.7532705425932612935882383855,-1.603987667896801193802980517
2025-08-23T14:32:25.756938Z,-0.1428487426602820863349350425,-0.2749020535669923856328946293,-0.7532705425932612935882383855,-1.604436810110202648568879166
2025-08-23T14:32:25.814419Z,-0.1428487426602820863349350425,-0.2749020535669923856328946293,-0.7534942746881400973648935281,-1.609113788213164721572683893
2025-08-23T14:32:25.876523Z,-0.1428487426602820863349350425,-0.2749020535669923856328946293,-0.7538268353253740382279333779,-1.609317784497244727307139062
2025-08-23T14:32:25.923839Z,-0.1428487426602820863349350425,-0.2749020535669923856328946293,-0.7538268353253740382279333779,-1.605190453236261422126624786
2025-08-23T14:32:25.999666Z,-0.1428487426602820863349350425,-0.2749020535669923856328946293,-0.7538268353253740382279333779,-1.605116680897174463713031032
2025-08-23T14:32:26.028294Z,-0.1428487426602820863349350425,-0.2749020535669923856328946293,-0.7538268353253740382279333779,-1.605116680897174463713031032
2025-08-23T14:32:26.114593Z,-0.1428487426602820863349350425,-0.2749020535669923856328946293,-0.7538268353253740382279333779,-1.604985178645970465034668198
2025-08-23T14:32:26.168804Z,-0.1428487426602820863349350425,-0.2749020535669923856328946293,-0.7538268353253740382279333779,-1.586488462577876678872379726
2025-08-23T14:32:26.239493Z,-0.1428487426602820863349350425,-0.2749020535669923856328946293,-0.7567250073112999325662499754,-1.594129381703410518526111137
2025-08-23T14:32:26.291592Z,-0.1428487426602820863349350425,-0.2749020535669923856328946293,-0.7567250073112999325662499754,-1.566683800352804616740653397
2025-08-23T14:32:26.349272Z,-0.1428487426602820863349350425,-0.2749020535669923856328946293,-0.7567250073112999325662499754,-1.561238236850646958432720196
2025-08-23T14:32:26.352634Z,-0.1428487426602820863349350425,-0.2749020535669923856328946293,-0.7567250073112999325662499754,-1.561238236850646958432720196
2025-08-23T14:32:26.446452Z,-0.1428487426602820863349350425,-0.2749020535669923856328946293,-0.7567250073112999325662499754,-1.561286349855406269326128924
2025-08-23T14:32:26.498019Z,-0.1428487426602820863349350425,-0.2749020535669923856328946293,-0.7567250073112999325662499754,-1.561295972487655946252262734
2025-08-23T14:32:26.684716Z,-0.1428487426602820863349350425,-0.2749020535669923856328946293,-0.7567250073112999325662499754,-1.561295972487655946252262734
2025-08-23T14:32:26.779639Z,-0.1428487426602820863349350425,-0.2749020535669923856328946293,-0.7567250073112999325662499754,-1.561295972487655946252262734
2025-08-23T14:32:26.827084Z,-0.1428487426602820863349350425,-0.2749020535669923856328946293,-0.7567250073112999325662499754,-1.561295972487655946252262734
2025-08-23T14:32:26.902402Z,-0.1428487426602820863349350425,-0.2749020535669923856328946293,-0.7567250073112999325662499754,-1.561295972487655946252262734
2025-08-23T14:32:26.944030Z,-0.1428487426602820863349350425,-0.2749020535669923856328946293,-0.7567250073112999325662499754,-1.561295972487655946252262734
2025-08-23T14:32:27.027777Z,-0.1427843865287076380273839361,-0.2748938770128896137810537896,-0.7567199409775376887633151011,-1.561288599896169499575327776
2025-08-23T14:32:27.087917Z,-0.1427843865287076380273839361,-0.2748938770128896137810537896,-0.7567199409775376887633151011,-1.561237278670656616416721014
2025-08-23T14:32:27.149384Z,-0.1427843865287076380273839361,-0.2748938770128896137810537896,-0.7567199409775376887633151011,-1.561237117262609661348515903
2025-08-23T14:32:27.203735Z,-0.1427843865287076380273839361,-0.2748938770128896137810537896,-0.7567199409775376887633151011,-1.561137683797395161123106433
2025-08-23T14:32:27.268373Z,-0.1427843865287076380273839361,-0.2748938770128896137810537896,-0.7564841082920039169215156436,-1.560875457276070329841149245
2025-08-23T14:32:27.323928Z,-0.1427843865287076380273839361,-0.2748938770128896137810537896,-0.7561289304245665937297175490,-1.561982799074853983740176670
2025-08-23T14:32:27.376943Z,-0.1427843865287076380273839361,-0.2748938770128896137810537896,-0.7499856738860727375994254417,-1.550243790595710869222472300
2025-08-23T14:32:27.438597Z,-0.1427843865287076380273839361,-0.2748938770128896137810537896,-0.7500183137754593052119859676,-1.553865858441461849637386561
2025-08-23T14:32:27.487503Z,-0.1427843865287076380273839361,-0.2748938770128896137810537896,-0.7500907546542132661786554902,-1.550669630029835945983623158
2025-08-23T14:32:27.554256Z,-0.1427843865287076380273839361,-0.2748938770128896137810537896,-0.7501512703700414535209411288,-1.554676532700282867041536243
2025-08-23T14:32:27.593769Z,-0.1427843865287076380273839361,-0.2748938770128896137810537896,-0.7501512703700414535209411288,-1.554676532700282867041536243
2025-08-23T14:32:27.637269Z,-0.1427843865287076380273839361,-0.2748938770128896137810537896,-0.7501512703700414535209411288,-1.550788304019669633308282041
2025-08-23T14:32:27.724576Z,-0.1427843865287076380273839361,-0.2748938770128896137810537896,-0.7501512703700414535209411288,-1.550788304019669633308282041
2025-08-23T14:32:27.778897Z,-0.1427843865287076380273839361,-0.2748938770128896137810537896,-0.7501512703700414535209411288,-1.550788304019669633308282041
2025-08-23T14:32:27.814324Z,-0.1427843865287076380273839361,-0.2748938770128896137810537896,-0.7501512703700414535209411288,-1.550788304019669633308282041
2025-08-23T14:32:27.877782Z,-0.1427843865287076380273839361,-0.2748938770128896137810537896,-0.7501512703700414535209411288,-1.550788304019669633308282041
2025-08-23T14:32:27.946572Z,-0.1427843865287076380273839361,-0.2748938770128896137810537896,-0.7501512703700414535209411288,-1.550788304019669633308282041
2025-08-23T14:32:28.066313Z,-0.1427843865287076380273839361,-0.2748938770128896137810537896,-0.7501512703700414535209411288,-1.554676532700282867041536243
2025-08-23T14:32:28.117134Z,-0.1427843865287076380273839361,-0.2748938770128896137810537896,-0.7501512703700414535209411288,-1.554676532700282867041536243
2025-08-23T14:32:28.179972Z,-0.1427843865287076380273839361,-0.2748938770128896137810537896,-0.7501512703700414535209411288,-1.548719397819611654106462386
2025-08-23T14:32:28.212263Z,-0.1427843865287076380273839361,-0.2748938770128896137810537896,-0.7501512703700414535209411288,-1.545705804255381300625030401
2025-08-23T14:32:28.267201Z,-0.1427843865287076380273839361,-0.2748938770128896137810537896,-0.7501512703700414535209411288,-1.550827676326345965783403212
2025-08-23T14:32:28.351761Z,-0.1427843865287076380273839361,-0.2748938770128896137810537896,-0.7501512703700414535209411288,-1.550827676326345965783403212
2025-08-23T14:32:28.392020Z,-0.1427843865287076380273839361,-0.2748938770128896137810537896,-0.7501512703700414535209411288,-1.578305716613675554072386890
2025-08-23T14:32:28.524745Z,-0.1427843865287076380273839361,-0.2748938770128896137810537896,-0.7501512703700414535209411288,-1.578305716613675554072386890
2025-08-23T14:32:28.572455Z,-0.1427843865287076380273839361,-0.2748938770128896137810537896,-0.7501512703700414535209411288,-1.578230345756088044404296303
2025-08-23T14:32:28.687902Z,-0.1427843865287076380273839361,-0.2748938770128896137810537896,-0.7501512703700414535209411288,-1.578241571637155218165112578
2025-08-23T14:32:28.714175Z,-0.1427843865287076380273839361,-0.2748938770128896137810537896,-0.7501512703700414535209411288,-1.578241571637155218165112578
2025-08-23T14:32:28.794319Z,-0.1427843865287076380273839361,-0.2748938770128896137810537896,-0.7503931441180473588969537272,-1.578570955369707392817699227
2025-08-23T14:32:28.859457Z,-0.1427843865287076380273839361,-0.2748938770128896137810537896,-0.9850701426384866358983066187,-1.726270401449680003752260235
2025-08-23T14:32:28.903523Z,-0.1427843865287076380273839361,-0.6823493304375899621996295469,-1.204454283802759258817322523,-1.832944262992755294862146384
2025-08-23T14:32:28.967947Z,-0.1427843865287076380273839361,-0.2749948051626267056167971199,-0.7559771077750248741556164733,-1.599185566099876282346454551
2025-08-23T14:32:29.027339Z,-0.1389145414472396435857019585,-0.2746078237494860311984441856,-0.7554570059232418485167509165,-1.593290898339872620502129099
2025-08-23T14:32:29.068097Z,-0.1389145414472396435857019585,-0.2746078237494860311984441856,-0.7557585619227916816146333976,-1.593441637140873333353329159
2025-08-23T14:32:29.136963Z,-0.1389145414472396435857019585,-0.2746078237494860311984441856,-0.7558997175919930800531593383,-1.598032404473309723479025096
2025-08-23T14:32:29.182317Z,-0.1427843865287076380273839361,-0.2749948051626267056167971199,-0.7551380852683750665784937675,-1.586725454958727962915219306
2025-08-23T14:32:29.250068Z,-0.1427843865287076380273839361,-0.2749948051626267056167971199,-0.7551380852683750665784937675,-1.591211635130423427701026407
2025-08-23T14:32:29.309518Z,-0.1427843865287076380273839361,-0.2749948051626267056167971199,-0.7553466991051128849147619230,-1.586909924556182859395306223
2025-08-23T14:32:29.367344Z,-0.1427843865287076380273839361,-0.2749948051626267056167971199,-0.7553466991051128849147619230,-1.586898698179566952133165594
2025-08-23T14:32:29.384833Z,-0.1427843865287076380273839361,-0.2749948051626267056167971199,-0.7553466991051128849147619230,-1.591116900776494436965570795
2025-08-23T14:32:29.475230Z,-0.1389145414472396435857019585,-0.2746078237494860311984441856,-0.7552693089220810908123047880,-1.591078215484672090838777523
2025-08-23T14:32:29.529840Z,-0.1427390357343234570905438391,-0.2748557293931818840771541558,-0.7550537329733910760627748964,-1.586469635639969239464405713
2025-08-23T14:32:29.582357Z,-0.1427995034601690316729973017,-0.2751308575457792484273174108,-0.7558810774672643332146189832,-1.587822738613561577863681585
2025-08-23T14:32:29.636817Z,-0.1427995034601690316729973017,-0.2751308575457792484273174108,-0.7744453009491366606474883221,-1.644561760134330220896064261
2025-08-23T14:32:29.698581Z,-0.1427995034601690316729973017,-0.2751308575457792484273174108,-0.7859440567297235042372242212,-1.676616498626525828239070618
2025-08-23T14:32:29.717909Z,-0.1427995034601690316729973017,-0.2751308575457792484273174108,-0.7859440567297235042372242212,-1.676616498626525828239070618
2025-08-23T14:32:29.814192Z,-0.1427995034601690316729973017,-0.2751308575457792484273174108,-0.7859440567297235042372242212,-1.676608480516740831620321341
2025-08-23T14:32:29.868655Z,-0.1427995034601690316729973017,-0.2751308575457792484273174108,-0.7854166509103904006820141587,-1.680505381334965688249161555
2025-08-23T14:32:29.928225Z,-0.1427995034601690316729973017,-0.2751308575457792484273174108,-0.7846797677771696438495599245,-1.675779024020246904113623934
2025-08-23T14:32:29.969336Z,-0.1427995034601690316729973017,-0.2751308575457792484273174108,-0.7849911269982296304149729441,-1.675934666059489060566096616
2025-08-23T14:32:30.045685Z,-0.1380734267599185057067000927,-0.2744675394670877613764187745,-0.7824413984767788254286572616,-1.674765846911694650173239925
2025-08-23T14:32:30.092136Z,-0.1341884647469891176194047495,-0.2739445056707945441475455493,-0.7806942504671090178089347524,-1.668834623373616663756404587
2025-08-23T14:32:30.169408Z,-0.1341884647469891176194047495,-0.2739445056707945441475455493,-0.7809380518336150788698411258,-1.668891706360772257929986006
2025-08-23T14:32:30.229379Z,-0.1341955494420490748865856305,-0.2740082679263341595521734789,-0.7814945328081733895459473872,-1.670240309577987655707171733
2025-08-23T14:32:30.287995Z,-0.1389145414472396435857019585,-0.2746078237494860311984441856,-0.7820198288296429949557051156,-1.679587297415004807040060899
2025-08-23T14:32:30.329895Z,-0.2632276196607829817784557232,-0.2904020081547325708229338737,-0.7928532929400258667745050261,-1.746159058932959254896401842
2025-08-23T14:32:30.366891Z,-0.2520125693762793253460440714,-0.2881198758293975244558733631,-0.7896530913820988931832098874,-1.740522844127188928954438684
2025-08-23T14:32:30.442031Z,-0.1276981468346542097886436836,-0.2723255206250208380415896664,-0.7790020834468422482767836157,-1.718613729140278153242881779
2025-08-23T14:32:30.472863Z,-0.1276981468346542097886436836,-0.2723255206250208380415896664,-0.7789828356124445501615075914,-1.718604107831230533139582472
2025-08-23T14:32:30.553811Z,-0.1276981468346542097886436836,-0.2723255206250208380415896664,-0.7793002183744167141458863304,-1.704126016408487949971834140
2025-08-23T14:32:30.611023Z,-0.1276981468346542097886436836,-0.2723255206250208380415896664,-0.7793002183744167141458863304,-1.704126016408487949971834140
2025-08-23T14:32:30.675593Z,-0.1276981468346542097886436836,-0.2723255206250208380415896664,-0.7789430037947296305671150991,-1.718344212917990466424812803
2025-08-23T14:32:30.719126Z,-0.1276981468346542097886436836,-0.2723255206250208380415896664,-0.7789365882191286940495594811,-1.718341007738341227120373699
2025-08-23T14:32:30.785659Z,-0.1276981468346542097886436836,-0.2723255206250208380415896664,-0.7789365882191286940495594811,-1.717205359722955221390526264
2025-08-23T14:32:30.836105Z,-0.1276981468346542097886436836,-0.2723255206250208380415896664,-0.7787341452595047442488200615,-1.716652928080534145894154877
2025-08-23T14:32:30.916204Z,-0.1276981468346542097886436836,-0.2723255206250208380415896664,-0.7787341452595047442488200615,-1.716652928080534145894154877
2025-08-23T14:32:30.941115Z,-0.1276981468346542097886436836,-0.2723255206250208380415896664,-0.7787341452595047442488200615,-1.716652928080534145894154877
2025-08-23T14:32:31.038313Z,-0.1276981468346542097886436836,-0.2723255206250208380415896664,-0.7787341452595047442488200615,-1.716652928080534145894154877
2025-08-23T14:32:31.087079Z,-0.1427981591320872543083506786,-0.2751306867466491016375234022,-0.7823265031886170195517014035,-1.722814807926397624565411368
2025-08-23T14:32:31.156372Z,-0.1427981591320872543083506786,-0.2751306867466491016375234022,-0.7823846861861574025352360144,-1.723746338007444619929552966
2025-08-23T14:32:31.216447Z,-0.1427981591320872543083506786,-0.2751306867466491016375234022,-0.7823846861861574025352360144,-1.718707303342463166710287996
2025-08-23T14:32:31.322229Z,-0.1427981591320872543083506786,-0.2751306867466491016375234022,-0.7825226292059644419440967996,-1.718776257252562193430840806
2025-08-23T14:32:31.389677Z,-0.0004346558970526200948810357676,-0.8162195052616182977962294036,-1.453339447414134270857126216,-2.389039369636808052261286438
2025-08-23T14:32:31.449361Z,-0.0004346380631936796323692177328,-0.8222914559588422093887124234,-1.745754177666740308842507116,-3.342887833693047038400142492
2025-08-23T14:32:31.509558Z,-0.5527007389585958999983005652,-1.240770899503899768290102131,-1.904414677278847569345307728,-3.281220513057201107336086360
2025-08-23T14:32:31.568111Z,-0.5562606140244924633542523184,-1.105146592596227454617375291,-1.403059991071664905875432992,-2.462753378178709176239606228
2025-08-23T14:32:31.628291Z,-0.5559345679343421833321605350,-1.105113987987212426615166113,-1.402465410361571493028253343,-2.454012483962181446700616825
2025-08-23T14:32:31.678497Z,-0.4415766864315428316904521622,-1.070429762754117119919553710,-1.383165865981352549319576285,-2.415965236201230295194437293
2025-08-23T14:32:31.738676Z,-0.4415766864315428316904521622,-1.070429762754117119919553710,-1.374844778788132590165992188,-2.367107570960422770705516239
2025-08-23T14:32:31.796936Z,-0.3033608718561379304769470362,-1.049789739664404650818516920,-1.369674308492797330140076459,-2.375074090328829338451747069
2025-08-23T14:32:31.856536Z,-0.3013607544169332555447103700,-1.048923523389982175058390364,-1.368075317656315080258743516,-2.308465458997570764401004205
2025-08-23T14:32:31.913394Z,-0.3013607544169332555447103700,-1.048923523389982175058390364,-1.367700067022058620591786671,-2.308277885409326263626500908
2025-08-23T14:32:31.965555Z,-0.3013607544169332555447103700,-1.048114901153090435272200128,-1.367568992722376806078708868,-2.308212367317495151286426527
2025-08-23T14:32:32.025570Z,-0.3013607544169332555447103700,-1.048114901153090435272200128,-1.368588562751457134972808391,-2.312481284867480375765468258
2025-08-23T14:32:32.087168Z,-0.3013607544169332555447103700,-1.048114901153090435272200128,-1.368588562751457134972808391,-2.312481284867480375765468258
2025-08-23T14:32:32.148985Z,-0.3013607544169332555447103700,-1.048114901153090435272200128,-1.368588562751457134972808391,-2.312481284867480375765468258
2025-08-23T14:32:32.205476Z,-0.3013607544169332555447103700,-1.047597577544754790026568990,-1.368156292443439136262901090,-2.250821533194460676968776775
2025-08-23T14:32:32.257900Z,-0.3033608718561379304769470362,-1.047771990532365997064715304,-1.359143413182285595542595421,-2.246846282460237462767273614
2025-08-23T14:32:32.317517Z,-0.0004346380631936796323692177328,-0.7586526261505467160073591178,-1.267312728035793661490576460,-2.136679898611109722683964798
2025-08-23T14:32:32.369664Z,-0.0004346380631936796323692177328,-0.7908368602632976537498464098,-1.279363308482322552817108780,-2.152840259252911933766027116
2025-08-23T14:32:32.419782Z,-0.0004346380631936796323692177328,-0.8250872085192189780016202438,-1.285839190531809660343827394,-2.182658418969274087934842886
2025-08-23T14:32:32.474006Z,-0.0004346380631936796323692177328,-0.8022165060671779198300530402,-1.273869974890524451237933958,-2.162698985422630534740859442
2025-08-23T14:32:32.532390Z,-0.0004346380631936796323692177328,-0.8013517936404540942014544815,-1.273480478336574067172182608,-2.162096243265011562024438047
2025-08-23T14:32:32.597970Z,-0.0004346380631936796323692177328,-0.8013517936404540942014544815,-1.273554241840181063262917476,-2.162133115583430536514182740
2025-08-23T14:32:32.659002Z,-0.0004346380631936796323692177328,-0.7494785372203826649128731058,-1.257442465620020541864142660,-2.143374839864777144331435167
2025-08-23T14:32:32.718595Z,-0.0004346380631936796323692177328,-0.7493823178456868843922297319,-1.257391151088926991193233172,-2.143349187315922630773791794
2025-08-23T14:32:32.773334Z,-0.0004346380631936796323692177328,-0.7494785372203826649128731058,-1.257420015654793760109952999,-2.143363617240509884343246022
2025-08-23T14:32:32.814327Z,-0.0004346380631936796323692177328,-0.5817935074374613416607668172,-1.197362436544472666459749973,-2.063369331181121547881750108
2025-08-23T14:32:32.888858Z,-0.0004346380631936796323692177328,-0.5826582198641851672893653758,-1.197761553799781976854740786,-2.063976881331073852873885550
2025-08-23T14:32:32.942510Z,-0.0004346380631936796323692177328,-0.5826582198641851672893653758,-1.197761553799781976854740786,-2.063976881331073852873885550
2025-08-23T14:32:32.998594Z,-0.0004346380631936796323692177328,-0.5817441402639617807104063523,-1.197559507753269358377294438,-2.063875884249624983413124913
2025-08-23T14:32:33.059134Z,-0.0004346380631936796323692177328,-0.5838718249569958234324593530,-1.200510852487361920377001579,-2.063385528550961465032781055
2025-08-23T14:32:33.087114Z,-0.0004346380631936796323692177328,-0.5837435325269435395159235957,-1.198175930260410353096050796,-2.057867350403337603072786794
2025-08-23T14:32:33.169749Z,-0.0004346380631936796323692177328,-0.5838718249569958234324593530,-1.200510852487361920377001579,-2.063385528550961465032781055
2025-08-23T14:32:33.221366Z,-0.0004346380631936796323692177328,-0.5826657391026784179470053633,-1.197531999098212946485753499,-2.056200930037658345709289984
2025-08-23T14:32:33.289257Z,-0.0004346380631936796323692177328,-0.5826657391026784179470053633,-1.197531999098212946485753499,-2.056200930037658345709289984
2025-08-23T14:32:33.320109Z,-0.0004346380631936796323692177328,-0.5826657391026784179470053633,-1.197525585566782594779675229,-2.056197725571178524150816105
2025-08-23T14:32:33.396160Z,-0.0004346380631936796323692177328,-0.5826657391026784179470053633,-1.197480685243416222144209519,-2.056175280007966046422213760
2025-08-23T14:32:33.453654Z,-0.0004346380631936796323692177328,-0.5826657391026784179470053633,-1.197480685243416222144209519,-2.056407461773256363568481073
2025-08-23T14:32:33.515976Z,-0.0004346380631936796323692177328,-0.5826657391026784179470053633,-1.197573692213402594937014208,-2.056453953023188071062801766
2025-08-23T14:32:33.576675Z,-0.0004346380631936796323692177328,-0.5877295478994833413879010411,-1.200802832291121965568928838,-2.058982779118370590580549973
2025-08-23T14:32:33.609459Z,-0.2618078114804341808239511999,-0.8744099731789197583812235661,-1.288923392544801078980299117,-2.169736303157267393987104028
2025-08-23T14:32:33.682940Z,-0.2698491622503455263942873955,-0.8764369377244932761274304906,-1.289325153355738345973549927,-2.159689927679268751014064931
2025-08-23T14:32:33.742716Z,-0.2698491622503455263942873955,-0.8764369377244932761274304906,-1.289325153355738345973549927,-2.159689927679268751014064931
2025-08-23T14:32:33.790968Z,-0.1803359294989244663807240801,-0.8525743432629731095080596892,-1.281871479456245181765420709,-2.121878537805405497971565891
2025-08-23T14:32:33.859932Z,-0.2622187951493870581909520612,-0.8732143663526855786090964792,-1.288215862392546061529363561,-2.128926313027463171052374799
2025-08-23T14:32:33.908677Z,-0.2622187951493870581909520612,-0.8732143663526855786090964792,-1.286325784215501549071789125,-2.132179016301926372399022603
2025-08-23T14:32:33.970733Z,-0.2622187951493870581909520612,-0.8735190601699460905371078983,-1.286386719223680785463999386,-2.132209477208210191315070914
2025-08-23T14:32:34.087238Z,-0.2622187951493870581909520612,-0.8736473525999983744536436556,-1.286457275150537979782288925,-2.132244746374564389434139925
2025-08-23T14:32:34.149731Z,-0.2622187951493870581909520612,-0.8736473525999983744536436556,-1.286457275150537979782288925,-2.132244746374564389434139925
2025-08-23T14:32:34.182330Z,-0.2622187951493870581909520612,-0.8736473525999983744536436556,-1.288347353327582492239863360,-2.133622287065488525142225527
2025-08-23T14:32:34.251495Z,-0.2622187951493870581909520612,-0.8736473525999983744536436556,-1.288347353327582492239863360,-2.133475255727345284170494778
2025-08-23T14:32:34.329486Z,-0.2622187951493870581909520612,-0.8736473525999983744536436556,-1.288350560645288008348875628,-2.133476859386198042225000912
2025-08-23T14:32:34.379217Z,-0.002258437309687705606823226716,-0.4368319534752494643600640912,-0.8375666935386738923055664957,-1.640599662568029955587078886
2025-08-23T14:32:34.439231Z,-0.001392864906159725605612269492,-0.4225046073966710325166355575,-0.8331065671392543867751300682,-1.639023972465631916903124248
2025-08-23T14:32:34.487884Z,-0.001753245602249755102809007835,-0.5823254469794810557130297389,-0.8933953355475102289156851690,-1.723858765125283869715085584
2025-08-23T14:32:34.552501Z,-0.001753245602249755102809007835,-0.5823254469794810557130297389,-0.8930329015130575831023741760,-1.723677591796403752611262346
2025-08-23T14:32:34.618530Z,-0.001753245602249755102809007835,-0.5823254469794810557130297389,-0.8931227070170711499960033196,-1.723722482412758812223956846
2025-08-23T14:32:34.679148Z,-0.001753245602249755102809007835,-0.5823254469794810557130297389,-0.8931387445850848059075935320,-1.723730501196765640179751952
2025-08-23T14:32:34.733532Z,-0.0004346580130313080254864333889,-0.4085134531740531942300191949,-0.8276898862234838509117799406,-1.636069198407604289779021170
2025-08-23T14:32:34.772589Z,-0.0004346580130313080254864333889,-0.3959995762258236149959274717,-0.8230027043134983089412674010,-1.629849841431975608035487914
2025-08-23T14:32:34.828216Z,-0.0004346580130313080254864333889,-0.3959995762258236149959274717,-0.8230027043134983089412674010,-1.629849841431975608035487914
2025-08-23T14:32:34.894057Z,-0.0004346580130313080254864333889,-0.3959995762258236149959274717,-0.8228359204702756292511455303,-1.629766467021866297195764710
2025-08-23T14:32:34.964841Z,-0.0004346580130313080254864333889,-0.3959995762258236149959274717,-0.8228359204702756292511455303,-1.629766467021866297195764710
2025-08-23T14:32:35.001207Z,-0.0004346580130313080254864333889,-0.3959995762258236149959274717,-0.8228359204702756292511455303,-1.629766467021866297195764710
2025-08-23T14:32:35.057199Z,-0.0004346580130313080254864333889,-0.3940724217792699683955812145,-0.8230910630235428600836290710,-1.632029325187784214724883428
2025-08-23T14:32:35.120621Z,-0.03326598266853331999223005336,-0.5985959835252442636769381716,-0.8987073970787417328589243962,-1.730654201161380131338873166
2025-08-23T14:32:35.185880Z,-0.09021720617216117136509521423,-0.6111098604734738429110298948,-0.9034362742905913969965044368,-1.733743611023153232640747807
2025-08-23T14:32:35.218525Z,-0.09021720617216117136509521423,-0.6111098604734738429110298948,-0.9034362742905913969965044368,-1.733743611023153232640747807
2025-08-23T14:32:35.298645Z,-0.0004346580130313080254864333889,-0.4065853799473916020507686644,-0.8278099719710780296761019765,-1.635052071677888160146093774
2025-08-23T14:32:35.356442Z,-0.0004346580130313080254864333889,-0.4372978666680459814280193508,-0.8371887873776008468528999492,-1.645213282774203029540271347
2025-08-23T14:32:35.417734Z,-0.0004346580130313080254864333889,-0.3940714959316227309276084468,-0.8210603753645748416551724977,-1.626915676643647323182532937
2025-08-23T14:32:35.477122Z,-0.0004346580130313080254864333889,-0.3940714959316227309276084468,-0.8230907138662382561381426620,-1.631967466754421221777600882
2025-08-23T14:32:35.513772Z,-0.0004346580130313080254864333889,-0.3940714959316227309276084468,-0.8208903893523043590156960659,-1.626830703330128020259236124
2025-08-23T14:32:35.586799Z,-0.0004346580130313080254864333889,-0.3935541485781923468633534744,-0.8206345018021573207297577699,-1.626324217151144456721601499
2025-08-23T14:32:35.649522Z,-0.0004346580130313080254864333889,-0.3935541485781923468633534744,-0.8206345018021573207297577699,-1.626324217151144456721601499
2025-08-23T14:32:35.693534Z,-0.0004346580130313080254864333889,-0.3935541485781923468633534744,-0.8206056356975585215942230125,-1.626309786286913494753438721
2025-08-23T14:32:35.750995Z,-0.0004346580130313080254864333889,-0.3935541485781923468633534744,-0.8207820370447723398245016113,-1.626397967267904465472136618
2025-08-23T14:32:35.818562Z,-0.0004346580130313080254864333889,-0.4060680255264219260974451976,-0.8255012924842891774544801136,-1.630573877250751556303882109
2025-08-23T14:32:35.869409Z,-0.0004346580130313080254864333889,-0.4060680255264219260974451976,-0.8255012924842891774544801136,-1.630573877250751556303882109
2025-08-23T14:32:35.893228Z,-0.0004346580130313080254864333889,-0.4060680255264219260974451976,-0.8255012924842891774544801136,-1.630573877250751556303882109
2025-08-23T14:32:35.975030Z,-0.0004346580130313080254864333889,-0.4060680255264219260974451976,-0.8255012924842891774544801136,-1.630573877250751556303882109
2025-08-23T14:32:36.037783Z,-0.0004346580130313080254864333889,-0.3668240915984387605761531053,-0.8012812825175809386465870892,-1.589915616037541934175129712
2025-08-23T14:32:36.092248Z,-0.0004346580130313080254864333889,-0.3668240915984387605761531053,-0.8030634353795887987412999395,-1.596513662893067217731891028
2025-08-23T14:32:36.150119Z,-0.0004346580130313080254864333889,-0.3668240915984387605761531053,-0.8030634353795887987412999395,-1.596513662893067217731891028
2025-08-23T14:32:36.207812Z,-0.0004346580130313080254864333889,-0.3668240915984387605761531053,-0.8030634353795887987412999395,-1.596513662893067217731891028
2025-08-23T14:32:36.262749Z,-0.0004346580130313080254864333889,-0.3573697421082730502512910104,-0.7979077541468221739742168691,-1.588229204131181005375285250
2025-08-23T14:32:36.329632Z,-0.0004346580130313080254864333889,-0.3575396846982080310630956961,-0.7980524665794713715324994014,-1.588680109315620961347905794
2025-08-23T14:32:36.377593Z,-0.0004346580130313080254864333889,-0.3575396846982080310630956961,-0.8001854376891006851818520022,-1.593783202601967183928537354
2025-08-23T14:32:36.419248Z,-0.0004346580130313080254864333889,-0.3882521784864017023294148769,-0.8100357322772650431117723515,-1.604180105151597196507974910
2025-08-23T14:32:36.486951Z,-0.0004346580130313080254864333889,-0.3669943310250240007288345563,-0.8035963453571765276153666038,-1.597158714987482066553704845
2025-08-23T14:32:36.553348Z,-0.0004346580130313080254864333889,-0.3669943310250240007288345563,-0.8033301372784749136910449974,-1.597025641581089385986008445
2025-08-23T14:32:36.618890Z,-0.0004346580130313080254864333889,-0.3575626538357939395894037853,-0.7981789905058954187610481917,-1.588743450049296738547945800
2025-08-23T14:32:36.652260Z,-0.0004346580130313080254864333889,-0.3575626538357939395894037853,-0.7981789905058954187610481917,-1.588743450049296738547945800
2025-08-23T14:32:36.727935Z,-0.0004346580130313080254864333889,-0.3575626538357939395894037853,-0.7981789905058954187610481917,-1.588743450049296738547945800
2025-08-23T14:32:36.799739Z,-0.0004346580130313080254864333889,-0.3575626538357939395894037853,-0.8001900840928511231541323828,-1.593785617702716782098070757
2025-08-23T14:32:36.859857Z,-0.0004346580130313080254864333889,-0.3698514579277340195482225465,-0.8027844998049037508508973928,-1.594850748079909093884522580
2025-08-23T14:32:36.914386Z,-0.0004346580130313080254864333889,-0.3698514579277340195482225465,-0.8027043173006972392652836515,-1.594810665580079588490134111
2025-08-23T14:32:36.973155Z,-0.0004346580130313080254864333889,-0.3698514579277340195482225465,-0.8026946948694228650022191465,-1.594805854364442401358601858
2025-08-23T14:32:37.038663Z,-0.0004346580130313080254864333889,-0.3698514579277340195482225465,-0.8026465862546444838659944130,-1.594781806621258523589303292
2025-08-23T14:32:37.087211Z,-0.0004346580130313080254864333889,-0.3511975376188903763369048168,-0.7972230408439876343272556697,-1.591399030434449811843066029
2025-08-23T14:32:37.148899Z,-0.0004346580130313080254864333889,-0.3905827436074520029975755211,-0.8226538880485259160276360781,-1.634797044119483488928586688
2025-08-23T14:32:37.209795Z,-0.0004346580130313080254864333889,-0.3868942369259107595809601187,-0.8196068607898614105965190065,-1.629237021221699362439279906
2025-08-23T14:32:37.257852Z,-0.0004346580130313080254864333889,-0.3863329562530184282392442897,-0.8194946121661734095091785211,-1.629180910038265987493237265
2025-08-23T14:32:37.319509Z,-0.0004346580130313080254864333889,-0.3949975342111715541714498970,-0.8217824545824755538553665899,-1.631081754137172766084921831
2025-08-23T14:32:37.374270Z,-0.0004346580130313080254864333889,-0.3951635654875104714548564405,-0.8219103534330354781344634558,-1.631524261282841835816367943
2025-08-23T14:32:37.437979Z,-0.0004346580130313080254864333889,-0.3951635654875104714548564405,-0.8219103534330354781344634558,-1.631524261282841835816367943
2025-08-23T14:32:37.471884Z,-0.0004346580130313080254864333889,-0.3954843108842756508971145793,-0.8219744987569432814324137433,-1.631556327380590424666529286
2025-08-23T14:32:37.503911Z,-0.0004346580130313080254864333889,-0.3954843108842756508971145793,-0.8219744987569432814324137433,-1.631556327380590424666529286
2025-08-23T14:32:37.607885Z,-0.0004346580130313080254864333889,-0.3946516333644012392447677933,-0.8239007702322547280251360990,-1.636177515317457043726552645
2025-08-23T14:32:37.629975Z,-0.0004346580130313080254864333889,-0.3941952503788805235090654231,-0.8217177870013174049716965915,-1.631429894814934136488614372
2025-08-23T14:32:37.722653Z,-0.0004346580130313080254864333889,-0.3941952503788805235090654231,-0.8217177870013174049716965915,-1.631429894814934136488614372
2025-08-23T14:32:37.827058Z,-0.0004346580130313080254864333889,-0.3941952503788805235090654231,-0.8217177870013174049716965915,-1.631429894814934136488614372
2025-08-23T14:32:37.860019Z,-0.0004346580130313080254864333889,-0.3941952503788805235090654231,-0.8217177870013174049716965915,-1.631429894814934136488614372
2025-08-23T14:32:37.951784Z,-0.0004346580130313080254864333889,-0.3958137492935177320692377181,-0.8222580407781369453530125039,-1.632078540038501137478287202
2025-08-23T14:32:38.008307Z,-0.0004346580130313080254864333889,-0.3953807451976918094739190631,-0.8221714462180471484847843399,-1.632035253698798427042196122
2025-08-23T14:32:38.068500Z,-0.0004346580130313080254864333889,-0.3948996318924753439155462958,-0.8220752298160792430239453534,-1.631987156438156662309799630
2025-08-23T14:32:38.087391Z,-0.0004346580130313080254864333889,-0.3941616720563535852527142980,-0.8217110713368120173204263665,-1.631426536982681442662979260
2025-08-23T14:32:38.187975Z,-0.0004346580130313080254864333889,-0.3948833444221836757837199102,-0.8218553970472724927154576951,-1.631498684521432617163262722
2025-08-23T14:32:38.243029Z,-0.0004346580130313080254864333889,-0.3948833444221836757837199102,-0.8218553970472724927154576951,-1.631498684521432617163262722
2025-08-23T14:32:38.265840Z,-0.0004346580130313080254864333889,-0.3948833444221836757837199102,-0.8218553970472724927154576951,-1.631498684521432617163262722
2025-08-23T14:32:38.349485Z,-0.0004346580130313080254864333889,-0.3948850618342316048273640517,-0.8218560447207459183547950798,-1.631499540058799666686849287
2025-08-23T14:32:38.412385Z,-0.0004346580130313080254864333889,-0.3948850618342316048273640517,-0.8218560447207459183547950798,-1.631499540058799666686849287
2025-08-23T14:32:38.473218Z,-0.0004346580130313080254864333889,-0.3947728013009140466821836680,-0.8218335938658974842559261165,-1.631488316819443887237019406
2025-08-23T14:32:38.503000Z,-0.0004346580130313080254864333889,-0.3947728013009140466821836680,-0.8218335938658974842559261165,-1.631488316819443887237019406
2025-08-23T14:32:38.598220Z,-0.0004346580130313080254864333889,-0.3947407271211343635278808992,-0.8218271802817566251552326761,-1.631485112215441895286277286
2025-08-23T14:32:38.644962Z,-0.0004346580130313080254864333889,-0.3934898340054087973825589908,-0.8215770166803924422881736553,-1.631360056671581055048002979
2025-08-23T14:32:38.717956Z,-0.0004346580130313080254864333889,-0.3935539815999700607560624035,-0.8215898449474896174327072244,-1.631366468617061205020665163
2025-08-23T14:32:38.777656Z,-0.0004346580130313080254864333889,-0.4242661785515134726815048191,-0.8331720830598428893839257295,-1.646665902522811613175405850
2025-08-23T14:32:38.833732Z,-0.0004346580130313080254864333889,-0.4248274754806154913941408013,-0.8332843361865879054756173589,-1.646722018145841933223228663
2025-08-23T14:32:38.859417Z,-0.0004346580130313080254864333889,-0.4248274754806154913941408013,-0.8332843361865879054756173589,-1.646722018145841933223228663
2025-08-23T14:32:38.946505Z,-0.0004346580130313080254864333889,-0.4248274754806154913941408013,-0.8332843361865879054756173589,-1.646722018145841933223228663
2025-08-23T14:32:38.968586Z,-0.0004346580130313080254864333889,-0.4253481057625524996247814703,-0.8334806772006615668821541721,-1.646981372714334538799378074
2025-08-23T14:32:39.037702Z,-0.0004346580130313080254864333889,-0.3946360289591770498135034596,-0.8218984843987982053666094758,-1.631681998660992525055752497
2025-08-23T14:32:39.087431Z,-0.0004346580130313080254864333889,-0.3946360289591770498135034596,-0.8218984843987982053666094758,-1.631681998660992525055752497
2025-08-23T14:32:39.151479Z,-0.0004346580130313080254864333889,-0.3946360289591770498135034596,-0.8218984843987982053666094758,-1.631681998660992525055752497
2025-08-23T14:32:39.204844Z,-0.0004346580130313080254864333889,-0.3946334680497890322135050592,-0.8215292012650460674468401297,-1.630852776201152426176270428
2025-08-23T14:32:39.265792Z,-0.0004346580130313080254864333889,-0.3946334680497890322135050592,-0.8215292012650460674468401297,-1.630852776201152426176270428
2025-08-23T14:32:39.316895Z,-0.0004346580130313080254864333889,-0.3924427955064880749618163802,-0.8206579399913755157054327862,-1.629660076072976124713468005
2025-08-23T14:32:39.406357Z,-0.0004346580130313080254864333889,-0.3924427955064880749618163802,-0.8206579399913755157054327862,-1.629660076072976124713468005
2025-08-23T14:32:39.468263Z,-0.002980538599235167267227914895,-0.2000687513650354045361878628,-1.074895314772111617681861833,-1.996890683661887168373816616
2025-08-23T14:32:39.527733Z,-0.0004346380631936796323692177328,-0.1558434883372916546145153727,-1.158500952586681064197389312,-2.738739458879088428374407137
2025-08-23T14:32:39.587685Z,-0.0004346380631936796323692177328,-0.1589770839167443835743495565,-1.118374944699477986646962495,-2.690269792018297914750003358
2025-08-23T14:32:39.646480Z,-0.0005265045550720979792415991743,-0.3140191954945070658892614365,-0.9249528030508462642141315699,-2.067629273943635005906079322
2025-08-23T14:32:39.689884Z,-0.0004346380631936796323692177328,-0.3040890096158890462906488186,-0.8390968481568890415530939298,-1.851064352999300363109677134
2025-08-23T14:32:39.759285Z,-0.0004346380631936796323692177328,-0.3040890096158890462906488186,-0.8391545728448830212943530215,-1.851093207081697047794844228
2025-08-23T14:32:39.818136Z,-0.0004346380631936796323692177328,-0.3040890096158890462906488186,-0.8391545728448830212943530215,-1.851093207081697047794844228
2025-08-23T14:32:39.876980Z,-0.0004346380631936796323692177328,-0.3040890096158890462906488186,-0.8390006407608182826502612240,-1.851016263070598825634031534
2025-08-23T14:32:39.909267Z,-0.0004346380631936796323692177328,-0.3040890096158890462906488186,-0.8412042872646396856975695344,-1.859300341594223729682246109
2025-08-23T14:32:39.982192Z,-0.0004346380631936796323692177328,-0.3040890096158890462906488186,-0.8412042872646396856975695344,-1.859300341594223729682246109
2025-08-23T14:32:40.038066Z,-0.0004346380631936796323692177328,-0.3029978936917891958452599829,-0.8404450398404461055538529817,-1.857963195652889176117038295
2025-08-23T14:32:40.088858Z,-0.0004346380631936796323692177328,-0.3067753861943912652700847444,-0.8425109475618304156152590819,-1.868685752674686579232845564
2025-08-23T14:32:40.146353Z,-0.0004346380631936796323692177328,-0.3067753861943912652700847444,-0.8424339820205010950923321196,-1.868647280919488992551998685
2025-08-23T14:32:40.219288Z,-0.0004346380631936796323692177328,-0.3067753861943912652700847444,-0.8424339820205010950923321196,-1.868647280919488992551998685
2025-08-23T14:32:40.273897Z,-0.0004346380631936796323692177328,-0.3050221176444407683722921886,-0.8430687617739648236114867712,-1.869752815559729722928231389
2025-08-23T14:32:40.333823Z,-0.0004346380631936796323692177328,-0.3047017980846282903568287225,-0.8424720350071404514211773658,-1.868501614274452813496937475
2025-08-23T14:32:40.384365Z,-0.0004346380631936796323692177328,-0.3050925335135284791592569932,-0.8422815939725088817201618470,-1.867931037798777267507862277
2025-08-23T14:32:40.458358Z,-0.0004346321314929096504544969931,-0.3977455739041304960373936624,-0.9699787844373706616270201756,-1.885410990720038970855438180
2025-08-23T14:32:40.515963Z,-0.0004346321314929096504544969931,-0.3977455739041304960373936624,-0.9648643342793970939539497695,-1.846944232726730306372624121
2025-08-23T14:32:40.579024Z,-0.0004346321314929096504544969931,-0.3977455739041304960373936624,-0.9622826467045344257551179129,-1.894047736653609882804488168
2025-08-23T14:32:40.639615Z,-0.0004346321314929096504544969931,-0.4109321245170639399932971033,-0.9695009681960980204983813647,-1.905730463651215016296749086
2025-08-23T14:32:40.699331Z,-0.0004346321314929096504544969931,-0.4109321245170639399932971033,-0.9695009681960980204983813647,-1.905730463651215016296749086
2025-08-23T14:32:40.758946Z,-0.0004346321314929096504544969931,-0.4109321245170639399932971033,-0.9720634147681826505023499907,-1.885834169962808093876020228
2025-08-23T14:32:40.814311Z,-0.0004346321314929096504544969931,-0.4109321245170639399932971033,-0.9692155623859443793437950157,-1.879330290873642312446347380
2025-08-23T14:32:40.879564Z,-0.0004346321314929096504544969931,-0.4102124341211779591265858694,-0.9687799977355665949219407211,-1.891906904971987307177084734
2025-08-23T14:32:40.908692Z,-0.0004346321314929096504544969931,-0.4102124341211779591265858694,-0.9687799977355665949219407211,-1.891906904971987307177084734
2025-08-23T14:32:40.988247Z,-0.0004346321314929096504544969931,-0.4106133131559712609064957206,-0.9689948525856026454840874005,-1.901739090144572989794881016
2025-08-23T14:32:40.994636Z,-0.0004346321314929096504544969931,-0.4106133131559712609064957206,-0.9689948525856026454840874005,-1.901739090144572989794881016
2025-08-23T14:32:41.096580Z,-0.0004346321314929096504544969931,-0.4106133131559712609064957206,-0.9689948525856026454840874005,-1.901739090144572989794881016
2025-08-23T14:32:41.146278Z,-0.0004346321314929096504544969931,-0.4106133131559712609064957206,-0.9689467498326557635719424618,-1.878735510995041151622157946
2025-08-23T14:32:41.204812Z,-0.0004346321314929096504544969931,-0.4101963989597862270553894754,-0.9687767907032882485077014423,-1.878650556214820060341717344
2025-08-23T14:32:41.260863Z,-0.0004346321314929096504544969931,-0.4105906517321850700124995855,-0.9715918934327215321060799689,-1.906850283028532338999328189
2025-08-23T14:32:41.322853Z,-0.0004346321314929096504544969931,-0.4105906517321850700124995855,-0.9715918934327215321060799689,-1.906850283028532338999328189
2025-08-23T14:32:41.400111Z,-0.0004346321314929096504544969931,-0.4112288943875648617828531800,-0.9691285719400713570340842429,-1.878950200551869802641807100
2025-08-23T14:32:41.459539Z,-0.0004346321314929096504544969931,-0.4361536260380808157593090705,-0.9815718230249240230436740532,-1.926712102150894453368166491
2025-08-23T14:32:41.519485Z,-0.1017049487281013815791475300,-0.2602307997355671333069364079,-0.8143286782172774106789326891,-1.702116115496835194084770640
2025-08-23T14:32:41.579274Z,-0.1011996508505270209016368327,-0.4029664700632751926065777984,-0.9307766562987834923387872980,-1.797641074328738493468616077
2025-08-23T14:32:41.615442Z,-0.1011996508505270209016368327,-0.4029664700632751926065777984,-0.9307766562987834923387872980,-1.797641074328738493468616077
2025-08-23T14:32:41.684241Z,-0.1011996508505270209016368327,-0.4029664700632751926065777984,-0.9308504160503750210090781384,-1.822968853330491412279889295
2025-08-23T14:32:41.739684Z,-0.3300806559276915538295988231,-0.4447562025044009259873386505,-0.9065474758117492879979352962,-1.855349428678051455737041988
2025-08-23T14:32:41.785285Z,-0.03908093002409644000209840393,-0.4495827639326436677597230142,-0.9706238573245271647907291923,-1.872009749588001336754583620
2025-08-23T14:32:41.847972Z,-0.03908093002409644000209840393,-0.4495827639326436677597230142,-0.9708515451628638311005628790,-1.872123563807886860735998228
2025-08-23T14:32:41.891763Z,-0.0004346321314929096504544969931,-0.4093634798526058130395985077,-0.9622819546502226207509113258,-1.867002997143206462910254159
2025-08-23T14:32:41.944420Z,-0.0004346321314929096504544969931,-0.4093634798526058130395985077,-0.9623108154442007751837918029,-1.867017422149018581088643093
2025-08-23T14:32:42.002069Z,-0.0004346321314929096504544969931,-0.4093634798526058130395985077,-0.9623108154442007751837918029,-1.867017422149018581088643093
2025-08-23T14:32:42.045132Z,-0.0004346321314929096504544969931,-0.4093634798526058130395985077,-0.9622370586183574791040823562,-1.841894590098219472971162202
2025-08-23T14:32:42.087384Z,-0.0004346321314929096504544969931,-0.4093634798526058130395985077,-0.9622370586183574791040823562,-1.841894590098219472971162202
2025-08-23T14:32:42.175708Z,-0.0004346321314929096504544969931,-0.4093634798526058130395985077,-0.9622146106389340073260722820,-1.866600615759856707001832366
2025-08-23T14:32:42.191120Z,-0.0004346321314929096504544969931,-0.4088043074478170883706654083,-0.9618322576162000955929910006,-1.865941547960590861520422299
2025-08-23T14:32:42.273647Z,-0.0004346321314929096504544969931,-0.4088043074478170883706654083,-0.9618322576162000955929910006,-1.865768363805174756235482472
2025-08-23T14:32:42.321720Z,-0.0004346321314929096504544969931,-0.4088043074478170883706654083,-0.9620214620112175945345531023,-1.865711459858484647250171604
2025-08-23T14:32:42.388251Z,-0.0004346321314929096504544969931,-0.4342254490934290880074867992,-0.9738670341064091592984567995,-1.883368813914556451607645579
2025-08-23T14:32:42.479863Z,-0.1308259887869523112323325696,-0.3388897714461283135213092717,-0.8378479667672433108259027287,-1.704698531195326634897828163
2025-08-23T14:32:42.529729Z,-0.07780025388961065406238806706,-0.1962206246386797566390672801,-0.7488823199044734580956749274,-1.572963540116701250110995753
2025-08-23T14:32:42.587199Z,-0.0004346321314929096504544969931,-0.1607150077996909157060101322,-0.8241828338197518832936231686,-1.672294358799168792126447700
2025-08-23T14:32:42.632834Z,-0.0004346321314929096504544969931,-0.1619857900067033313640151455,-0.8224441525466639528236376249,-1.667899142720283407966189793
2025-08-23T14:32:42.699023Z,-0.0004346321314929096504544969931,-0.1619857900067033313640151455,-0.8224473595928505274456500126,-1.657488596467231801441961637
2025-08-23T14:32:42.769891Z,-0.0004346321314929096504544969931,-0.1365644202053002258392018450,-0.8133982254578556128589045454,-1.644320426909587780543631785
2025-08-23T14:32:42.814181Z,-0.0004346321314929096504544969931,-0.1365644202053002258392018450,-0.8105696137880611160579491544,-1.623377049090351892516516999
2025-08-23T14:32:42.888687Z,-0.0004346321314929096504544969931,-0.1356678388347547325245611704,-0.8100891701712142009268704057,-1.622744157504947308894750917
2025-08-23T14:32:42.930208Z,-0.0004346321314929096504544969931,-0.1338471185563015726337877021,-0.8097193286880720383634135712,-1.637105940189490047424015764
2025-08-23T14:32:42.989647Z,-0.0004346321314929096504544969931,-0.1336092800392629282305434862,-0.8096206531660364718076085223,-1.636972146044393412837112090
2025-08-23T14:32:43.058839Z,-0.0004346321314929096504544969931,-0.2051400491386395223253792611,-0.8510682926741493803688748978,-1.706322336393708560814358055
2025-08-23T14:32:43.118662Z,-0.0004346321314929096504544969931,-0.2095175532749248597105271770,-0.8548140251512052588053970706,-1.713008853700781768468594982
2025-08-23T14:32:43.178649Z,-0.0004346321314929096504544969931,-0.2094964009895182811272775430,-0.8548097962501069738333636924,-1.684422777058534038845594458
2025-08-23T14:32:43.224640Z,-0.0004346321314929096504544969931,-0.2055678609879544747181660541,-0.8511538488200802478689660619,-1.677944694770241068277100411
2025-08-23T14:32:43.298409Z,-0.0004346321314929096504544969931,-0.2055678609879544747181660541,-0.8511538488200802478689660619,-1.702942573933207385634269318
2025-08-23T14:32:43.359786Z,-0.0004346321314929096504544969931,-0.2055678609879544747181660541,-0.8511538488200802478689660619,-1.701873684199683387877492675
2025-08-23T14:32:43.399874Z,-0.0004346321314929096504544969931,-0.2059847596590797716425395851,-0.8512372223303731842753745736,-1.701915360819208549666043882
2025-08-23T14:32:43.479842Z,-0.0004346321314929096504544969931,-0.2094964009895182811272775430,-0.8548097962501069738333636924,-1.695504561983170783089315643
2025-08-23T14:32:43.538806Z,-0.0004346321314929096504544969931,-0.2060168294429193927337244066,-0.8512436362871411084936115379,-1.661553888342918493045212216
2025-08-23T14:32:43.598943Z,-0.0004346321314929096504544969931,-0.2063054523079683325290465740,-0.8513013561922018042188263255,-1.655022067764104106043633676
2025-08-23T14:32:43.643308Z,-0.0004346321314929096504544969931,-0.2064818331375098264892028903,-0.8513366292461440415216244915,-1.661091612584738596806679496
2025-08-23T14:32:43.718168Z,-0.0004346321314929096504544969931,-0.2064978680728928501840862661,-0.8513398362332206462606011666,-1.661093216078276899176167834
2025-08-23T14:32:43.766386Z,-0.0004346321314929096504544969931,-0.2064978680728928501840862661,-0.8513398362332206462606011666,-1.655071599256309652445112155
2025-08-23T14:32:43.828947Z,-0.0004346321314929096504544969931,-0.1771474862072752811711319251,-0.8394926951368967344045189920,-1.649154275414994365211731260
2025-08-23T14:32:43.887754Z,-0.0004346321314929096504544969931,-0.1766504126853820131751776548,-0.8393932882124332345284108811,-1.655131705422161883692180833
2025-08-23T14:32:43.935225Z,-0.0004346321314929096504544969931,-0.1685993272590015900147266405,-0.8253351991012850637842211412,-1.630660118997931281443733198
2025-08-23T14:32:43.987382Z,-0.0004346321314929096504544969931,-0.1681182888028809851615286412,-0.8252389991899760965366642844,-1.624760597412295908160144381
2025-08-23T14:32:44.053397Z,-0.0004346321314929096504544969931,-0.1681182888028809851615286412,-0.8252389991899760965366642844,-1.624760597412295908160144381
2025-08-23T14:32:44.119545Z,-0.0004346321314929096504544969931,-0.1960280512794635492068550354,-0.8381207091475242723573573202,-1.647124006234710999839490354
2025-08-23T14:32:44.179024Z,-0.0004346321314929096504544969931,-0.1968676336710033826114897699,-0.8380194172217679592061235495,-1.646700529191567284770059827
2025-08-23T14:32:44.239139Z,-0.0004346321314929096504544969931,-0.1970279840679507351433066891,-0.8380514841891913682232538361,-1.640899629216197887661763017
2025-08-23T14:32:44.299823Z,-0.0004346321314929096504544969931,-0.1970279840679507351433066891,-0.8380514841891913682232538361,-1.660641622415682779044802880
2025-08-23T14:32:44.335699Z,-0.0004346321314929096504544969931,-0.1716076438926818510617389293,-0.8262062855577436385828680270,-1.653907191700542981575552777
2025-08-23T14:32:44.408857Z,-0.0004346321314929096504544969931,-0.1716076438926818510617389293,-0.8262062855577436385828680270,-1.653907191700542981575552777
2025-08-23T14:32:44.435041Z,-0.0004346321314929096504544969931,-0.1716076438926818510617389293,-0.8262062855577436385828680270,-1.653907191700542981575552777
2025-08-23T14:32:44.518620Z,-0.0004346321314929096504544969931,-0.1728758628566987872850803872,-0.8294756096261107513081449236,-1.660525307508535197140224886
2025-08-23T14:32:44.573672Z,-0.0004346321314929096504544969931,-0.1712883922057767565081706712,-0.8262878402786026733440070292,-1.631784498562519419906925268
2025-08-23T14:32:44.628322Z,-0.0004346321314929096504544969931,-0.1706309621673157245602316033,-0.8261563636068086514221185074,-1.652886655982539610307961639
2025-08-23T14:32:44.685696Z,-0.0004346321314929096504544969931,-0.1723948082757261040449343560,-0.8265091063767792046605777313,-1.653062983655702158422281886
2025-08-23T14:32:44.732454Z,-0.0004346321314929096504544969931,-0.1727256581992938705612487294,-0.8266492913622992178838256998,-1.653255386971023901594417550
2025-08-23T14:32:44.798051Z,-0.0004346321314929096504544969931,-0.1727256581992938705612487294,-0.8266492913622992178838256998,-1.653255386971023901594417550
2025-08-23T14:32:44.844652Z,-0.0004346321314929096504544969931,-0.1727256581992938705612487294,-0.8266492913622992178838256998,-1.653255386971023901594417550
2025-08-23T14:32:44.876039Z,-0.0004346321314929096504544969931,-0.1727256581992938705612487294,-0.8266492913622992178838256998,-1.653255386971023901594417550
2025-08-23T14:32:45.029199Z,-0.0004346321314929096504544969931,-0.1727256581992938705612487294,-0.8266492913622992178838256998,-1.653255386971023901594417550
2025-08-23T14:32:45.087148Z,-0.0004346321314929096504544969931,-0.1727256581992938705612487294,-0.8266492913622992178838256998,-1.653255386971023901594417550
2025-08-23T14:32:45.138839Z,-0.0004346321314929096504544969931,-0.1728539396990511502474165140,-0.8295452462193198067990634373,-1.659446572853059612448090255
2025-08-23T14:32:45.147623Z,-0.0004346321314929096504544969931,-0.1728758790858625772303267351,-0.8266274584690526492936380331,-1.632069430441104238562970568
2025-08-23T14:32:45.217361Z,-0.0004346321314929096504544969931,-0.1728758790858625772303267351,-0.8266274584690526492936380331,-1.632069430441104238562970568
2025-08-23T14:32:45.302094Z,-0.0004346321314929096504544969931,-0.1722335405528946652078673805,-0.8262361509969396247725189753,-1.654731755621303806860259641
2025-08-23T14:32:45.372642Z,-0.0004346321314929096504544969931,-0.1722335405528946652078673805,-0.8262361509969396247725189753,-1.654731755621303806860259641
2025-08-23T14:32:45.406950Z,-0.0004346321314929096504544969931,-0.1712393637802703351009387489,-0.8260180905124021626773304529,-1.631420024623648777599303337
2025-08-23T14:32:45.499097Z,-0.0004346321314929096504544969931,-0.1712393637802703351009387489,-0.8260180905124021626773304529,-1.633190073165538383384917648
2025-08-23T14:32:45.546016Z,-0.0004346321314929096504544969931,-0.1712393637802703351009387489,-0.8260180905124021626773304529,-1.653609635618763816683815077
2025-08-23T14:32:45.579218Z,-0.0004346321314929096504544969931,-0.1712393637802703351009387489,-0.8260180905124021626773304529,-1.653609635618763816683815077
2025-08-23T14:32:45.712548Z,-0.0004346321314929096504544969931,-0.1983200761666732513434587842,-0.8413348332036173736892744482,-1.653667638004285733595798985
2025-08-23T14:32:45.775896Z,-0.0004346321314929096504544969931,-0.2020818452550536525115239450,-0.8431705713261100080872000707,-1.656199577700989870333153787
2025-08-23T14:32:45.837649Z,-0.0004346321314929096504544969931,-0.1987343826135325408859532676,-0.8411484923128570747440788218,-1.679713056310113155171537785
2025-08-23T14:32:45.889337Z,-0.0004346321314929096504544969931,-0.1733134047720782582969209399,-0.8268944800528408360183819837,-1.656665805741255755670330311
2025-08-23T14:32:45.914795Z,-0.0004346321314929096504544969931,-0.1733134047720782582969209399,-0.8268944800528408360183819837,-1.656665805741255755670330311
2025-08-23T14:32:45.997691Z,-0.0004346321314929096504544969931,-0.1709500962340733945025902554,-0.8259600720689615156283065998,-1.639542110370222692030580891
2025-08-23T14:32:46.022094Z,-0.0004346321314929096504544969931,-0.1709500962340733945025902554,-0.8259600720689615156283065998,-1.639542110370222692030580891
2025-08-23T14:32:46.095546Z,-0.0004346321314929096504544969931,-0.1722329028867092667004028127,-0.8262198202109417509059798123,-1.654630088279436123919357833
2025-08-23T14:32:46.160927Z,-0.0004346321314929096504544969931,-0.1721954437252876319385597065,-0.8262681911232211213135208884,-1.654751887378295940409848538
2025-08-23T14:32:46.202641Z,-0.0004346321314929096504544969931,-0.1721954437252876319385597065,-0.8262681911232211213135208884,-1.654692292080789594454754643
2025-08-23T14:32:46.277278Z,-0.0004346321314929096504544969931,-0.1704211352217490961716167572,-0.8254519624879438479625510524,-1.655796710086851234939833657
2025-08-23T14:32:46.313280Z,-0.0004346321314929096504544969931,-0.1686893835929760492052251649,-0.8251056386139007612277540606,-1.641111870914430799458430979
2025-08-23T14:32:46.393989Z,-0.0004346321314929096504544969931,-0.1722330947072541797811479443,-0.8286846264904024750039801437,-1.647335012468509272202845597
2025-08-23T14:32:46.459505Z,-0.0004346321314929096504544969931,-0.1702447519408823805914500123,-0.8254166889437365663357508007,-1.641267360026613394675573844
2025-08-23T14:32:46.510514Z,-0.0004346321314929096504544969931,-0.1707739029309113544732317242,-0.8255225098058441766444078513,-1.684773786480793627840934897
2025-08-23T14:32:46.562791Z,-0.0004346321314929096504544969931,-0.1707739029309113544732317242,-0.8255225098058441766444078513,-1.684773786480793627840934897
2025-08-23T14:32:46.610597Z,-0.0004346321314929096504544969931,-0.1707739029309113544732317242,-0.8255225098058441766444078513,-1.684773786480793627840934897
2025-08-23T14:32:46.699597Z,-0.0004346321314929096504544969931,-0.1707739029309113544732317242,-0.8255225098058441766444078513,-1.684773786480793627840934897
2025-08-23T14:32:46.759664Z,-0.0004346321314929096504544969931,-0.3322499141188639776585176184,-0.9136616147044395020975998614,-1.949896267064581075691055310
2025-08-23T14:32:46.815213Z,-0.0004346321314929096504544969931,-0.3330997676152382546859971915,-0.9138315713998670808015468384,-1.862200718934570609314696829
2025-08-23T14:32:46.871385Z,-0.0004346321314929096504544969931,-0.3076790530304660173523401441,-0.9019861983036047128552840597,-1.932092289829395153321482654
2025-08-23T14:32:46.923274Z,-0.0004346321314929096504544969931,-0.3078233687962728382343104429,-0.9023098516770041745981597762,-1.879873949516521736409259698
2025-08-23T14:32:46.963022Z,-0.0004346321314929096504544969931,-0.3078233687962728382343104429,-0.9023098516770041745981597762,-1.879873949516521736409259698
2025-08-23T14:32:47.044294Z,-0.0004346321314929096504544969931,-0.1624972516862966095694781846,-0.8347091634074689706342104253,-1.759416273476274279474458473
2025-08-23T14:32:47.096865Z,-0.0004346321314929096504544969931,-0.1631867573326678246135913901,-0.8348470552008450291753337747,-1.759485202849987197910566876
2025-08-23T14:32:47.179523Z,-0.0004346321314929096504544969931,-0.1631867573326678246135913901,-0.8348470552008450291753337747,-1.777788934405883736861016336
2025-08-23T14:32:47.182163Z,-0.0004346321314929096504544969931,-0.1631867573326678246135913901,-0.8348470552008450291753337747,-1.777788934405883736861016336
2025-08-23T14:32:47.294515Z,-0.0004346321314929096504544969931,-0.1635555643409197067989026234,-0.8349208103785632826339298268,-1.759598209444269360134141384
2025-08-23T14:32:47.332843Z,-0.0004346321314929096504544969931,-0.1690677711973024295979613667,-0.8400808898380095621676721229,-1.769359588538976701240348831
2025-08-23T14:32:47.395112Z,-0.0004346321314929096504544969931,-0.1690677711973024295979613667,-0.8400808898380095621676721229,-1.776182932375195492099843867
2025-08-23T14:32:47.467250Z,-0.0004346321314929096504544969931,-0.1539242448190654687683564164,-0.8329945558100906194955198772,-1.776256848296391992633159224
2025-08-23T14:32:47.496646Z,-0.0004346321314929096504544969931,-0.1546458235785584321393423659,-0.8331388606701079969574012267,-1.767595329698678670510727090
2025-08-23T14:32:47.579416Z,-0.0004346321314929096504544969931,-0.1546458235785584321393423659,-0.8331388606701079969574012267,-1.767595329698678670510727090
2025-08-23T14:32:47.617965Z,-0.0004346321314929096504544969931,-0.1549504918101615514593795200,-0.8331997896484795285875590116,-1.766382095698780461355922730
2025-08-23T14:32:47.631221Z,-0.0004346321314929096504544969931,-0.1549504918101615514593795200,-0.8331997896484795285875590116,-1.766382095698780461355922730
2025-08-23T14:32:47.714247Z,-0.0004346321314929096504544969931,-0.1549504918101615514593795200,-0.8331997896484795285875590116,-1.766382095698780461355922730
2025-08-23T14:32:47.783847Z,-0.0004346321314929096504544969931,-0.1540685603240930107545809249,-0.8330234173551130971481482302,-1.769709458409681900131706575
2025-08-23T14:32:47.858434Z,-0.0004346321314929096504544969931,-0.1591581895103012813433331756,-0.8353950484291025676632042567,-1.773291105337747631113627921
2025-08-23T14:32:47.919590Z,-0.0004346321314929096504544969931,-0.1582499330688249107493783783,-0.8349428848229632497235848302,-1.779618185185711572988882154
2025-08-23T14:32:47.978441Z,-0.0004346321314929096504544969931,-0.1582499330688249107493783783,-0.8349428848229632497235848302,-1.779618185185711572988882154
2025-08-23T14:32:48.027609Z,-0.0004346321314929096504544969931,-0.1581537228915049976392955778,-0.8349236443434822978461848187,-1.761685540990308442342331653
2025-08-23T14:32:48.092232Z,-0.0004346321314929096504544969931,-0.1581537228915049976392955778,-0.8349236443434822978461848187,-1.761685540990308442342331653
2025-08-23T14:32:48.146447Z,-0.0004346321314929096504544969931,-0.1581537228915049976392955778,-0.8349236443434822978461848187,-1.779456281772532405411117881
2025-08-23T14:32:48.172222Z,-0.0004346321314929096504544969931,-0.1588432314933747068351944064,-0.8350615351719750244730487440,-1.779525207909974472751021027
2025-08-23T14:32:48.268130Z,-0.0004346321314929096504544969931,-0.1564752490605100503682138223,-0.8339469452519547254139794992,-1.760092516882959173743455690
2025-08-23T14:32:48.329533Z,-0.0004346321314929096504544969931,-0.1558979952114839544900172171,-0.8338315022620646599614229213,-1.760034809157160066712555127
2025-08-23T14:32:48.378387Z,-0.0004346321314929096504544969931,-0.1572769950299381131654288561,-0.8341072819979760920164901169,-1.766936415740063559733645260
2025-08-23T14:32:48.434293Z,-0.0004346321314929096504544969931,-0.1569562956442515141388222851,-0.8340431467887878644450184486,-1.766904356396957001365136062
2025-08-23T14:32:48.446333Z,-0.0004346321314929096504544969931,-0.1569562956442515141388222851,-0.8340431467887878644450184486,-1.766904356396957001365136062
2025-08-23T14:32:48.549630Z,-0.0004346321314929096504544969931,-0.1572930294872257922181116164,-0.8341104873334505970824101204,-1.777484805029458713924392177
2025-08-23T14:32:48.598998Z,-0.0004346321314929096504544969931,-0.1554810938456394423096038532,-0.8337481297688109112484229916,-1.777303678569893388649833973
2025-08-23T14:32:48.658865Z,-0.0004346321314929096504544969931,-0.1560904123846165781820841767,-0.8338699825847251232106032159,-1.767561905922745094817824594
2025-08-23T14:32:48.710615Z,-0.0004346321314929096504544969931,-0.1566516323413767659483805672,-0.8339822187961620070407797509,-1.767618010259317611037535135
2025-08-23T14:32:48.769662Z,-0.0004346321314929096504544969931,-0.1584635918268818495579117543,-0.8372148827986206340822088422,-1.766899068840644432538421589
2025-08-23T14:32:48.829633Z,-0.0004346321314929096504544969931,-0.08175641250813902995236909934,-0.7984925855348428715745066176,-1.713086904031443374626428250
2025-08-23T14:32:48.834553Z,-0.0004346321314929096504544969931,-0.08175641250813902995236909934,-0.7984925855348428715745066176,-1.713086904031443374626428250
2025-08-23T14:32:48.937814Z,-0.0004346321314929096504544969931,-0.08167374321664199477372247165,-0.7984316574883226298651471232,-1.706531069220686768315821787
2025-08-23T14:32:48.984143Z,-0.0004346321314929096504544969931,-0.08136061993841001917466574507,-0.7983386631871756747870291690,-1.706484585839259216472140537
2025-08-23T14:32:49.029629Z,-0.0004346321314929096504544969931,-0.08070318770940304450246203890,-0.7982071873498753453315271760,-1.706418864443584162578842812
2025-08-23T14:32:49.087278Z,-0.0004346321314929096504544969931,-0.08123234010764012442127101821,-0.7983130089891052067495066817,-1.706471761494053167592454838
2025-08-23T14:32:49.155303Z,-0.0004346321314929096504544969931,-0.08123234010764012442127101821,-0.7983130089891052067495066817,-1.706471761494053167592454838
2025-08-23T14:32:49.205035Z,-0.0004346321314929096504544969931,-0.08028628254487370307401833009,-0.7981238151573870316116207245,-1.706377192116485931414267313
2025-08-23T14:32:49.241506Z,-0.0004346321314929096504544969931,-0.08028628254487370307401833009,-0.7981238151573870316116207245,-1.706377192116485931414267313
2025-08-23T14:32:49.328492Z,-0.0004346321314929096504544969931,-0.08054283934653406735746228382,-0.7981751212134685717288401411,-1.706402836883039146055650385
2025-08-23T14:32:49.379417Z,-0.0004346321314929096504544969931,-0.08054283934653406735746228382,-0.7981751212134685717288401411,-1.706402836883039146055650385
2025-08-23T14:32:49.437438Z,-0.0004346321314929096504544969931,-0.08054283934653406735746228382,-0.7981751212134685717288401411,-1.706402836883039146055650385
2025-08-23T14:32:49.485952Z,-0.0004346321314929096504544969931,-0.08136061993841001917466574507,-0.7983386631871756747870291690,-1.706484585839259216472140537
2025-08-23T14:32:49.522195Z,-0.0004346321314929096504544969931,-0.1053508129424582263106038548,-0.8101840362834380427332919477,-1.698374716165007741015577954
2025-08-23T14:32:49.578847Z,-0.0004346321314929096504544969931,-0.2502337135451756420157664544,-0.8774268915192535732085452328,-1.800204426471826297703973185
2025-08-23T14:32:49.616978Z,-0.0004346321314929096504544969931,-0.2248127883550577684778091828,-0.8655814202865329712152266587,-1.783282006294081749001421812
2025-08-23T14:32:49.709879Z,-0.0004346321314929096504544969931,-0.08214344258116200899662434262,-0.8016513970680498747325002218,-1.701155844352670421105944929
2025-08-23T14:32:49.769887Z,-0.0004346321314929096504544969931,-0.08086336440127272457800805747,-0.7960083459626564941885555014,-1.714676721306445077297803374
2025-08-23T14:32:49.814620Z,-0.0004346321314929096504544969931,-0.1063289415494974500784793508,-0.8081488351385126966694096300,-1.729712621498043959823822735
2025-08-23T14:32:49.869181Z,-0.0004346321314929096504544969931,-0.1045746633719812570978143524,-0.8073313884275631006534563707,-1.735182271311023926803081177
2025-08-23T14:32:49.937338Z,-0.0004346321314929096504544969931,-0.1045746633719812570978143524,-0.8073313884275631006534563707,-1.727089789931425046189443194
2025-08-23T14:32:49.989665Z,-0.0004346321314929096504544969931,-0.1045746633719812570978143524,-0.8073313884275631006534563707,-1.720415424438052164809201058
2025-08-23T14:32:50.050585Z,-0.0004346321314929096504544969931,-0.1045615005378789943290503379,-0.8073252548989234727124691569,-1.726965532412408695198266791
2025-08-23T14:32:50.099975Z,-0.0004346321314929096504544969931,-0.1045717733986272491832501643,-0.8073300417772751112299685113,-1.726972761575633618673673980
2025-08-23T14:32:50.146441Z,-0.0004346321314929096504544969931,-0.1045717733986272491832501643,-0.8073300417772751112299685113,-1.726972761575633618673673980
2025-08-23T14:32:50.226820Z,-0.0004346321314929096504544969931,-0.1045717733986272491832501643,-0.8073300417772751112299685113,-1.722892382152213996519378965
2025-08-23T14:32:50.246103Z,-0.0004346321314929096504544969931,-0.1045717733986272491832501643,-0.8073300417772751112299685113,-1.722892382152213996519378965
2025-08-23T14:32:50.348306Z,-0.0004346321314929096504544969931,-0.1044434934026971444625497703,-0.8073043873340721210304449812,-1.716354175219249092151269541
2025-08-23T14:32:50.401142Z,-0.0004346321314929096504544969931,-0.1044434934026971444625497703,-0.8073043873340721210304449812,-1.716354175219249092151269541
2025-08-23T14:32:50.442700Z,-0.0004346321314929096504544969931,-0.1048924737491971801241161593,-0.8073941771794400051842920644,-1.723282003874050040848900878
2025-08-23T14:32:50.520062Z,-0.0004346321314929096504544969931,-0.1048924737491971801241161593,-0.8073941771794400051842920644,-1.723282003874050040848900878
2025-08-23T14:32:50.579189Z,-0.0004346321314929096504544969931,-0.1008998357829417580339467688,-0.8065957118255101505509201314,-1.694631035894833453965481429
2025-08-23T14:32:50.632738Z,-0.0004346321314929096504544969931,-0.1012846604629884010157700619,-0.8066726705375873561688185955,-1.689667271453800581998501997
2025-08-23T14:32:50.683103Z,-0.0004346321314929096504544969931,-0.1044434934026971444625497703,-0.8073043873340721210304449812,-1.678064168549819034392570955
2025-08-23T14:32:50.748494Z,-0.0004346321314929096504544969931,-0.1043152143542650863963924142,-0.8072787346363517709064466072,-1.720368627816378181762548905
2025-08-23T14:32:50.819775Z,-0.0004346321314929096504544969931,-0.1071403701753171282481634728,-0.8112524127025065191559982950,-1.740664044028582625936941919
2025-08-23T14:32:50.878686Z,-0.0004346321314929096504544969931,-0.2510130719872941381207888764,-0.8756730742221725582573302991,-1.810677027162291594436239314
2025-08-23T14:32:50.920660Z,-0.0004346321314929096504544969931,-0.2520482357781955751580441954,-0.8759955359437947635781577013,-1.810838211208006549732368746
2025-08-23T14:32:50.998453Z,-0.0004346321314929096504544969931,-0.2712326172899356627094714991,-0.8852312089184079442408699979,-1.857175174149054394776278109
2025-08-23T14:32:51.059128Z,-0.0004346321314929096504544969931,-0.3260900712070859988778667629,-0.9107376234028192760914992779,-1.880978826644496950903476331
2025-08-23T14:32:51.107912Z,-0.0004346321314929096504544969931,-0.3260900712070859988778667629,-0.9107376234028192760914992779,-1.879071814027169636877458469
2025-08-23T14:32:51.176410Z,-0.0004346321314929096504544969931,-0.3260900712070859988778667629,-0.9107376234028192760914992779,-1.890392241247084759307027745
2025-08-23T14:32:51.238888Z,-0.0004346321314929096504544969931,-0.1819447740940821227850548960,-0.8436422779730652383264002989,-1.781759977307856414755187150
2025-08-23T14:32:51.293560Z,-0.0004346321314929096504544969931,-0.1830832662326517128004769479,-0.8467402593980179818613234036,-1.787525062968851262495510793
2025-08-23T14:32:51.359870Z,-0.0004346321314929096504544969931,-0.2065230899145656658088332287,-0.8550500375995910633201209512,-1.805032477161928676606442735
2025-08-23T14:32:51.374138Z,-0.0004346321314929096504544969931,-0.2065230899145656658088332287,-0.8550500375995910633201209512,-1.805032477161928676606442735
2025-08-23T14:32:51.475510Z,-0.0004346321314929096504544969931,-0.1817596415901746712649007650,-0.8433360617400158371256073386,-1.785855984345941446446171702
2025-08-23T14:32:51.539678Z,-0.0004346321314929096504544969931,-0.1824170824944389905355810942,-0.8463378406980226802346648419,-1.792436807446187217877566997
2025-08-23T14:32:51.583763Z,-0.0004346321314929096504544969931,-0.2085041621720271368656147439,-0.8557410701173328555856943963,-1.761624089790999750825399015
2025-08-23T14:32:51.625403Z,-0.0004346321314929096504544969931,-0.2085041621720271368656147439,-0.8557410701173328555856943963,-1.761624089790999750825399015
2025-08-23T14:32:51.677947Z,-0.0004346321314929096504544969931,-0.1830829327741877888103349262,-0.8439211119454599262003333368,-1.782429104902507014636628197
2025-08-23T14:32:51.765607Z,-0.0004346321314929096504544969931,-0.1823084016694567876347854002,-0.8439527545832718872157435232,-1.782593113756311238852392104
2025-08-23T14:32:51.828441Z,-0.0004346321314929096504544969931,-0.1777584217255564953751012204,-0.8426354987079907943176021276,-1.781213704075410761048250990
2025-08-23T14:32:51.886251Z,-0.0004346321314929096504544969931,-0.1772613535931016578912266158,-0.8425360928614149805439099498,-1.755905359048082613832437057
2025-08-23T14:32:51.925357Z,-0.0004346321314929096504544969931,-0.1772453187881082736442161351,-0.8425328859004163036945078537,-1.755903755567583275407736009
2025-08-23T14:32:51.999635Z,-0.0004346321314929096504544969931,-0.1772453187881082736442161351,-0.8425328859004163036945078537,-1.755903755567583275407736009
2025-08-23T14:32:52.059354Z,-0.0004346321314929096504544969931,-0.1767322186323056934679528127,-0.8424302736491709413823379323,-1.777843390210597956889968921
2025-08-23T14:32:52.109261Z,-0.0004346321314929096504544969931,-0.1817510989912492470541612050,-0.8463042720348602785913729086,-1.783881827253460030338192042
2025-08-23T14:32:52.152464Z,-0.0004346321314929096504544969931,-0.1775339384194941551322905031,-0.8425906051587443877582730814,-1.776945159332010400051495215
2025-08-23T14:32:52.238328Z,-0.0004346321314929096504544969931,-0.1817510989912492470541612050,-0.8463042720348602785913729086,-1.783881827253460030338192042
2025-08-23T14:32:52.290066Z,-0.0004346321314929096504544969931,-0.1781432502651364660139622095,-0.8427124581919746654669081309,-1.892422471991979472498282442
2025-08-23T14:32:52.359744Z,-0.0004346321314929096504544969931,-0.1817510989912492470541612050,-0.8463042720348602785913729086,-1.759835910379376044719821568
2025-08-23T14:32:52.414216Z,-0.0004346321314929096504544969931,-0.1771330776566356613143023570,-0.8425104392301048119731416467,-1.752859170508923367096861204
2025-08-23T14:32:52.469560Z,-0.0004346321314929096504544969931,-0.1767642881553660356633918439,-0.8424366875537830098214257386,-1.729943920240135991178358554
2025-08-23T14:32:52.503101Z,-0.0004346321314929096504544969931,-0.1767642881553660356633918439,-0.8424366875537830098214257386,-1.729659696904067517841540340
2025-08-23T14:32:52.587098Z,-0.0004346179262944497335031530444,-0.2805693276917029047471794926,-1.095976997164769957818157163,-2.048827657298549701710851736
2025-08-23T14:32:52.647344Z,-0.0004346179262944497335031530444,-0.5682557027109075843653154902,-1.194452479252318089037132234,-2.184329547492765241344421016
2025-08-23T14:32:52.709911Z,-0.0004346179262944497335031530444,-0.5689504481584477881533149504,-1.201156392965013474242259944,-2.265986861870382591987427373
2025-08-23T14:32:52.766405Z,-0.0004346179262944497335031530444,-0.3074678428065191819708314871,-1.104418901418875413077175322,-2.119132554515973621299581485
2025-08-23T14:32:52.827702Z,-0.0004346179262944497335031530444,-0.2945029025914745782196007035,-1.098417519469470589730891099,-2.153915983849597858898247903
2025-08-23T14:32:52.888152Z,-0.0004346179262944497335031530444,-0.2962024201438454950656740283,-1.098757396529097778819894983,-2.077032509227916465565330354
2025-08-23T14:32:52.938000Z,-0.0004346179262944497335031530444,-0.2972606246459222081719904827,-1.098969020314259183965727769,-2.072773471008702572047156914
2025-08-23T14:32:52.997830Z,-0.0004346179262944497335031530444,-0.2972606246459222081719904827,-1.098969020314259183965727769,-2.072773471008702572047156914
2025-08-23T14:32:53.041752Z,-0.0004346179262944497335031530444,-0.2971644237151009954271674885,-1.098949781684027117550893216,-2.214057032112397411154860234
2025-08-23T14:32:53.110129Z,-0.0004346179262944497335031530444,-0.3459926874925435862020108468,-1.118615656611853378165621157,-2.037133030884167151446745288
2025-08-23T14:32:53.169693Z,-0.0004346179262944497335031530444,-0.3445555761545136266844975915,-1.118057737091358643887761659,-2.029423878479089336366676714
2025-08-23T14:32:53.190287Z,-0.0004346179262944497335031530444,-0.3445555761545136266844975915,-1.118057737091358643887761659,-2.029423878479089336366676714
2025-08-23T14:32:53.289050Z,-0.0004346179262944497335031530444,-0.3022099274470564740360337377,-1.102362800754409796461905847,-2.298555771675210892916010303
2025-08-23T14:32:53.339707Z,-0.0004346179262944497335031530444,-0.3022099274470564740360337377,-1.102362800754409796461905847,-2.050723141520071851035574998
2025-08-23T14:32:53.409289Z,-0.0004346179262944497335031530444,-0.2981853120263343693900332983,-1.098687733605288257079980347,-2.073012389429831261763205811
2025-08-23T14:32:53.440310Z,-0.0004346179262944497335031530444,-0.2972393111392791818230613922,-1.098498547431266804773756379,-2.072917819029876288180369916
2025-08-23T14:32:53.518258Z,-0.0004346179262944497335031530444,-0.2982884425749112890485192241,-1.098843616899074980936571208,-2.073309462827454727480435131
2025-08-23T14:32:53.572692Z,-0.0004346179262944497335031530444,-0.2608985415222014788744178021,-1.084907477238950545478093844,-2.056095375552263566218278596
2025-08-23T14:32:53.628648Z,-0.0004346179262944497335031530444,-0.1366332207687391494918338551,-1.015649467153641565815387778,-2.055866985367935584407908047
2025-08-23T14:32:53.687964Z,-0.0004346179262944497335031530444,-0.1392682235665920500123540146,-1.018967079906896147829202978,-1.918150627649566696792932591
2025-08-23T14:32:53.736385Z,-0.0004346179262944497335031530444,-0.1404810242553745396037979522,-1.019441386850156560242499418,-1.918387725295393506330101442
2025-08-23T14:32:53.802970Z,-0.0004346179262944497335031530444,-0.1402696761205482357445863448,-1.007727442889357358722553606,-1.897658649964589504455159708
2025-08-23T14:32:53.868053Z,-0.0004346179262944497335031530444,-0.1402696761205482357445863448,-1.007676139852225558880624146,-1.897633005424249029117879899
2025-08-23T14:32:53.920043Z,-0.0004346179262944497335031530444,-0.1651370374312515931463360731,-1.022447966393603467207968807,-1.914991806016980956998250446
2025-08-23T14:32:53.986166Z,-0.0004346179262944497335031530444,-0.1645117075942746042097526959,-1.022140143336122856056933210,-1.914837929353290698763490269
2025-08-23T14:32:54.038412Z,-0.0004346179262944497335031530444,-0.1633782308573077636017482941,-1.021913472275179209269183438,-1.896917204108964798772986670
2025-08-23T14:32:54.095045Z,-0.0004346179262944497335031530444,-0.1638752881766756639821041723,-1.026085546936454295687525357,-1.902835393030858090075869078
2025-08-23T14:32:54.149415Z,-0.0004346179262944497335031530444,-0.1638752881766756639821041723,-1.026085546936454295687525357,-1.962227684456085444145837784
2025-08-23T14:32:54.200283Z,-0.0004346179262944497335031530444,-0.1666862657910274432970289736,-1.023093152473747447434591632,-1.852626331263610331998114627
2025-08-23T14:32:54.259317Z,-0.0004346179262944497335031530444,-0.1666862657910274432970289736,-1.023019402213465636825003048,-1.839811753700282697230158225
2025-08-23T14:32:54.316372Z,-0.0004346179262944497335031530444,-0.1667885226967260014303275954,-1.027051988189692470874622942,-1.825089074282505563652728977
2025-08-23T14:32:54.357046Z,-0.0004346179262944497335031530444,-0.1771619239231743276406352984,-1.029200538639380773763332720,-1.822915346949188600927952734
2025-08-23T14:32:54.417579Z,-0.0004346179262944497335031530444,-0.1771619239231743276406352984,-1.029104343767133453563139011,-1.830206308340991663376246783
2025-08-23T14:32:54.487914Z,-0.08865464707611876630224677910,-0.5515995830971003813120376344,-1.179054141591131881984717530,-1.997205678941218577395565115
2025-08-23T14:32:54.542735Z,-0.08558693990516202230328812365,-0.5500768217086438768962108488,-1.178480416158833728871864422,-1.988952251728095202187518947
2025-08-23T14:32:54.607672Z,-0.08558693990516202230328812365,-0.5487105283193781139016237978,-1.177937985882305900177389307,-1.988304797852465902593864977
2025-08-23T14:32:54.669334Z,-0.0004346179262944497335031530444,-0.3697841846013564860097576071,-1.113837320377083205211590478,-1.916676184263223739352675714
2025-08-23T14:32:54.718874Z,-0.0004346179262944497335031530444,-0.3625528297516832209012976170,-1.109520955132001070029334537,-1.910506309703953480235641147
2025-08-23T14:32:54.767812Z,-0.0004346179262944497335031530444,-0.1752306811745027916595950708,-1.032230384918062568900523128,-1.828519694547913692702960596
2025-08-23T14:32:54.828912Z,-0.0004346179262944497335031530444,-0.1751387661588228634237070606,-1.032133658243843691401279906,-1.828403196892134132653648846
2025-08-23T14:32:54.885009Z,-0.0004346179262944497335031530444,-0.1751387661588228634237070606,-1.028157178131851344153726099,-1.822936989297316256036028088
2025-08-23T14:32:54.938064Z,-0.0004346179262944497335031530444,-0.3305777036483784513824435654,-1.099286091571823980609086600,-1.907157395938017399059443346
2025-08-23T14:32:55.005284Z,-0.0004346179262944497335031530444,-0.3214063236734428671918444815,-1.091301514340109823603795345,-1.882857014113999847449107871
2025-08-23T14:32:55.067521Z,-0.0004346179262944497335031530444,-0.3305777036483784513824435654,-1.096005855047533076054008231,-1.888751068797192715890478890
2025-08-23T14:32:55.122407Z,-0.0004346179262944497335031530444,-0.3220636851036661543245678866,-1.091432977290561424225559750,-1.891133598507348193934341835
2025-08-23T14:32:55.185913Z,-0.0004346179262944497335031530444,-0.3215025220400183147994140481,-1.091320752457492736991179212,-1.896966506779713686748695005
2025-08-23T14:32:55.247252Z,-0.0004346179262944497335031530444,-0.3220316172372077275936531006,-1.091426563717269738879376793,-1.896484584174300911632831299
2025-08-23T14:32:55.309669Z,-0.0004346179262944497335031530444,-0.2228676876913812874817215998,-1.026497834838668739214684523,-1.819370158499507686543989962
2025-08-23T14:32:55.332909Z,-0.0004346179262944497335031530444,-0.2225470125819716572611725600,-1.026433706586395633132923764,-1.819338099940826769335010669
2025-08-23T14:32:55.382163Z,-0.0004346179262944497335031530444,-0.2249028810344254340148939217,-1.031054681132779470735327896,-1.825071828246818651106765415
2025-08-23T14:32:55.469455Z,-0.0004346179262944497335031530444,-0.2249028810344254340148939217,-1.031054681132779470735327896,-1.825071828246818651106765415
2025-08-23T14:32:55.529762Z,-0.0004346179262944497335031530444,-0.2222904740747147330913525592,-1.026382405654553068261308813,-1.819312455042361122731104279
2025-08-23T14:32:55.573322Z,-0.0004346179262944497335031530444,-0.2006429446407589472076124199,-1.016369424044758692521507611,-1.809665150350204259559910234
2025-08-23T14:32:55.602769Z,-0.0004346179262944497335031530444,-0.2006429446407589472076124199,-1.016369424044758692521507611,-1.809665150350204259559910234
2025-08-23T14:32:55.656627Z,-0.0004346179262944497335031530444,-0.2006429446407589472076124199,-1.016369424044758692521507611,-1.809665150350204259559910234
2025-08-23T14:32:55.747189Z,-0.0004346179262944497335031530444,-0.2249028810344254340148939217,-1.031054681132779470735327896,-1.825071828246818651106765415
2025-08-23T14:32:55.791389Z,-0.0004346179262944497335031530444,-0.2225309786661271609474931564,-1.026430499803226733870187883,-1.819336496549242319703642728
2025-08-23T14:32:55.862324Z,-0.0004346179262944497335031530444,-0.2003639018780492522072614659,-1.011745242715205955656367598,-1.803929818652627928156787548
2025-08-23T14:32:55.929809Z,-0.0004346179262944497335031530444,-0.2003639018780492522072614659,-1.011745242715205955656367598,-1.803929818652627928156787548
2025-08-23T14:32:55.988711Z,-0.0004346179262944497335031530444,-0.2006429446407589472076124199,-1.016369424044758692521507611,-1.805332716991800715511492059
2025-08-23T14:32:56.037448Z,-0.0004346179262944497335031530444,-0.2005422374782772527713955343,-1.012017788616183041947366465,-1.799839458709449875840523906
2025-08-23T14:32:56.089519Z,-0.0004346179262944497335031530444,-0.2065602187345099454706618775,-1.023477973207977933578646178,-1.813576911286006193740067622
2025-08-23T14:32:56.146516Z,-0.0004346179262944497335031530444,-0.2044520398466407185277404670,-1.018472293758256382418574875,-1.807443981428776009438162887
2025-08-23T14:32:56.209132Z,-0.0004346179262944497335031530444,-0.1945510757815027914422861077,-1.012065672974783685225359174,-1.800923541600650014570565979
2025-08-23T14:32:56.269317Z,-0.0004346179262944497335031530444,-0.1954899203019377657552801189,-1.016680233954829724302291545,-1.806548239278899321409300780
2025-08-23T14:32:56.329285Z,-0.0004346179262944497335031530444,-0.1950638293272788158747674522,-1.012293328419253313364088347,-1.801037349539946059569167596
2025-08-23T14:32:56.379062Z,-0.0004346179262944497335031530444,-0.1954899203019377657552801189,-1.016680233954829724302291545,-1.806548239278899321409300780
2025-08-23T14:32:56.446439Z,-0.0004346179262944497335031530444,-0.1953165951597036166513427629,-1.012405552595179696041260887,-1.808418018203102606990438188
2025-08-23T14:32:56.508528Z,-0.0004346179262944497335031530444,-0.2184123786660836991548637114,-1.026936901879135797022997590,-2.056685784017056145899499385
2025-08-23T14:32:56.569336Z,-0.0004346179262944497335031530444,-0.1954899203019377657552801189,-1.016680233954829724302291545,-1.902638195034359806708023460
2025-08-23T14:32:56.628583Z,-0.0004346179262944497335031530444,-0.2199496854822183681270336044,-1.031365491042850502516111830,-1.919045797089494132983958470
2025-08-23T14:32:56.671940Z,-0.0004346179262944497335031530444,-0.2181237694065053176589826942,-1.026879186796828940686170436,-1.908392902661448064353007111
2025-08-23T14:32:56.738702Z,-0.0004346179262944497335031530444,-0.2181237694065053176589826942,-1.026879186796828940686170436,-2.030802424390062634962447925
2025-08-23T14:32:56.800002Z,-0.0004346179262944497335031530444,-0.1942910880681515677863800738,-1.011950244166177902590388033,-1.852779807652013595717970343
2025-08-23T14:32:56.856149Z,-0.0004346179262944497335031530444,-0.1956901084393457000966807577,-1.013021095045073138591181646,-1.990901105541096058602142710
2025-08-23T14:32:56.903082Z,-0.0004346179262944497335031530444,-0.2642836362221879839878063595,-1.083484673220560122544870498,-1.976232850517727739250105884
2025-08-23T14:32:56.979923Z,-0.0004346179262944497335031530444,-0.1666145258264096886766601264,-1.022009379645929813985700636,-1.899041128838355379689826225
2025-08-23T14:32:57.039783Z,-0.0004346179262944497335031530444,-0.1666145258264096886766601264,-1.021804170324157607237083861,-1.898938545039129738449105046
2025-08-23T14:32:57.087275Z,-0.0004346179262944497335031530444,-0.1662136814072406911902729031,-1.021566900990342137750847885,-1.898819935406214558266291707
2025-08-23T14:32:57.146488Z,-0.0004346179262944497335031530444,-0.1666145258264096886766601264,-1.021759280599546736964667518,-1.898916104349156395739614316
2025-08-23T14:32:57.209375Z,-0.0004346179262944497335031530444,-0.1666145258264096886766601264,-1.021759280599546736964667518,-1.898916104349156395739614316
2025-08-23T14:32:57.269550Z,-0.0004346179262944497335031530444,-0.1666145258264096886766601264,-1.021759280599546736964667518,-1.898916104349156395739614316
2025-08-23T14:32:57.329879Z,-0.0004346179262944497335031530444,-0.1661816138537071713913619253,-1.021560487479635433791065690,-1.898816728650861206286400610
2025-08-23T14:32:57.378108Z,-0.0004346179262944497335031530444,-0.1658609399525353762693831446,-1.021496363227585721323420278,-1.898784674869500534906012787
2025-08-23T14:32:57.417824Z,-0.0004346179262944497335031530444,-0.1658609399525353762693831446,-1.021496363227585721323420278,-1.898784674869500534906012787
2025-08-23T14:32:57.477524Z,-0.0004346179262944497335031530444,-0.1663098839026864385951149380,-1.021586138857385125592628706,-1.898829552253570005973823397
2025-08-23T14:32:57.504660Z,-0.0004346179262944497335031530444,-0.1663098839026864385951149380,-1.021586138857385125592628706,-1.898829552253570005973823397
2025-08-23T14:32:57.592141Z,-0.0004346179262944497335031530444,-0.1663098839026864385951149380,-1.021586138857385125592628706,-1.898829552253570005973823397
2025-08-23T14:32:57.671391Z,-0.0004346179262944497335031530444,-0.1663098839026864385951149380,-1.021586138857385125592628706,-1.898829552253570005973823397
2025-08-23T14:32:57.717123Z,-0.0004346179262944497335031530444,-0.1664541878848949191643253437,-1.021614997021780660067283201,-1.898843979249601726997791924
2025-08-23T14:32:57.796683Z,-0.0004346179262944497335031530444,-0.1699054223062869873437086773,-1.017160025056592686727616036,-1.881023707424773612954917300
2025-08-23T14:32:57.849156Z,-0.0004346179262944497335031530444,-0.1536640114321899332492057901,-1.002503626263352820876785166,-1.865880743648656606855272013
2025-08-23T14:32:57.909733Z,-0.0004346179262944497335031530444,-0.1536640114321899332492057901,-1.003141700958093487619799715,-1.866199723445659612020923376
2025-08-23T14:32:57.965912Z,-0.0004346179262944497335031530444,-0.2505476374321642907915544175,-1.075620144398329067920568359,-1.975796460828864193415408031
2025-08-23T14:32:58.007239Z,-0.0004346179262944497335031530444,-0.2508362384253097141670015036,-1.075677859903084548615600654,-1.975825311689070858585540305
2025-08-23T14:32:58.087121Z,-0.0004346179262944497335031530444,-0.2184906559275474532150100516,-1.065296143156191034571031020,-1.963997533635407279372185713
2025-08-23T14:32:58.111590Z,-0.0004346179262944497335031530444,-0.2116512162022085979160505052,-1.060934887310308289706748074,-1.957614386752150217863101003
2025-08-23T14:32:58.194247Z,-0.0004346179262944497335031530444,-0.2101761422660935215199979660,-1.060639899043471136914860304,-1.957116481626201202457416679
2025-08-23T14:32:58.258897Z,-0.0004346179262944497335031530444,-0.2579794664152257090411176808,-1.079981400244211812784851305,-1.980840999342205768553350328
2025-08-23T14:32:58.307663Z,-0.0004346179262944497335031530444,-0.2504193733374506138217627538,-1.075594494708635401846648107,-1.973647869937108612975561651
2025-08-23T14:32:58.366955Z,-0.0004346179262944497335031530444,-0.2506117735475449193924997550,-1.075632971621405193640757426,-1.971061463808822005053302629
2025-08-23T14:32:58.417206Z,-0.0004346179262944497335031530444,-0.2107373078505253335529602588,-1.060752121552203154326523667,-1.952421677432225137301235640
2025-08-23T14:32:58.476620Z,-0.0004346179262944497335031530444,-0.1263760235284760578763307729,-0.9981746484947116777273307093,-1.873156956923496162215056338
2025-08-23T14:32:58.535785Z,-0.0004346179262944497335031530444,-0.1263760235284760578763307729,-0.9981554100904809329856100178,-1.873147339817108430436032608
2025-08-23T14:32:58.585838Z,-0.0004346179262944497335031530444,-0.1263760235284760578763307729,-0.9981554100904809329856100178,-1.873147339817108430436032608
2025-08-23T14:32:58.616088Z,-0.0004346179262944497335031530444,-0.1263760235284760578763307729,-0.9981554100904809329856100178,-1.873147339817108430436032608
2025-08-23T14:32:58.689595Z,-0.0004346179262944497335031530444,-0.1263760235284760578763307729,-0.9981554100904809329856100178,-1.873147339817108430436032608
2025-08-23T14:32:58.714685Z,-0.0004346179262944497335031530444,-0.1263760235284760578763307729,-0.9982099185617275888723033859,-1.873174587765548836603869447
2025-08-23T14:32:58.808962Z,-0.0004346179262944497335031530444,-0.1263760235284760578763307729,-1.002580792455380493869388186,-1.865190485938045649224652485
2025-08-23T14:32:58.869502Z,-0.0004346179262944497335031530444,-0.1426174344025731119708336602,-1.012414218172548966771938372,-1.882803008442670527232833298
2025-08-23T14:32:58.926504Z,-0.0004346179262944497335031530444,-0.1210039716255340639405546985,-0.5919295348184372747456778877,-1.648358719082747558914089726
2025-08-23T14:32:58.989829Z,-0.0004346179262944497335031530444,-0.1330848063005691539053788966,-0.6015146031197309367341896321,-1.663421138805013665474147513
2025-08-23T14:32:59.014723Z,-0.0004346179262944497335031530444,-0.1330848063005691539053788966,-0.6015146031197309367341896321,-1.663421138805013665474147513
2025-08-23T14:32:59.096845Z,-0.0004346179262944497335031530444,-0.1194727506686053523632241088,-0.6091298167585630053655756091,-1.681598648964099038125336421
2025-08-23T14:32:59.149336Z,-0.0004346179262944497335031530444,-0.1197975363509000828599076480,-0.6091947689455930068237187518,-1.681631117967257189286755040
2025-08-23T14:32:59.209865Z,-0.0004346179262944497335031530444,-0.1201983646718210903998767424,-0.6092749280105386154767878171,-1.681671188045920860856418970
2025-08-23T14:32:59.268391Z,-0.0004346179262944497335031530444,-0.1073281952946959445583988502,-0.5995322270417969886627740836,-1.666530287600154984752516601
2025-08-23T14:32:59.329253Z,-0.0004346179262944497335031530444,-0.1070716652103344319750146847,-0.5994809259743536307872908157,-1.666504644156790155382427919
2025-08-23T14:32:59.380041Z,-0.0004346179262944497335031530444,-0.1070716652103344319750146847,-0.5994809259743536307872908157,-1.666504644156790155382427919
2025-08-23T14:32:59.437235Z,-0.0004346179262944497335031530444,-0.1067991007320487041540564086,-0.5994264163783157816505615372,-1.666477394085675797192498582
2025-08-23T14:32:59.483755Z,-0.0004346179262944497335031530444,-0.1067991007320487041540564086,-0.5994264163783157816505615372,-1.666477394085675797192498582
2025-08-23T14:32:59.557774Z,-0.0004346179262944497335031530444,-0.1063181091164804292634334425,-0.5993302263042503677410928859,-1.666429310865904506183852510
2025-08-23T14:32:59.615463Z,-0.0004346179262944497335031530444,-0.1101821487640661375483159316,-0.6002729146343026979125083691,-1.699845509772275418249128645
2025-08-23T14:32:59.676955Z,-0.0004346179262944497335031530444,-0.1089635962634158404760978612,-0.5998592808385865964266148718,-1.699638753422779151291152070
2025-08-23T14:32:59.719190Z,-0.0004346179262944497335031530444,-0.1064624073356552071682403820,-0.5993590842982756751083230854,-1.686771517566278690487495716
2025-08-23T14:32:59.786263Z,-0.0004346179262944497335031530444,-0.1079695259557085217492589221,-0.5996604832751416148185589678,-1.686922173805881814781920677
2025-08-23T14:32:59.842032Z,-0.0004346179262944497335031530444,-0.1166378994307157092432150166,-0.6120950279248536913078370522,-1.691853259648789599940718115
2025-08-23T14:32:59.898872Z,-0.0004346179262944497335031530444,-0.1177901111296306638593246081,-0.6126102389585859097302913266,-1.692518813573900150442995187
2025-08-23T14:32:59.967131Z,-0.0004346179262944497335031530444,-0.1173572155072545337712253813,-0.6125236713827782212087897999,-1.692030002726358251645083178
2025-08-23T14:33:00.039140Z,-0.0004346179262944497335031530444,-0.1186420934154732239501423700,-0.6143217688028210180359920143,-1.695136801846604645239858028
2025-08-23T14:33:00.094288Z,-0.0004346179262944497335031530444,-0.1151767321643125224507322551,-0.6120876324575275064252827679,-1.677243426047043478960037534
2025-08-23T14:33:00.159957Z,-0.0004346179262944497335031530444,-0.1304387179118868654768421444,-0.6243213126886920890627746921,-1.692863808767243194589528359
2025-08-23T14:33:00.210323Z,-0.0004346179262944497335031530444,-0.1307045516014258075690015718,-0.6233292903684538662850141783,-1.690870500953225766845301878
2025-08-23T14:33:00.269897Z,-0.0004346179262944497335031530444,-0.1202711183045207000912480336,-0.6171168966750207475732564813,-1.751748945024526576125611535
2025-08-23T14:33:00.326864Z,-0.0004346179262944497335031530444,-0.1311695162724211239089188597,-0.6234222750536046884843416940,-1.671697949229237704061265481
2025-08-23T14:33:00.340132Z,-0.0004346179262944497335031530444,-0.1311695162724211239089188597,-0.6234222750536046884843416940,-1.671697949229237704061265481
2025-08-23T14:33:00.411644Z,-0.0004346179262944497335031530444,-0.1181386558354084528405867081,-0.6136472411953470674046768800,-1.656095059847540377635169978
2025-08-23T14:33:00.499317Z,-0.0004346179262944497335031530444,-0.1195744696650812529078655631,-0.6170732212607266420571509535,-1.656925099484260637762691224
2025-08-23T14:33:00.554260Z,-0.0004346179262944497335031530444,-0.1110733904001157822155648414,-0.6104083751169937130343871876,-1.646480542713489214847504522
2025-08-23T14:33:00.617834Z,-0.0004346179262944497335031530444,-0.1153542369228355429670887748,-0.6130903887592158014908698726,-1.650437182176405766249875319
2025-08-23T14:33:00.661941Z,-0.0004346179262944497335031530444,-0.1188815624601373870726809385,-0.6137957961233384828313967121,-1.679794099510555022303505433
2025-08-23T14:33:00.728602Z,-0.0004346179262944497335031530444,-0.1193946391443416114285391427,-0.6169415975433656334132523263,-1.686574085120355482694274756
2025-08-23T14:33:00.774899Z,-0.0004346179262944497335031530444,-0.1165887860143428261856431357,-0.6133372787798014795698064842,-1.671380139149882989988793377
2025-08-23T14:33:00.844381Z,-0.0004346179262944497335031530444,-0.1165406856749714184386220612,-0.6133276587119271980204022693,-1.671375329115945849214091269
2025-08-23T14:33:00.855440Z,-0.0004346179262944497335031530444,-0.1165406856749714184386220612,-0.6133276587119271980204022693,-1.671375329115945849214091269
2025-08-23T14:33:00.955662Z,-0.0004346179262944497335031530444,-0.1166208514034790730381944407,-0.6133436902078190807265855568,-1.671383342144922043669105380
2025-08-23T14:33:00.998670Z,-0.0004346179262944497335031530444,-0.1155305994967559031436566536,-0.6131256579743805770987210716,-1.671274355936870007734025998
2025-08-23T14:33:01.069772Z,-0.0004346179262944497335031530444,-0.1193946391443416114285391427,-0.6169415975433656334132523263,-1.660434402179348129610888744
2025-08-23T14:33:01.113618Z,-0.0004346179262944497335031530444,-0.1193946391443416114285391427,-0.6169415975433656334132523263,-1.655054889486874864589352339
2025-08-23T14:33:01.179907Z,-0.0004346179262944497335031530444,-0.1157069644523824994138090719,-0.6131609293156962481390203668,-1.736902131050777933491722593
2025-08-23T14:33:01.220634Z,-0.0004346179262944497335031530444,-0.1193946391443416114285391427,-0.6169415975433656334132523263,-1.628977813909207880579163156
2025-08-23T14:33:01.289379Z,-0.0004346179262944497335031530444,-0.1685329211909487339905770487,-0.6524175791494657567795507050,-1.683458584591099502949208593
2025-08-23T14:33:01.334519Z,-0.0004346179262944497335031530444,-0.1688375519362989197788750915,-0.6524785003491068492960167484,-1.787506746998256964806596109
2025-08-23T14:33:01.399819Z,-0.0004346179262944497335031530444,-0.1716563135142488400590819609,-0.6561454274765018385424827071,-1.823537170562545539809589540
2025-08-23T14:33:01.446217Z,-0.0004346179262944497335031530444,-0.1687702931519643752378174965,-0.6525250752664805487833631735,-1.793424858264357657522377934
2025-08-23T14:33:01.509413Z,-0.0004346179262944497335031530444,-0.1716563135142488400590819609,-0.6561454274765018385424827071,-1.823537170562545539809589540
2025-08-23T14:33:01.569540Z,-0.0004346179262944497335031530444,-0.1731682698751320966859731193,-0.6542650875878987592310131183,-1.600955486162525808155735772
2025-08-23T14:33:01.620111Z,-0.0004346179262944497335031530444,-0.1739699508903474183586523628,-0.6574686049246991846350393753,-1.607535683935413168445087003
2025-08-23T14:33:01.676605Z,-0.0004346179262944497335031530444,-0.1348482446151382204525546081,-0.6250816661634515443387429502,-1.552335031016725618966552456
2025-08-23T14:33:01.736248Z,-0.0004346179262944497335031530444,-0.1348482446151382204525546081,-0.6281216554057886326985231466,-1.558439060049203095435794654
2025-08-23T14:33:01.798527Z,-0.0004346179262944497335031530444,-0.1348482446151382204525546081,-0.6281216554057886326985231466,-1.558439060049203095435794654
2025-08-23T14:33:01.859131Z,-0.0004346179262944497335031530444,-0.1195885719302446920655934067,-0.6148576152714308469638569559,-1.536424316113264039299891367
2025-08-23T14:33:01.893845Z,-0.0004346179262944497335031530444,-0.1219707100809410695034468461,-0.6155815628139163790763630216,-1.536909354279889163736436389
2025-08-23T14:33:01.969686Z,-0.0004346179262944497335031530444,-0.1219707100809410695034468461,-0.6184612275600788657689053908,-1.542933240945441759785368283
2025-08-23T14:33:02.005100Z,-0.0004346179262944497335031530444,-0.1219707100809410695034468461,-0.6156136288063023076256105567,-1.527579620014416276615186898
2025-08-23T14:33:02.079347Z,-0.0004346179262944497335031530444,-0.1215538350490238155411981938,-0.6153346648206994610520404986,-1.527440168177145051342502178
2025-08-23T14:33:02.139768Z,-0.0004346179262944497335031530444,-0.1345967384880033500349758776,-0.6278685646947254551155942433,-1.516444864670625891102567006
2025-08-23T14:33:02.187115Z,-0.0004346179262944497335031530444,-0.1345967384880033500349758776,-0.6249696609984521082555023173,-1.511216255736141718474934389
2025-08-23T14:33:02.249366Z,-0.0004346179262944497335031530444,-0.1215657191112150330863761840,-0.6180934116086013495321229369,-1.502654646773624689601309765
2025-08-23T14:33:02.299631Z,-0.0004346179262944497335031530444,-0.1209083399659650701918816414,-0.6149187513461746994562712433,-1.497288188239108529094301876
2025-08-23T14:33:02.362742Z,-0.0004346179262944497335031530444,-0.1215657191112150330863761840,-0.6180934116086013495321229369,-1.501655025543147455214252513
2025-08-23T14:33:02.424212Z,-0.0004346179262944497335031530444,-0.1181025059417703248529959192,-0.6143576307360059003729673734,-1.496008064069636222622601914
2025-08-23T14:33:02.488367Z,-0.0004346179262944497335031530444,-0.1191606969272295302019256616,-0.6145692524350012593054414382,-1.496113854431244856568478509
2025-08-23T14:33:02.540057Z,-0.0004346179262944497335031530444,-0.1215657191112150330863761840,-0.6180934116086013495321229369,-1.501655025543147455214252513
2025-08-23T14:33:02.609873Z,-0.0004346179262944497335031530444,-0.1215657191112150330863761840,-0.6180934116086013495321229369,-1.501655025543147455214252513
2025-08-23T14:33:02.646793Z,-0.0004346179262944497335031530444,-0.1215657191112150330863761840,-0.6180934116086013495321229369,-1.501655025543147455214252513
2025-08-23T14:33:02.718488Z,-0.0004346179262944497335031530444,-0.1448191166086415516903051735,-0.6299845777150092910447193596,-1.516592087485980855514964656
2025-08-23T14:33:02.779675Z,-0.0004346179262944497335031530444,-0.1273092710305638537397677358,-0.6112664589569647848652130291,-1.487417188944276114507046569
2025-08-23T14:33:02.839481Z,-0.0004346179262944497335031530444,-0.1273092710305638537397677358,-0.6113337969582395192430346501,-1.487450849749757863487813205
2025-08-23T14:33:02.863153Z,-0.0004346179262944497335031530444,-0.1142783746071868854909976502,-0.6015587361049932601625079888,-1.473660761969540671871506079
2025-08-23T14:33:02.946940Z,-0.0004346179262944497335031530444,-0.1142783746071868854909976502,-0.6013823733624411445836936135,-1.473572599037364755050423285
2025-08-23T14:33:02.989935Z,-0.0004346179262944497335031530444,-0.1142783746071868854909976502,-0.6013278618818999670342302906,-1.473545349443460879931799755
2025-08-23T14:33:03.006851Z,-0.0004346179262944497335031530444,-0.1142783746071868854909976502,-0.6013278618818999670342302906,-1.473545349443460879931799755
2025-08-23T14:33:03.096293Z,-0.0004346179262944497335031530444,-0.1142783746071868854909976502,-0.6013823733624411445836936135,-1.473572599037364755050423285
2025-08-23T14:33:03.148842Z,-0.0004346179262944497335031530444,-0.1142783746071868854909976502,-0.6013823733624411445836936135,-1.473572599037364755050423285
2025-08-23T14:33:03.217345Z,-0.0004346179262944497335031530444,-0.1142783746071868854909976502,-0.6015427032791705229953085168,-1.473652747605418207839942387
2025-08-23T14:33:03.286998Z,-0.0004346179262944497335031530444,-0.1637731665936146368886745740,-0.6288885921408475006100949140,-1.509975508207216265662815155
2025-08-23T14:33:03.349520Z,-0.0004346179262944497335031530444,-0.1640754259766353749003366768,-0.6270987203396626017576383557,-1.505655777846785446297196519
2025-08-23T14:33:03.397278Z,-0.0004346179262944497335031530444,-0.1598852559823527737207401630,-0.6232226252165755453966029828,-1.500032577780201979988886820
2025-08-23T14:33:03.502116Z,-0.0004346179262944497335031530444,-0.1598852559823527737207401630,-0.6230174023868781894164884914,-1.499929986853242347519190011
2025-08-23T14:33:03.577307Z,-0.0004346179262944497335031530444,-0.1595829965993320357090780602,-0.6226715334411330663185666822,-1.499402611899882283734663148
2025-08-23T14:33:03.581345Z,-0.0004346179262944497335031530444,-0.1595829965993320357090780602,-0.6226715334411330663185666822,-1.499402611899882283734663148
2025-08-23T14:33:03.680671Z,-0.0004346179262944497335031530444,-0.1595829965993320357090780602,-0.6229601287529529571729668519,-1.500624237083209557769740727
2025-08-23T14:33:03.749769Z,-0.0004346179262944497335031530444,-0.2322988175393541099535545553,-0.6776266635855153145232143560,-1.577784050658196253028472038
2025-08-23T14:33:03.800002Z,-0.0004346179262944497335031530444,-0.2319965581563333719418924525,-0.6794212699822654155175549786,-1.582097367382750405661506955
2025-08-23T14:33:03.816792Z,-0.0004346179262944497335031530444,-0.2319965581563333719418924525,-0.6794212699822654155175549786,-1.582097367382750405661506955
2025-08-23T14:33:03.909809Z,-0.0004346179262944497335031530444,-0.2326025807003998267612945790,-0.6807024888595473497759435935,-1.584137693407041636180030045
2025-08-23T14:33:03.967391Z,-0.0004346179262944497335031530444,-0.2326025807003998267612945790,-0.6787195358037161136551954336,-1.579039326752493566024873619
2025-08-23T14:33:04.030010Z,-0.0004346179262944497335031530444,-0.2355372475950960320904492059,-0.6806410006956059910342667985,-1.581637412363967305431876574
2025-08-23T14:33:04.089744Z,-0.0004346179262944497335031530444,-0.2355372475950960320904492059,-0.6834692814179322921771163666,-1.587838437811064198935055695
2025-08-23T14:33:04.146453Z,-0.0004346179262944497335031530444,-0.2355372475950960320904492059,-0.6832416077925255712889659418,-1.587724625270902786183409200
2025-08-23T14:33:04.209581Z,-0.0004346179262944497335031530444,-0.2355372475950960320904492059,-0.6832011444341850468398604616,-1.582917496525990260646889668
2025-08-23T14:33:04.230225Z,-0.0004346179262944497335031530444,-0.2355372475950960320904492059,-0.6829942245779479644995385444,-1.582459596117384217241162751
2025-08-23T14:33:04.309233Z,-0.0004346179262944497335031530444,-0.2355372475950960320904492059,-0.6829942245779479644995385444,-1.582459596117384217241162751
2025-08-23T14:33:04.362726Z,-0.0004346179262944497335031530444,-0.2355372475950960320904492059,-0.6828403035614983279161830637,-1.582382649950681730813737316
2025-08-23T14:33:04.397933Z,-0.0004346179262944497335031530444,-0.2376226244186170327199932721,-0.6844219887377456759319240557,-1.584589522641312215827785254
2025-08-23T14:33:04.478728Z,-0.0004346179262944497335031530444,-0.2376226244186170327199932721,-0.6844219887377456759319240557,-1.584589522641312215827785254
2025-08-23T14:33:04.520268Z,-0.0004346179262944497335031530444,-0.2446736988136886392829847299,-0.6912068067756065473452124554,-1.594286279820494104081866371
2025-08-23T14:33:04.604360Z,-0.0004346179262944497335031530444,-0.2446736988136886392829847299,-0.6914184471596957935286694629,-1.594392080002729400577129144
2025-08-23T14:33:04.624198Z,-0.0004346179262944497335031530444,-0.2446736988136886392829847299,-0.6915178544964375455126459691,-1.594441773666195613270884532
2025-08-23T14:33:04.719706Z,-0.0004346179262944497335031530444,-0.4818732532607753192648959318,-0.8255055897193737242605682238,-1.750330360736790385729928855
2025-08-23T14:33:04.779134Z,-0.0004346179262944497335031530444,-0.4805671712479380095759367700,-0.8342200458617528184429247787,-1.758263659228253294458208553
2025-08-23T14:33:04.826468Z,-0.0004346179262944497335031530444,-0.4805671712479380095759367700,-0.8342200458617528184429247787,-1.758263659228253294458208553
2025-08-23T14:33:04.889547Z,-0.0004346179262944497335031530444,-0.4805671712479380095759367700,-0.8196486435804867851159875725,-1.725907947266068530989236035
2025-08-23T14:33:04.948518Z,-0.0004346179262944497335031530444,-0.4532415768981448985743010855,-0.8008913516708777521908546392,-1.736842508173098758448700851
2025-08-23T14:33:04.980376Z,-0.0004346179262944497335031530444,-0.4531844333331957043233400909,-0.8005369392736621753974526609,-1.716696590539715060141342096
2025-08-23T14:33:05.058903Z,-0.0004346179262944497335031530444,-0.4531844333331957043233400909,-0.8004375280392668604048509445,-1.716646894879614094050884632
2025-08-23T14:33:05.113119Z,-0.0004346179262944497335031530444,-0.4801621739588673248375669828,-0.8188046727285726299795533997,-1.739767770276610406100471061
2025-08-23T14:33:05.177638Z,-0.0004346179262944497335031530444,-0.4525564652437130887144284242,-0.8002994944984976344832816609,-1.718101421499636116141209972
2025-08-23T14:33:05.184896Z,-0.0004346179262944497335031530444,-0.4525564652437130887144284242,-0.8002994944984976344832816609,-1.718101421499636116141209972
2025-08-23T14:33:05.297226Z,-0.0004346179262944497335031530444,-0.4525564652437130887144284242,-0.8001455693931625473217430873,-1.718024474878323278809790116
2025-08-23T14:33:05.338757Z,-0.0004346179262944497335031530444,-0.4525564652437130887144284242,-0.8001455693931625473217430873,-1.718024474878323278809790116
2025-08-23T14:33:05.455901Z,-0.0004346179262944497335031530444,-0.4801621739588673248375669828,-0.8211935565163026270697863831,-1.743325829702354086266877572
2025-08-23T14:33:05.521990Z,-0.0004346179262944497335031530444,-0.4526818701435521279654252747,-0.8006778573023308776696134486,-1.721299986731983946083038536
2025-08-23T14:33:05.578592Z,-0.0004346179262944497335031530444,-0.4814568524665545207544184888,-0.8452430171645830721098505501,-1.754462397113441580722782650
2025-08-23T14:33:05.632151Z,-0.0004346179262944497335031530444,-0.4814568524665545207544184888,-0.8642629747762967206121680415,-1.940931697158228958027425695
2025-08-23T14:33:05.699146Z,-0.0004346179262944497335031530444,-0.4754887705984449805215110883,-0.8514240382915777782461993206,-1.905488955719604506379430577
2025-08-23T14:33:05.754083Z,-0.0004346179262944497335031530444,-0.4814568524665545207544184888,-0.8356733087562690919505935034,-1.825391193972370903807535536
2025-08-23T14:33:05.818317Z,-0.0004346179262944497335031530444,-0.4754973344317577057215059598,-0.8145868767829928790025866286,-1.806521336444038704464808226
2025-08-23T14:33:05.862209Z,-0.0004346179262944497335031530444,-0.4754973344317577057215059598,-0.8145868767829928790025866286,-1.820183507769121395958009824
2025-08-23T14:33:05.901618Z,-0.0004346179262944497335031530444,-0.4754973344317577057215059598,-0.8144233240509085361785740751,-1.820101753808502560877476208
2025-08-23T14:33:05.983366Z,-0.0004346179262944497335031530444,-0.4703586510502650843386951423,-0.8132740614206399618579307884,-1.819477791105674523761974539
2025-08-23T14:33:06.021686Z,-0.0004346179262944497335031530444,-0.4814655124373525422866944112,-0.8240295045716373122097431343,-1.835216123303713397293156093
2025-08-23T14:33:06.108902Z,-0.0004346179262944497335031530444,-0.4755246537409846660276334424,-0.8149144203976623640216326727,-1.820784993586995188562246957
2025-08-23T14:33:06.169268Z,-0.0004346179262944497335031530444,-0.4755249559829829697138671151,-0.8148915473219603963107022709,-1.820685709707821579779661750
2025-08-23T14:33:06.202899Z,-0.0004346179262944497335031530444,-0.4755249559829829697138671151,-0.8148915473219603963107022709,-1.820685709707821579779661750
2025-08-23T14:33:06.338477Z,-0.0004346179262944497335031530444,-0.4755249559829829697138671151,-0.8148915473219603963107022709,-1.820685709707821579779661750
2025-08-23T14:33:06.397365Z,-0.0004346179262944497335031530444,-0.4755249559829829697138671151,-0.8142256878926093873560518264,-1.821906077345040781286569024
2025-08-23T14:33:06.445757Z,-0.0004346179262944497335031530444,-0.4588254681237087773045995832,-0.8070949129805814883621271331,-1.811904325760043531331497652
2025-08-23T14:33:06.506263Z,-0.0004346179262944497335031530444,-0.4588254681237087773045995832,-0.8061007541498949419817664741,-1.806827701795602231589204351
2025-08-23T14:33:06.604232Z,-0.0004346179262944497335031530444,-0.4588254681237087773045995832,-0.8061007541498949419817664741,-1.806827701795602231589204351
2025-08-23T14:33:06.670283Z,-0.0004346179262944497335031530444,-0.4588254681237087773045995832,-0.8061648919168236905016207989,-1.806859763231453820867440881
2025-08-23T14:33:06.722731Z,-0.0004346179262944497335031530444,-0.4728429891195575241815981466,-0.8127046880453775884485509078,-1.816593171145802796896741083
2025-08-23T14:33:06.793207Z,-0.0004346179262944497335031530444,-0.4728429891195575241815981466,-0.8125801752249093441332990565,-1.816523696601048776517941137
2025-08-23T14:33:06.859726Z,-0.1171673279357136005648685964,-0.4456124841662031792808034687,-0.7817273565529177278850889129,-1.835143038207079398398950789
2025-08-23T14:33:06.908615Z,-0.3754321186111431405305227956,-0.4026565692271605091731653550,-0.7300096196717358528927810199,-1.758197476293074504524681267
2025-08-23T14:33:06.973560Z,-0.3754321186111431405305227956,-0.4026565692271605091731653550,-0.7291280992505289707511108679,-1.757756822944493960260793891
2025-08-23T14:33:07.036570Z,-0.3213866016792765030068851927,-0.3972423885299782978891890648,-0.7279320806466831774762226653,-1.721114348262355584563368073
2025-08-23T14:33:07.088845Z,-0.2900936295288482304324067238,-0.3941000525765394588515018519,-0.7211243044387212109545742958,-1.710433797894600141226921813
2025-08-23T14:33:07.156034Z,-0.3213866016792765030068851927,-0.3972423885299782978891890648,-0.7258137958179637393554456139,-1.701637408633322469166752034
2025-08-23T14:33:07.206341Z,-0.3213866016792765030068851927,-0.3972423885299782978891890648,-0.7260613397990408790960816375,-1.847640625257922543896108028
2025-08-23T14:33:07.269094Z,-0.2758108950439478219712815266,-0.4606924970668493235227710065,-0.7668397124058528715539689945,-1.932177675173147703667356483
2025-08-23T14:33:07.325090Z,-0.2758108950439478219712815266,-0.4606924970668493235227710065,-0.7666761608837763899353000962,-1.961152559139467158600058630
2025-08-23T14:33:07.363163Z,-0.2758108950439478219712815266,-0.4606924970668493235227710065,-0.7666761608837763899353000962,-1.980227874130186906728307561
2025-08-23T14:33:07.437627Z,-0.2765857478540028732815887670,-0.4607701486252818790939970754,-0.7667211555555362390521604266,-1.754214686328355977466622712
2025-08-23T14:33:07.516245Z,-0.2765857478540028732815887670,-0.4607701486252818790939970754,-0.7669103624946134119360489488,-1.754309267971211552582552518
2025-08-23T14:33:07.669479Z,-0.3074438753898879433170318457,-0.4634778596324302973844400517,-0.7704826154730240527275662152,-1.763989690935545915267787161
2025-08-23T14:33:07.719370Z,-0.2322561289785048139674094995,-0.3882912864414809903234741492,-0.6945158304965747016921370453,-1.683947801723903758290301513
2025-08-23T14:33:07.775073Z,-0.2322561289785048139674094995,-0.3882912864414809903234741492,-0.6945158304965747016921370453,-1.683947801723903758290301513
2025-08-23T14:33:07.833218Z,-0.2009631568280765413929310306,-0.3851489504880421512857869363,-0.6915768988621136464261839424,-1.678840527894185943970541839
2025-08-23T14:33:07.896408Z,-0.2014723299934315182207024655,-0.3851999770692054075472824857,-0.6912504944493873335871251325,-1.678707854172663580860887918
2025-08-23T14:33:07.915172Z,-0.2014768062792477917049371748,-0.3852008723263686622441294276,-0.6914646842545629390985303125,-1.678939820473088022219401026
2025-08-23T14:33:08.008464Z,-0.2014768062792477917049371748,-0.3852008723263686622441294276,-0.6937802504072323969534379263,-1.686679605996272398542425512
2025-08-23T14:33:08.068372Z,-0.2014768062792477917049371748,-0.3852008723263686622441294276,-0.6919941683338504641856062672,-1.679624064831910452030894334
2025-08-23T14:33:08.119901Z,-0.2014768062792477917049371748,-0.3852008723263686622441294276,-0.6921341980039343089236125946,-1.679694072391336349425324125
2025-08-23T14:33:08.184276Z,-0.2014768062792477917049371748,-0.3852008723263686622441294276,-0.6986666290641041315372268368,-1.713700992747810241676927792
2025-08-23T14:33:08.249019Z,-0.2014768062792477917049371748,-0.3852008723263686622441294276,-0.6986666290641041315372268368,-1.713700992747810241676927792
2025-08-23T14:33:08.308071Z,-0.2251563085262787731816273223,-0.3875833077375654876068747357,-0.7036044452640498816930071638,-1.719531865548354356922685627
2025-08-23T14:33:08.328721Z,-0.2251563085262787731816273223,-0.3875833077375654876068747357,-0.7036044452640498816930071638,-1.719531865548354356922685627
2025-08-23T14:33:08.419779Z,-0.2251563085262787731816273223,-0.3875833077375654876068747357,-0.7033927903982382752078690003,-1.719426059983151342244673578
2025-08-23T14:33:08.469359Z,-0.1894736195475366738405802204,-0.3843931463700023495805568428,-0.6990469810097737509519365177,-1.714453420306930150003724733
2025-08-23T14:33:08.521352Z,-0.2251563085262787731816273223,-0.3875833077375654876068747357,-0.7030785455861023738283661318,-1.719268969384651084012459645
2025-08-23T14:33:08.585658Z,-0.3294110816498402472040489977,-0.3980465585184446645286902444,-0.7159912504432627773877504791,-1.770202591996013970747416559
2025-08-23T14:33:08.626925Z,-0.3294110816498402472040489977,-0.3980465585184446645286902444,-0.7162123092140287611099286907,-1.770749073338166069282379566
2025-08-23T14:33:08.688642Z,-0.2251565964216225571217350075,-0.3875833366314097731689797461,-0.7035139818955378872923629806,-1.753507216627903221789678978
2025-08-23T14:33:08.751633Z,-0.2251565964216225571217350075,-0.3875833366314097731689797461,-0.7035139818955378872923629806,-1.753507216627903221789678978
2025-08-23T14:33:08.814121Z,-0.2251565964216225571217350075,-0.3875833366314097731689797461,-0.7035139818955378872923629806,-1.734173702683124625869700149
2025-08-23T14:33:08.878352Z,-0.3257841635916613095561217942,-0.3976823554967691962065442210,-0.7155721349295588677524661578,-1.749112393322583907649919088
2025-08-23T14:33:08.921935Z,-0.2209706245481805505398667902,-0.3871632282629779670094710353,-0.7029748785634926364376845443,-1.733532858095368027301032003
