ts,0.1,1,5,10
2025-08-23T14:32:26.956487+00:00,0.07147953281578049729706420847,0.6721078445755735943988387467,1.870512684074945921070997311,2.648744005691681488572754878
2025-08-23T14:32:25.418033Z,0.07147953281578049729706420847,0.6721078445755735943988387467,1.870512684074945921070997311,2.648744005691681488572754878
2025-08-23T14:32:25.494986Z,0.07147953281578049729706420847,0.6721021871564983326741231102,1.875703065823520925045167746,2.662296538905074640723908023
2025-08-23T14:32:25.541857Z,0.07147953281578049729706420847,0.6721021871564983326741231102,1.870511666071790840529331247,2.648743736205325140608692942
2025-08-23T14:32:25.596651Z,0.04618046589492341185650769159,0.6582784201871600628060203607,1.862893716776771944256331537,2.641267677630421580260572565
2025-08-23T14:32:25.647709Z,0.04618046589492341185650769159,0.6582784201871600628060203607,1.862893716776771944256331537,2.641267677630421580260572565
2025-08-23T14:32:25.685358Z,0.04618046589492341185650769159,0.6582784201871600628060203607,1.862893716776771944256331537,2.641267677630421580260572565
2025-08-23T14:32:25.756938Z,0.04618046589492341185650769159,0.6582784201871600628060203607,1.862893716776771944256331537,2.638267523987710217532418559
2025-08-23T14:32:25.814419Z,0.03506975748236205129529266521,0.6571672658589830879215169042,1.862671449207493687948007027,2.638156362469729688163788072
2025-08-23T14:32:25.876523Z,0.03506975748236205129529266521,0.6571672658589830879215169042,1.862671449207493687948007027,2.635520644902774859908590385
2025-08-23T14:32:25.923839Z,0.0004346918714923897842020020082,0.5019685029833555178329949474,1.775806687080666335692275712,2.549906781895657345612335443
2025-08-23T14:32:25.999666Z,0.0004346918714923897842020020082,0.5019685029833555178329949474,1.775806687080666335692275712,2.549906781895657345612335443
2025-08-23T14:32:26.028294Z,0.0004346918714923897842020020082,0.5019685029833555178329949474,1.775806687080666335692275712,2.549906781895657345612335443
2025-08-23T14:32:26.114593Z,0.0004346918714923897842020020082,0.5019685029833555178329949474,1.775806687080666335692275712,2.549906781895657345612335443
2025-08-23T14:32:26.168804Z,0.0004346918714923897842020020082,0.5019685029833555178329949474,1.775806687080666335692275712,2.531141356928060364443056908
2025-08-23T14:32:26.239493Z,0.0004346918714923897842020020082,0.5019685029833555178329949474,1.776593019072844837910138844,2.537697665565548686989294104
2025-08-23T14:32:26.291592Z,0.0004346918714923897842020020082,0.5019685029833555178329949474,1.776593019072844837910138844,2.537697665565548686989294104
2025-08-23T14:32:26.349272Z,0.0004346918714923897842020020082,0.5019685029833555178329949474,1.772899383931206359924608781,2.529687705353330376559223442
2025-08-23T14:32:26.352634Z,0.0004346918714923897842020020082,0.5019685029833555178329949474,1.770680652580302694207178754,2.524880454093039100838125051
2025-08-23T14:32:26.446452Z,0.0004346918714923897842020020082,0.5019685029833555178329949474,1.770680652580302694207178754,2.524880454093039100838125051
2025-08-23T14:32:26.498019Z,0.0004346918714923897842020020082,0.5019685029833555178329949474,1.770680652580302694207178754,2.524880454093039100838125051
2025-08-23T14:32:26.684716Z,0.0004346918714923897842020020082,0.5019685029833555178329949474,1.770680652580302694207178754,2.524880454093039100838125051
2025-08-23T14:32:26.779639Z,0.0004346918714923897842020020082,0.5019685029833555178329949474,1.770680652580302694207178754,2.524880454093039100838125051
2025-08-23T14:32:26.827084Z,0.0004346918714923897842020020082,0.5019685029833555178329949474,1.770680652580302694207178754,2.524880454093039100838125051
2025-08-23T14:32:26.902402Z,0.0004346918714923897842020020082,0.5019685029833555178329949474,1.770680652580302694207178754,2.524880454093039100838125051
2025-08-23T14:32:26.944030Z,0.0004346918714923897842020020082,0.5019685029833555178329949474,1.770680652580302694207178754,2.524880454093039100838125051
2025-08-23T14:32:27.027777Z,0.0004346918714923897842020020082,0.5019685029833555178329949474,1.770680652580302694207178754,2.524880454093039100838125051
2025-08-23T14:32:27.087917Z,0.0004346918714923897842020020082,0.5019685029833555178329949474,1.770680652580302694207178754,2.524880454093039100838125051
2025-08-23T14:32:27.149384Z,0.0004346918714923897842020020082,0.5019685029833555178329949474,1.770680652580302694207178754,2.524880454093039100838125051
2025-08-23T14:32:27.203735Z,0.06454096099331613431474586544,0.6733764277900078335822161644,1.866617684159058798204774734,2.619435941010748147745333681
2025-08-23T14:32:27.268373Z,0.06454096099331613431474586544,0.6733764277900078335822161644,1.866617684159058798204774734,2.563409996015179614029262848
2025-08-23T14:32:27.323928Z,0.08889898695494040570053181508,0.6802960200612037461223854968,1.869919661581945438258735644,2.566189930847043623633171180
2025-08-23T14:32:27.376943Z,0.08889898695494040570053181508,0.6802960200612037461223854968,1.869919661581945438258735644,2.566189930847043623633171180
2025-08-23T14:32:27.438597Z,0.08891402729369404238706520435,0.6806434518864127535813067890,1.869989147946987239750519902,2.566224674029564524379063309
2025-08-23T14:32:27.487503Z,0.08891402729369404238706520435,0.6806434518864127535813067890,1.869989147946987239750519902,2.566224674029564524379063309
2025-08-23T14:32:27.554256Z,0.08891402729369404238706520435,0.6806434518864127535813067890,1.869989147946987239750519902,2.566224674029564524379063309
2025-08-23T14:32:27.593769Z,0.08891402729369404238706520435,0.6806434518864127535813067890,1.869989147946987239750519902,2.566224674029564524379063309
2025-08-23T14:32:27.637269Z,0.08891402729369404238706520435,0.6805579938292011306683331014,1.869820210028332781492002474,2.566050830185403472953319614
2025-08-23T14:32:27.724576Z,0.08891402729369404238706520435,0.6805579938292011306683331014,1.869820210028332781492002474,2.570068372126322674992928650
2025-08-23T14:32:27.778897Z,0.08891402729369404238706520435,0.6805579938292011306683331014,1.869820210028332781492002474,2.570068372126322674992928650
2025-08-23T14:32:27.814324Z,0.08891402729369404238706520435,0.6805579938292011306683331014,1.869820210028332781492002474,2.570068372126322674992928650
2025-08-23T14:32:27.877782Z,0.08889898695494040570053181508,0.6792434682221332842653148793,1.868980056705554636182247349,2.563787440581642066801621105
2025-08-23T14:32:27.946572Z,0.08891402729369404238706520435,0.6805579938292011306683331014,1.869820210028332781492002474,2.564547278495475792205287931
2025-08-23T14:32:28.066313Z,0.07969298547724885774930198266,0.6795148759947977815587276760,1.869611549757809250338657570,2.564442926756897397199827984
2025-08-23T14:32:28.117134Z,0.07969298547724885774930198266,0.6795148759947977815587276760,1.869611549757809250338657570,2.564442926756897397199827984
2025-08-23T14:32:28.179972Z,0.07969298547724885774930198266,0.6795148759947977815587276760,1.869611549757809250338657570,2.564442926756897397199827984
2025-08-23T14:32:28.212263Z,0.07969298547724885774930198266,0.6795148759947977815587276760,1.869611549757809250338657570,2.564442926756897397199827984
2025-08-23T14:32:28.267201Z,0.07969298547724885774930198266,0.6795148759947977815587276760,1.869611549757809250338657570,2.564442926756897397199827984
2025-08-23T14:32:28.351761Z,0.07969298547724885774930198266,0.6795148759947977815587276760,1.869611549757809250338657570,2.564442926756897397199827984
2025-08-23T14:32:28.392020Z,0.07967794513849522106276859339,0.6781898268278869267332501594,1.868769291723062503344410586,2.527054091829788051633222126
2025-08-23T14:32:28.524745Z,0.07967794513849522106276859339,0.6782003503877299351557094539,1.868771396435031105028902445,2.527055144185772352475468056
2025-08-23T14:32:28.572455Z,0.07967794513849522106276859339,0.6782003503877299351557094539,1.868771396435031105028902445,2.527055144185772352475468056
2025-08-23T14:32:28.687902Z,0.07967794513849522106276859339,0.6782003503877299351557094539,1.868771396435031105028902445,2.527055144185772352475468056
2025-08-23T14:32:28.714175Z,0.08103181627174258103775816187,0.6789449795110159831419537165,1.869188165425121477903677585,2.527371908158649144585080306
2025-08-23T14:32:28.794319Z,0.08103181627174258103775816187,0.6789449795110159831419537165,1.869188165425121477903677585,2.540243236578312500942737996
2025-08-23T14:32:28.859457Z,0.08103181627174258103775816187,0.6790207052866921126594400882,1.869392724796880442478072295,2.540491804542886504430097005
2025-08-23T14:32:28.903523Z,0.03896935148450099611815811839,0.6558001003181901030137143981,1.856275327606615679918291838,2.530492791229100395174033455
2025-08-23T14:32:28.967947Z,0.1183131528066684862868407338,0.7724552525970557189344954560,1.917221582423599317377272683,2.581908124310225504667482236
2025-08-23T14:32:29.027339Z,0.4118502376960357101111198484,0.8227752174600423624616444194,1.916572385233847491225853247,2.576068752786863924621647455
2025-08-23T14:32:29.068097Z,0.3139428342805486559088252926,0.8069302293377804050554490778,1.909354069949138008192289949,2.570045911772938179295704405
2025-08-23T14:32:29.136963Z,0.4217209990210304362119889670,0.8255829087415274750692257673,1.918351622094883585387241559,2.577630171768927712089315617
2025-08-23T14:32:29.182317Z,0.2307828647594039174692274017,0.7928708678766662663154530222,1.902700810885519070562705585,2.564552264966778021683386872
2025-08-23T14:32:29.250068Z,0.3452761746558903074188731300,0.8121950959454072217360193640,1.911832695604713120535143947,2.572068422554926686825067515
2025-08-23T14:32:29.309518Z,0.1877889080631473404182022700,0.7885712758480284180680371893,1.901840761147205750660481697,2.564122175431119791038401071
2025-08-23T14:32:29.367344Z,0.3287168719259949260156608179,0.8109449458397836173414410322,1.911854067227097508906945120,2.572160254872885012132902171
2025-08-23T14:32:29.384833Z,0.1904214369861317209394682440,0.7888345415463493902859668293,1.901893422852038580990115933,2.564148510500916743422383875
2025-08-23T14:32:29.475230Z,0.4367132413794842215761831628,0.8282749115282501248326381958,1.919687799589311813651419980,2.578528317784622435986296947
2025-08-23T14:32:29.529840Z,0.1889865880604661609548372099,0.7892242524766895397182527247,1.902327987254486574345937615,2.564541388963981909689199224
2025-08-23T14:32:29.582357Z,0.07372698133750428877867711179,0.7716439927995899638514586586,1.894762583398135024076061340,2.558764837445018541999124444
2025-08-23T14:32:29.636817Z,0.0008537552661290136784925894382,0.6460555184111351365308484955,1.849484663523931374150987005,2.527785769626088050055290633
2025-08-23T14:32:29.698581Z,0.0008537552661290136784925894382,0.6460555184111351365308484955,1.849484663523931374150987005,2.527785769626088050055290633
2025-08-23T14:32:29.717909Z,0.0008537552661290136784925894382,0.6460555184111351365308484955,1.849484663523931374150987005,2.527785769626088050055290633
2025-08-23T14:32:29.814192Z,0.0008685869527843340179295617467,0.6476380593772578167487734408,1.855561811602717189337999490,2.536963375340651718743404909
2025-08-23T14:32:29.868655Z,0.001026380102136071509594888476,0.6845858456154434893829335885,1.870548946957637234071270601,2.543735536178730691910788535
2025-08-23T14:32:29.928225Z,0.2725254770949768267936766764,0.7273737783865202746157204316,1.886493662403773890502247770,2.554918445125432730324422280
2025-08-23T14:32:29.969336Z,0.2351629734158534994499626404,0.7122222276558706158770945247,1.877541032385370340738874464,2.547848722244543649823356438
2025-08-23T14:32:30.045685Z,0.5433326350443109679583839912,1.242301853104488928202421747,2.094703291758968051929681982,2.737993308955813180040114235
2025-08-23T14:32:30.092136Z,0.4802639634222439046527722626,1.058731359197586625504823971,2.013946261723368091730069736,2.631561366919887722567128488
2025-08-23T14:32:30.169408Z,0.4650363503687773695586412593,1.050029847639194966302903468,2.017223435141212479951467522,2.637900830894385915357407352
2025-08-23T14:32:30.229379Z,0.4176150448769367750670827363,0.9503535043750215444158808416,1.943359425999816299215107316,2.569130175715060521497230078
2025-08-23T14:32:30.287995Z,0.4305602310578561405508354539,0.8902116203830669954502105887,1.932240834377137189754434303,2.574381388528420654453824660
2025-08-23T14:32:30.329895Z,0.4305602310578561405508354539,0.8902116203830669954502105887,1.932256096021000138188545947,2.574389198920694858434115557
2025-08-23T14:32:30.366891Z,0.4305602310578561405508354539,0.8902116203830669954502105887,1.932256096021000138188545947,2.574389198920694858434115557
2025-08-23T14:32:30.442031Z,0.4305602310578561405508354539,0.8902116203830669954502105887,1.931908498258254874710717993,2.574215400039322226695201580
2025-08-23T14:32:30.472863Z,0.4305602310578561405508354539,0.8902116203830669954502105887,1.931908498258254874710717993,2.574215400039322226695201580
2025-08-23T14:32:30.553811Z,0.4239881797716920046385100223,0.8897723836863444287129456151,1.931945656407981968633416998,2.568118446539920080160658638
2025-08-23T14:32:30.611023Z,0.4175358744463818661156860257,0.8882984304884880334326734667,1.931175591063795770282907468,2.567499837406983003243540338
2025-08-23T14:32:30.675593Z,0.4287632141655996067951207228,0.8894212171537584698081065774,1.951864303759897770904429906,2.601315985820525028666842195
2025-08-23T14:32:30.719126Z,0.4290839786877530477225167042,0.8894532936059738139008461755,1.951870719050340839722977825,2.601319193465746563076116155
2025-08-23T14:32:30.785659Z,0.4290839786877530477225167042,0.8894532936059738139008461755,1.936394130934668811088607113,2.570109081689513419394499435
2025-08-23T14:32:30.836105Z,0.3725627983480491746049009509,0.8780017025054900496639810099,1.930777799122887435540085741,2.565666327458342282552237683
2025-08-23T14:32:30.916204Z,0.3725627983480491746049009509,0.8780017025054900496639810099,1.930777799122887435540085741,2.565666327458342282552237683
2025-08-23T14:32:30.941115Z,0.3725627983480491746049009509,0.8780017025054900496639810099,1.930777799122887435540085741,2.565666327458342282552237683
2025-08-23T14:32:31.038313Z,0.3931202644178491263627970527,0.8842218475699920203613150142,1.957444832991165626688098715,2.591910102788544008704965542
2025-08-23T14:32:31.087079Z,0.1282821018099656676012976596,0.7461783821559682259368381409,1.888451123841497259637238331,2.537663448446261282590534037
2025-08-23T14:32:31.156372Z,0.1282821018099656676012976596,0.7461783821559682259368381409,1.888451123841497259637238331,2.537663448446261282590534037
2025-08-23T14:32:31.216447Z,0.1282821018099656676012976596,0.7461783821559682259368381409,1.888451123841497259637238331,2.537663448446261282590534037
2025-08-23T14:32:31.322229Z,0.1282821018099656676012976596,0.7461783821559682259368381409,1.888451123841497259637238331,2.537663448446261282590534037
2025-08-23T14:32:31.389677Z,0.05405804751267076271895519154,1.124005491703396901033850784,1.873353474684879907835563589,2.893051416588338051885309087
2025-08-23T14:32:31.449361Z,0.1073931449493166381319534212,1.103801928436929822773287266,1.895884552409505204117117746,2.795159250997787735722150490
2025-08-23T14:32:31.509558Z,0.07458396022992179687720375080,0.8479620710051687593113055576,1.637757119883044112851339135,2.479062866100747625278880080
2025-08-23T14:32:31.568111Z,0.07458396022992179687720375080,0.8458206986641703374386492075,1.640358575597185092662009925,2.472595400519192552007378068
2025-08-23T14:32:31.628291Z,0.07495776113413413078407098439,0.8997281962968054667384746699,1.668162550421383775456588372,2.500609286870640281412498948
2025-08-23T14:32:31.678497Z,0.06994994829762919279583933152,0.8987807183515360478595618353,1.667957124594520717870826350,2.499569154002653639231022692
2025-08-23T14:32:31.738676Z,0.01420292112418787334594681969,0.7475720515294717856657149107,1.609938396090795717545934398,2.430550230003943471147356255
2025-08-23T14:32:31.796936Z,0.01420292112418787334594681969,0.7475720515294717856657149107,1.609938396090795717545934398,2.427889283373542424956152626
2025-08-23T14:32:31.856536Z,0.01732760283330122082443104030,0.7207801115620287844273006773,1.586978815641702461646559368,2.401579552271507619053124463
2025-08-23T14:32:31.913394Z,0.01732760283330122082443104030,0.7207801115620287844273006773,1.587291679034220315165621659,2.406224893512587922390505870
2025-08-23T14:32:31.965555Z,0.01732760283330122082443104030,0.7207801115620287844273006773,1.587291679034220315165621659,2.406224893512587922390505870
2025-08-23T14:32:32.025570Z,0.01732760283330122082443104030,0.7207801115620287844273006773,1.569369831173971751742214078,2.337423735580284626212786887
2025-08-23T14:32:32.087168Z,0.01732760283330122082443104030,0.7207801115620287844273006773,1.569056967781453898223151787,2.332778394339204322875405479
2025-08-23T14:32:32.148985Z,0.01732760283330122082443104030,0.7207801115620287844273006773,1.569056967781453898223151787,2.332778394339204322875405479
2025-08-23T14:32:32.205476Z,0.01732760283330122082443104030,0.7190521905562797833016315574,1.568004575161938536179859142,2.093147172075686655337970429
2025-08-23T14:32:32.257900Z,0.01736232398190706056059878174,0.8203275552230477785887641106,1.636330298328177729067407104,2.241299007417055084593823558
2025-08-23T14:32:32.317517Z,0.01736232398190706056059878174,0.8203275552230477785887641106,1.636514849132129927747072289,2.241718665762851302190849660
2025-08-23T14:32:32.369664Z,0.01736232398190706056059878174,0.8203275552230477785887641106,1.636514849132129927747072289,2.230421553224321181186308953
2025-08-23T14:32:32.419782Z,0.0005096160846334190859744079023,0.7973791664589458922986872757,1.626914387548245368312077431,2.217068579790138488291437339
2025-08-23T14:32:32.474006Z,0.0005096160846334190859744079023,0.7980649210095303522754541327,1.627758346876727822125589625,2.218085782373505437256974843
2025-08-23T14:32:32.532390Z,0.0005096160846334190859744079023,0.7980649210095303522754541327,1.628066676017180199506694491,2.222726589362520264456398826
2025-08-23T14:32:32.597970Z,0.0005096160846334190859744079023,0.7980649210095303522754541327,1.626684184098949006045771995,2.214560066064116329312916761
2025-08-23T14:32:32.659002Z,0.0005096160846334190859744079023,0.7973761587635485920356312807,1.626193027440569873088728014,2.171811377899584612056625168
2025-08-23T14:32:32.718595Z,0.0005096160846334190859744079023,0.8273585749939074609491825958,1.641373269538317452600220040,2.205926210930982126857029156
2025-08-23T14:32:32.773334Z,0.0005096160846334190859744079023,0.8295863100919176922422625623,1.641987362305466325568509846,2.206233257314556563341174059
2025-08-23T14:32:32.814327Z,0.0004346380631936796323692177328,0.7824288457199603488387709670,1.626055652526687972334765712,2.191918458878610326504894090
2025-08-23T14:32:32.888858Z,0.0004346380631936796323692177328,0.7824288457199603488387709670,1.626200748537149536660612303,2.196477647582332293056104950
2025-08-23T14:32:32.942510Z,0.0004346380631936796323692177328,0.7824288457199603488387709670,1.626200748537149536660612303,2.196477647582332293056104950
2025-08-23T14:32:32.998594Z,0.0004346380631936796323692177328,0.7820827043128135343163484457,1.626041800402987719431915882,2.204347651245896527715630571
2025-08-23T14:32:33.059134Z,0.0004346380631936796323692177328,0.7820827043128135343163484457,1.626098447192062083353236135,2.204894974619962256899868387
2025-08-23T14:32:33.087114Z,0.0004346380631936796323692177328,0.7820827043128135343163484457,1.625865571252412621559030216,2.204198106568819786845670325
2025-08-23T14:32:33.169749Z,0.0004346380631936796323692177328,0.7820827043128135343163484457,1.625865571252412621559030216,2.200128615340054953028881830
2025-08-23T14:32:33.221366Z,0.0004346380631936796323692177328,0.7820827043128135343163484457,1.625865571252412621559030216,2.315642905002592833365981896
2025-08-23T14:32:33.289257Z,0.0004346380631936796323692177328,0.7043143838468676221547016820,1.588687701167555190015285786,2.273174906221839528236892001
2025-08-23T14:32:33.320109Z,0.0004346380631936796323692177328,0.7043143838468676221547016820,1.588687701167555190015285786,2.273174906221839528236892001
2025-08-23T14:32:33.396160Z,0.0004346380631936796323692177328,0.7032782327824976815319114091,1.588127066745498420981648321,2.262814708805754121162053541
2025-08-23T14:32:33.453654Z,0.0004346380631936796323692177328,0.7032782327824976815319114091,1.588127066745498420981648321,2.262814708805754121162053541
2025-08-23T14:32:33.515976Z,0.0004346380631936796323692177328,0.7032782327824976815319114091,1.588127066745498420981648321,2.262814708805754121162053541
2025-08-23T14:32:33.576675Z,0.0004346380631936796323692177328,0.7032782327824976815319114091,1.588127066745498420981648321,2.262814708805754121162053541
2025-08-23T14:32:33.609459Z,0.0004346380631936796323692177328,0.7032782327824976815319114091,1.579302350471358459962597656,2.232567537947923318892773442
2025-08-23T14:32:33.682940Z,0.0004346380631936796323692177328,0.7032782327824976815319114091,1.579302350471358459962597656,2.232567537947923318892773442
2025-08-23T14:32:33.742716Z,0.0004346380631936796323692177328,0.7032782327824976815319114091,1.579302350471358459962597656,2.228498046719158485075984947
2025-08-23T14:32:33.790968Z,0.0004346380631936796323692177328,0.7820827043128135343163484457,1.618423346896503854000902048,2.274142783879395934804116666
2025-08-23T14:32:33.859932Z,0.0004346380631936796323692177328,0.7820827043128135343163484457,1.618423346896503854000902048,2.274142783879395934804116666
2025-08-23T14:32:33.908677Z,0.0004346380631936796323692177328,0.7820827043128135343163484457,1.618423346896503854000902048,2.349843944000536517225206278
2025-08-23T14:32:33.970733Z,0.0004346380631936796323692177328,0.7820827043128135343163484457,1.617040809163943695420596863,2.341677150072134706157939040
2025-08-23T14:32:34.087238Z,0.0004346380631936796323692177328,0.7035618584584630963380917364,1.579500391475895690168082797,2.304417024203559433647479584
2025-08-23T14:32:34.149731Z,0.0004346380631936796323692177328,0.7035618584584630963380917364,1.579500391475895690168082797,2.304417024203559433647479584
2025-08-23T14:32:34.182330Z,0.0004346380631936796323692177328,0.7035618584584630963380917364,1.579500391475895690168082797,2.304417024203559433647479584
2025-08-23T14:32:34.251495Z,0.0004346380631936796323692177328,0.7035618584584630963380917364,1.579500391475895690168082797,2.304417024203559433647479584
2025-08-23T14:32:34.329486Z,0.0004346380631936796323692177328,0.7025257073940931557153014634,1.578939757053838921134445332,2.303839095532968188101270147
2025-08-23T14:32:34.379217Z,0.3712177788340933401134187926,1.161650631955805016414207875,2.018568803699009236178516306,2.723304880816555497808823758
2025-08-23T14:32:34.439231Z,0.3712177788340933401134187926,1.160611425498768983308393381,2.015597458293802998123190166,2.884121903618671395629939644
2025-08-23T14:32:34.487884Z,0.3712177788340933401134187926,1.160611425498768983308393381,2.015597458293802998123190166,2.777029148914834977956101540
2025-08-23T14:32:34.552501Z,0.3712177788340933401134187926,1.161641608455454486459598777,2.016510335745931611864477283,2.778080837880689244165791954
2025-08-23T14:32:34.618530Z,0.3712177788340933401134187926,1.160588338029885607138788433,2.015749730681113887658203020,2.777379731596938321115169030
2025-08-23T14:32:34.679148Z,0.3712177788340933401134187926,1.160588338029885607138788433,2.015749730681113887658203020,2.777379731596938321115169030
2025-08-23T14:32:34.733532Z,0.3712177788340933401134187926,1.160588338029885607138788433,2.015749730681113887658203020,2.777379731596938321115169030
2025-08-23T14:32:34.772589Z,0.3712177788340933401134187926,1.160588338029885607138788433,2.015749730681113887658203020,2.777379731596938321115169030
2025-08-23T14:32:34.828216Z,0.3712177788340933401134187926,1.160588338029885607138788433,2.015749730681113887658203020,2.775470113262750377685213973
2025-08-23T14:32:34.894057Z,0.3712177788340933401134187926,1.160588338029885607138788433,2.015749730681113887658203020,2.775470113262750377685213973
2025-08-23T14:32:34.964841Z,0.3712177788340933401134187926,1.160588338029885607138788433,2.015749730681113887658203020,2.775470113262750377685213973
2025-08-23T14:32:35.001207Z,0.3712177788340933401134187926,1.160588338029885607138788433,2.015749730681113887658203020,2.775470113262750377685213973
2025-08-23T14:32:35.057199Z,0.3359263093844447111312831065,1.147136771515886772109194960,2.011275797218649454093441823,2.771737387621887343336755686
2025-08-23T14:32:35.120621Z,0.3359263093844447111312831065,1.147136771515886772109194960,2.011275797218649454093441823,2.771737387621887343336755686
2025-08-23T14:32:35.185880Z,0.3359263093844447111312831065,1.147136771515886772109194960,2.011275797218649454093441823,2.771737387621887343336755686
2025-08-23T14:32:35.218525Z,0.3359263093844447111312831065,1.147136771515886772109194960,2.011275797218649454093441823,2.771737387621887343336755686
2025-08-23T14:32:35.298645Z,0.3475644808425132743470534729,1.228894177238672410121742059,2.055199855916084576277765248,2.756532556680600208818402621
2025-08-23T14:32:35.356442Z,0.3475644808425132743470534729,1.150382134964529515517573593,2.017657715127137686140664113,2.719270720576488661315475959
2025-08-23T14:32:35.417734Z,0.3475644808425132743470534729,1.150382134964529515517573593,2.011038157289955970447253968,2.695042683269095950017458039
2025-08-23T14:32:35.477122Z,0.3476795078697658536403021516,1.150422515389392944883234123,2.015607277355669307489379240,2.706838899686711543947424114
2025-08-23T14:32:35.513772Z,0.3476795078697658536403021516,1.192387140607911827709561342,2.031539718398113097406469528,2.721154355170276624617995372
2025-08-23T14:32:35.586799Z,0.3476795078697658536403021516,1.192387140607911827709561342,2.031539718398113097406469528,2.721154355170276624617995372
2025-08-23T14:32:35.649522Z,0.3476795078697658536403021516,1.192387140607911827709561342,2.026953674307186639934039777,2.711385401283014829705554403
2025-08-23T14:32:35.693534Z,0.3476795078697658536403021516,1.191347934150875794603746848,2.026392412585383676757353859,2.710807145302218368447688017
2025-08-23T14:32:35.750995Z,0.3476795078697658536403021516,1.189964330763794534897018433,2.025739605691290318388298519,2.710183116735276709593636920
2025-08-23T14:32:35.818562Z,0.3476795078697658536403021516,1.191347934150875794603746848,2.026354636274914760303709463,2.710788257146983910220865819
2025-08-23T14:32:35.869409Z,0.3476795078697658536403021516,1.191347934150875794603746848,2.026339525750727193722251704,2.710188478477452093841100245
2025-08-23T14:32:35.893228Z,0.3476795078697658536403021516,1.191347934150875794603746848,2.026339525750727193722251704,2.710188478477452093841100245
2025-08-23T14:32:35.975030Z,0.3476795078697658536403021516,1.191347934150875794603746848,2.026324415226539627140793945,2.710180923215358310550371365
2025-08-23T14:32:36.037783Z,0.3476795078697658536403021516,1.191347934150875794603746848,2.026354636274914760303709463,2.710196033739545877131829124
2025-08-23T14:32:36.092248Z,0.3476795078697658536403021516,1.191347934150875794603746848,2.026354636274914760303709463,2.710196033739545877131829124
2025-08-23T14:32:36.150119Z,0.3476795078697658536403021516,1.191347934150875794603746848,2.026354636274914760303709463,2.710196033739545877131829124
2025-08-23T14:32:36.207812Z,0.3476795078697658536403021516,1.191347934150875794603746848,2.026354636274914760303709463,2.710196033739545877131829124
2025-08-23T14:32:36.262749Z,0.3476795078697658536403021516,1.191347934150875794603746848,2.026316859964445843850065066,2.710177145584311418905006926
2025-08-23T14:32:36.329632Z,0.3476795078697658536403021516,1.189964330763794534897018433,2.030348315568498125732914908,2.719371180108241146353134512
2025-08-23T14:32:36.377593Z,0.3476795078697658536403021516,1.189964330763794534897018433,2.025656497808258702190280847,2.709549339386322868405591389
2025-08-23T14:32:36.419248Z,0.3318092010407625327226851885,1.188377128869102869773025498,2.025339026785930450458266463,2.708573656208896293336436212
2025-08-23T14:32:36.486951Z,0.3318092010407625327226851885,1.188377128869102869773025498,2.025323907596400736084651908,2.708566082851120111526291616
2025-08-23T14:32:36.553348Z,0.3318092010407625327226851885,1.188377128869102869773025498,2.025323907596400736084651908,2.708566082851120111526291616
2025-08-23T14:32:36.618890Z,0.3318052449573911269695604212,1.187857299514100153812431071,2.025111863214166478278639519,2.708381769770082862768946276
2025-08-23T14:32:36.652260Z,0.3318052449573911269695604212,1.187857299514100153812431071,2.025111863214166478278639519,2.708381769770082862768946276
2025-08-23T14:32:36.727935Z,0.3465459347240158505868296101,1.191234565422181372096250844,2.026218622833898091733965129,2.709311089675033587111311962
2025-08-23T14:32:36.799739Z,0.1910786327206292561440974768,1.136327183420856795267339236,2.008158554005801728226339293,2.692731495636055282066318990
2025-08-23T14:32:36.859857Z,0.1910786327206292561440974768,1.136327183420856795267339236,2.008143443453796048810877821,2.692723940360052442358588253
2025-08-23T14:32:36.914386Z,0.2237030710283786912734101916,1.147780045511301912456138117,2.011884821763917847375315415,2.695813989839347355777537335
2025-08-23T14:32:36.973155Z,0.2237030710283786912734101916,1.147780045511301912456138117,2.011884821763917847375315415,2.695813989839347355777537335
2025-08-23T14:32:37.038663Z,0.2237030710283786912734101916,1.227409042051554526130835626,2.054353376262187104366126701,2.743093269292850097361221629
2025-08-23T14:32:37.087211Z,0.2456308884153338132247569208,1.142388210336054538801116706,2.016503875170043647923010591,2.712735443777355473711383515
2025-08-23T14:32:37.148899Z,0.2996196376403929082415636248,1.170111419435289701521646425,2.024063155983156654268626389,2.714783625944093503979489705
2025-08-23T14:32:37.209795Z,0.2996196376403929082415636248,1.253059842645975438431931229,2.062811859082307406403025428,2.753422568515033929621826230
2025-08-23T14:32:37.257852Z,0.2473386793950760114720158695,1.223459106926436261118714970,2.058252705451867645070263120,2.751267124211742260142560004
2025-08-23T14:32:37.319509Z,0.2160672441156324189331292991,1.229363186231007781117351883,2.055418459546791652288541811,2.740988901482283795779757568
2025-08-23T14:32:37.374270Z,0.2172450669249462534500436462,1.229464535744166900331570172,2.053167316608765148320744406,2.736019828461345841168225126
2025-08-23T14:32:37.437979Z,0.2172450669249462534500436462,1.229464535744166900331570172,2.053152206042850412488281077,2.736012273178388473251993461
2025-08-23T14:32:37.471884Z,0.2172450669249462534500436462,1.229464535744166900331570172,2.053152206042850412488281077,2.736012273178388473251993461
2025-08-23T14:32:37.503911Z,0.2172450669249462534500436462,1.150220864253998842853437708,2.015833667592589654626393399,2.699040813315556979688387585
2025-08-23T14:32:37.607885Z,0.3007935043663353370053532046,1.260797161135505809139145461,2.067642741758416815562391181,2.753907051251786824759320078
2025-08-23T14:32:37.629975Z,0.2220561308664868370557952670,1.229250896506058067789524507,2.058088418513771248093970281,2.748392000574791756432601733
2025-08-23T14:32:37.722653Z,0.2220561308664868370557952670,1.149949467789515814010357814,2.011436855369241330083076621,2.696620212088769510548563188
2025-08-23T14:32:37.827058Z,0.2220561308664868370557952670,1.149949467789515814010357814,2.011436855369241330083076621,2.696605083659279755155402627
2025-08-23T14:32:37.860019Z,0.2220561308664868370557952670,1.149949467789515814010357814,2.011414189457778472457873271,2.696593750703548326342800953
2025-08-23T14:32:37.951784Z,0.2172450669249462534500436462,1.150501495114900324441780667,2.012201204353899771252527482,2.697355572018855638468503355
2025-08-23T14:32:38.008307Z,0.3007935043663353370053532046,1.179911827987742470169311901,2.021851770505958878830950763,2.705354412824184789116754489
2025-08-23T14:32:38.068500Z,0.2259341157554271508171592378,1.151699891383309123606437511,2.012477189878570894873482571,2.699978886959924922390725128
2025-08-23T14:32:38.087391Z,0.2137692781369236201118522851,1.140561239163052086851799395,2.008473595315916615728369690,2.696481585384676470783831400
2025-08-23T14:32:38.187975Z,0.2080666014302943508410828148,1.140089144333539520606114951,2.008396747269793489196770682,2.694309739971494258189380757
2025-08-23T14:32:38.243029Z,0.2080666014302943508410828148,1.140089144333539520606114951,2.008396747269793489196770682,2.694309739971494258189380757
2025-08-23T14:32:38.265840Z,0.2080666014302943508410828148,1.140089144333539520606114951,2.008343860143046821404629534,2.693995854683046724910550641
2025-08-23T14:32:38.349485Z,0.2080666014302943508410828148,1.140089144333539520606114951,2.008321194231583963779426184,2.693984521727315296097948966
2025-08-23T14:32:38.412385Z,0.2080666014302943508410828148,1.140089144333539520606114951,2.008290973016300153612488385,2.693969411119673391014480067
2025-08-23T14:32:38.473218Z,0.2080666014302943508410828148,1.140089144333539520606114951,2.008290973016300153612488385,2.692468622541373248963894828
2025-08-23T14:32:38.503000Z,0.2080666014302943508410828148,1.140089144333539520606114951,2.008290973016300153612488385,2.696983982116778438250287646
2025-08-23T14:32:38.598220Z,0.2192923897945254214737488510,1.219850237199397581380259128,2.051278396421408419751677269,2.746868027185076903824916623
2025-08-23T14:32:38.644962Z,0.2207356739870175475351782856,1.219994578397592377106858021,2.051307266430974807960483328,2.746894550102225044794768178
2025-08-23T14:32:38.717956Z,0.2202545536403412708696155054,1.141308076523977279034753212,2.009403633893988562322113492,2.698115198488537611805450724
2025-08-23T14:32:38.777656Z,0.2202545536403412708696155054,1.141308076523977279034753212,2.009403633893988562322113492,2.698115198488537611805450724
2025-08-23T14:32:38.833732Z,0.2154243610081683976414934623,1.141021482841896668489767259,2.009381471297379842378226102,2.697861410801677588680775115
2025-08-23T14:32:38.859417Z,0.2154243610081683976414934623,1.141021482841896668489767259,2.009381471297379842378226102,2.697861410801677588680775115
2025-08-23T14:32:38.946505Z,0.2154243610081683976414934623,1.141021482841896668489767259,2.009373959113372414594373013,2.697857728685859744639286660
2025-08-23T14:32:38.968586Z,0.2154243610081683976414934623,1.141021482841896668489767259,2.009373959113372414594373013,2.697842600265063149506752260
2025-08-23T14:32:39.037702Z,0.2154243610081683976414934623,1.219683347195301798923465113,2.046916099902319304731474147,2.735104436369174697009678921
2025-08-23T14:32:39.087431Z,0.2154243610081683976414934623,1.219683347195301798923465113,2.046802771205627882407447291,2.735047772020828985847665493
2025-08-23T14:32:39.151479Z,0.2168676516335991165662816741,1.219827689036790453936399883,2.046831641343853042473520525,2.737210427157989016452805507
2025-08-23T14:32:39.204844Z,0.2546197038388082929097759064,1.234213891722255442168251509,2.051178541121668905952306802,2.740812391603572071710052853
2025-08-23T14:32:39.265792Z,0.2546197038388082929097759064,1.234213891722255442168251509,2.050271911548137527360091953,2.738271372381821158830427434
2025-08-23T14:32:39.316895Z,0.2557422710959419328189967111,1.234326161226914389279629539,2.050294367218996745845853839,2.738282601937627183651225542
2025-08-23T14:32:39.406357Z,0.2557422710959419328189967111,1.154531010741138420625774533,2.012752226430049855708752704,2.701020765833515636148298881
2025-08-23T14:32:39.468263Z,0.6388113520527633314926408157,1.230466088467550677177086138,1.848074193312701060886500987,2.604065108265535216663852385
2025-08-23T14:32:39.527733Z,0.6354793320256233046670696341,1.724077073681017995363194214,2.330111043705508546309968480,3.014096783737443143365060898
2025-08-23T14:32:39.587685Z,0.6354793320256233046670696341,1.540648006078326386150970923,2.234502381429758425122010511,2.840745182726840104349644764
2025-08-23T14:32:39.646480Z,0.6415792943468496064069823040,1.541808743344441668073082999,2.232748975367278942755081147,2.828089045068446584872709072
2025-08-23T14:32:39.689884Z,0.6415792943468496064069823040,1.528894283827087243898757322,2.227899514292833657189398187,2.824885779682226549961710560
2025-08-23T14:32:39.759285Z,0.6415033431707863763046802392,1.416373117818339457456083409,2.196097585996726566890863121,2.799494311094540776417442738
2025-08-23T14:32:39.818136Z,0.6415033431707863763046802392,1.386483705023490231444334013,2.191622757702883940901567127,2.798791120540825357688653891
2025-08-23T14:32:39.876980Z,0.6415033431707863763046802392,1.386408154966202761525091069,2.191607647691426446917718538,2.799149588079164455264420976
2025-08-23T14:32:39.909267Z,0.6415033431707863763046802392,1.383310602617416494836130367,2.190988137221669193579926398,2.798839832844285828595524906
2025-08-23T14:32:39.982192Z,0.6415033431707863763046802392,1.383310602617416494836130367,2.190988137221669193579926398,2.798480157511964825263111411
2025-08-23T14:32:40.038066Z,0.6415033431707863763046802392,1.383310602617416494836130367,2.190988137221669193579926398,2.798480157511964825263111411
2025-08-23T14:32:40.088858Z,0.6415033431707863763046802392,1.383310602617416494836130367,2.190988137221669193579926398,2.798480157511964825263111411
2025-08-23T14:32:40.146353Z,0.6415033431707863763046802392,1.365682412966227014329017276,2.186374339436419601150904206,2.796173258619340029048600315
2025-08-23T14:32:40.219288Z,0.6415033431707863763046802392,1.374667366500592911513905658,2.193285439843071319455542807,2.804848971488568866814684108
2025-08-23T14:32:40.273897Z,0.6171516469153367212790841863,1.350300912179249605207381250,2.181043816661146038867334946,2.791207028061841520617773680
2025-08-23T14:32:40.333823Z,0.6171520380026659829520173921,1.455284030654327176149114584,2.212679632410942986830162439,2.818244431730508406139193101
2025-08-23T14:32:40.384365Z,0.6171520380026659829520173921,1.455284030654327176149114584,2.212679632410942986830162439,2.818244431730508406139193101
2025-08-23T14:32:40.458358Z,0.4785635706211801540188499086,1.086495047605909310615633379,2.007261348972092835858611212,2.653863620536072663190565805
2025-08-23T14:32:40.515963Z,0.4785635706211801540188499086,1.091138282263405934719210040,2.009770188403032463151996550,2.656316818503228643057188505
2025-08-23T14:32:40.579024Z,0.3999962206997638165534254380,1.055478325890910029714494934,2.000470379636823998717313654,2.649535975180419057523692993
2025-08-23T14:32:40.639615Z,0.2138964017805487604443731068,0.9786339727945494349065147575,1.977231173280311690348250299,2.631364768469073077003818200
2025-08-23T14:32:40.699331Z,0.2663574065205163968665978818,1.058586290798537880124372592,1.993098701471312345208482820,2.639215004364358548386052255
2025-08-23T14:32:40.758946Z,0.3776344889810540811457320233,1.098356449121549786915078054,2.006808093236241730743395232,2.650959402247821765012400272
2025-08-23T14:32:40.814311Z,0.3776344889810540811457320233,1.100359546918603789479320703,2.007425263908847558560486211,2.648994733773693916319319533
2025-08-23T14:32:40.879564Z,0.2860516123048355041252456812,1.173536267082835625213757515,2.029336228696125771759977187,2.667042472347508556059482537
2025-08-23T14:32:40.908692Z,0.2888533735037734544340148669,1.174390014761411081893690458,2.029554788101841088670040020,2.667200553369283495457637862
2025-08-23T14:32:40.988247Z,0.2809602511965096605901182995,1.064258937299229836209315879,1.946205421529928572990142587,2.585358371268243086100234080
2025-08-23T14:32:40.994636Z,0.2809602511965096605901182995,1.059348851838817717152970039,1.942829046340173617281981895,2.582428145456423065353503915
2025-08-23T14:32:41.096580Z,0.2806688273099187442191210061,0.9233648697800843994750860822,1.876858319833007380966320226,2.529618195702070626591324056
2025-08-23T14:32:41.146278Z,0.3837427380250915737303645699,1.199989129476607729245739834,2.023495756257952953071073697,2.655071396550837638255937738
2025-08-23T14:32:41.204812Z,0.2918679376353308634927829117,1.084202425073440877838685676,1.957977216900079333402961401,2.597653547177557613422796273
2025-08-23T14:32:41.260863Z,0.3832830615209177796400315838,0.9686016574609408055810938152,1.899939847504101080134734222,2.550560953276915474872764703
2025-08-23T14:32:41.322853Z,0.3861335448948696588220347886,0.9692289882507199789916212922,1.900162499433782990697611953,2.550721994365168268047023546
2025-08-23T14:32:41.400111Z,0.2843171146441777570661079384,0.9450532334305301168990927185,1.885919334891141819030220102,2.536449417115283086990360685
2025-08-23T14:32:41.459539Z,0.2547313521844589197227064386,0.9415871584025061236407586365,1.884981337231809699972135734,2.535861862838531164188676764
2025-08-23T14:32:41.519485Z,0.4723909194866247126509221031,1.157056214932981219790044476,2.056772070108611323237885702,2.699357398414359000214275811
2025-08-23T14:32:41.579274Z,0.2682872983123065801149874059,0.9583351932037636967563026474,1.906451910148644090287032143,2.558013995483553461242091905
2025-08-23T14:32:41.615442Z,0.2679880435038191863659416972,0.8064068256783503726174879588,1.796045920120257766991536085,2.467785042835918480387028618
2025-08-23T14:32:41.684241Z,0.2679157121218001929857951902,0.8047730210882682917193134135,1.798152967382392951711261400,2.469832740232696484265781452
2025-08-23T14:32:41.739684Z,0.2841362262947406467881259362,0.8982513307699549428281661697,1.905694283755434820875727551,2.581936545094681084011245299
2025-08-23T14:32:41.785285Z,0.2624053502693828219386479368,0.9022549823119934606988024103,1.854048551693168143568381086,2.509213501265627035300778257
2025-08-23T14:32:41.847972Z,0.2510203915922500396927794086,0.9006063620929849374323141949,1.879951457976527517885872817,2.537683876310127932664008543
2025-08-23T14:32:41.891763Z,0.2641321605915308539047980910,0.9019417939693314006111710107,1.876577946570932854855512415,2.533520523276223975151559484
2025-08-23T14:32:41.944420Z,0.2626890294460226661525837815,0.9017974752219481576878405098,1.854404547470803912541062414,2.511934317057968147810390690
2025-08-23T14:32:42.002069Z,0.2626890294460226661525837815,0.9017974752219481576878405098,1.854404547470803912541062414,2.511934317057968147810390690
2025-08-23T14:32:42.045132Z,0.2663771103943447753284373762,0.9021663058481100651978621489,1.849514921250525307259925618,2.504397676517473537314016021
2025-08-23T14:32:42.087384Z,0.2658960299092970551108761780,0.9021181921667728690279969591,1.853086676410249790474715211,2.508700602474021711526570171
2025-08-23T14:32:42.175708Z,0.2674995543934071868943808715,0.9022785558808487305025655683,1.853118754539026336229765321,2.508716643881946437413864061
2025-08-23T14:32:42.191120Z,0.2693386463634351289594824192,0.9026192718668749597693633287,1.853261864932588773721515460,2.508820818762617099132156984
2025-08-23T14:32:42.273647Z,0.2693386463634351289594824192,0.9026192718668749597693633287,1.853261864932588773721515460,2.508820818762617099132156984
2025-08-23T14:32:42.321720Z,0.2600382541470533484428847526,0.9016891763169125402366128631,1.853075818892789422514283424,2.508727784025035158479696790
2025-08-23T14:32:42.388251Z,0.2600342982992453525764101759,0.9021633018012068256542311025,1.853513977483360869452024067,2.509096254395054442672738999
2025-08-23T14:32:42.479863Z,0.4059715971128051652012779569,1.103754969320870991623181513,2.038556682941390695907767417,2.686511318205705482186998496
2025-08-23T14:32:42.529729Z,0.3834779567323667354452784525,1.156388382222824534305717706,2.055550874828214648901145302,2.699540880604992159777207890
2025-08-23T14:32:42.587199Z,0.2959161688498890579752757773,1.062159436443808606611545750,1.941248713258101119164699630,2.591900625196589545975886696
2025-08-23T14:32:42.632834Z,0.2959161688498890579752757773,1.062159436443808606611545750,1.941248713258101119164699630,2.591900625196589545975886696
2025-08-23T14:32:42.699023Z,0.2901436658256100290147372021,1.061582145633666048576312471,1.941133243960797398709307730,2.582840784064195513527207950
2025-08-23T14:32:42.769891Z,0.3876306292738735715108721272,1.086274567296548590590136119,1.945072711466025914593134560,2.581921382233620594748000942
2025-08-23T14:32:42.814181Z,0.2941523785482443621801721430,1.061983049312101206004199503,1.936106495718895236401414589,2.575307355059637395974602358
2025-08-23T14:32:42.888687Z,0.2981610738855934356292210658,1.061224500500109462102316489,1.935569514342490901954249492,2.574839010360891140167428120
2025-08-23T14:32:42.930208Z,0.3098663361028527384193029170,1.063554566590706009045650847,1.936420832580441823554740591,2.575464540819193772173573123
2025-08-23T14:32:42.989647Z,0.3292154604907874721460565631,1.065489641060358102975043901,1.941914829901282438606146924,2.592233722796755192973841274
2025-08-23T14:32:43.058839Z,0.6217942584486944802545101450,1.134440858471477896587368469,1.946803895847711507533283151,2.588924377753910678663730466
2025-08-23T14:32:43.118662Z,0.6106871944291635030880395627,1.271924640838478399847913525,2.060479994393245503741465509,2.700112126944049762249704591
2025-08-23T14:32:43.178649Z,0.6106871944291635030880395627,1.271924640838478399847913525,2.060359110144605152572611491,2.655835291998687584815744010
2025-08-23T14:32:43.224640Z,0.4901141549123666445395448524,1.241669145417175783879694174,2.051809717581691173616716960,2.646948647538245780384817204
2025-08-23T14:32:43.298409Z,0.4943156112516349230916270163,1.241262623909817657477978385,2.046758898550036785090448902,2.639350668839305765573423427
2025-08-23T14:32:43.359786Z,0.4943156112516349230916270163,1.241224851135235222692247897,2.046751343995120298133302805,2.639346891561847522094850379
2025-08-23T14:32:43.399874Z,0.4901466144569165032123878155,1.240694593667418536790936251,2.046645287974428679322893556,2.639293858930492890657030351
2025-08-23T14:32:43.479842Z,0.4901466144569165032123878155,1.240694593667418536790936251,2.046645287974428679322893556,2.639293858930492890657030351
2025-08-23T14:32:43.538806Z,0.4899862780551237847522616409,1.240678560027239264944923634,2.046642081246392824953691033,2.639292255566474963472429089
2025-08-23T14:32:43.598943Z,0.4856569260825045659191993659,1.240245585365379803505421145,2.046555481786892651035643616,2.639248951215716054480789977
2025-08-23T14:32:43.643308Z,0.4855963428835486218401863737,1.238688170456463268825667009,2.042705158472308043958519926,2.636924105941060492838935807
2025-08-23T14:32:43.718168Z,0.4852756692106989219341147237,1.238580571413471066517274910,2.042683724679146954469632970,2.636913476843647566714184998
2025-08-23T14:32:43.766386Z,0.4838325008606802783888343353,1.238436234846170432384648741,2.042654855102122686828034277,2.636899039744631021877077949
2025-08-23T14:32:43.828947Z,0.4854360060471237718871505487,1.238596605097113551512578493,2.042686931415875451468693687,2.636915080212011815213715356
2025-08-23T14:32:43.887754Z,0.5854789199721852821129797540,1.465028012614589131597612531,2.107116913911935619854743334,2.688670761643697010465463631
2025-08-23T14:32:43.935225Z,0.4706212099697830703222184424,1.445035996693840302159734871,2.102135747007242666375984697,2.685177034577985021968263770
2025-08-23T14:32:43.987382Z,0.4755919082449845733844408564,1.354050192700674979353887174,2.054149445716685132012773143,2.630368685447729553459382736
2025-08-23T14:32:44.053397Z,0.4755919082449845733844408564,1.374638909224601934556309918,2.068903721371596433808590530,2.648147598608360070815482448
2025-08-23T14:32:44.119545Z,0.4523658453379814632003711063,1.372764264120209164105488174,2.068580270326408296119043655,2.648038418577081334840463712
2025-08-23T14:32:44.179024Z,0.4384399686317298058937247074,1.340898023149637366854249548,2.051427042167965934228944996,2.628943519669255379105051586
2025-08-23T14:32:44.239139Z,0.4347518631701554805177668271,1.340529175607592901640184314,2.051353267652594886387812776,2.628906627790561033151870072
2025-08-23T14:32:44.299823Z,0.4347518631701554805177668271,1.340529175607592901640184314,2.050318370492859363516883263,2.628389236973303547124097861
2025-08-23T14:32:44.335699Z,0.4347518631701554805177668271,1.340529175607592901640184314,2.050318370492859363516883263,2.628389236973303547124097861
2025-08-23T14:32:44.408857Z,0.4347518631701554805177668271,1.340529175607592901640184314,2.050318370492859363516883263,2.628389236973303547124097861
2025-08-23T14:32:44.435041Z,0.4347518631701554805177668271,1.340529175607592901640184314,2.050318370492859363516883263,2.628389236973303547124097861
2025-08-23T14:32:44.518620Z,0.5832869779041282359503098992,1.372256240033070289621032509,2.060829180559791407870396871,2.637547049299409947764606541
2025-08-23T14:32:44.573672Z,0.4430218394388064688734070026,1.340990319621080753650377480,2.052324850207730254086378703,2.631163991393762237882597429
2025-08-23T14:32:44.628322Z,0.4499095675701495173649227444,1.337487114691552659398835090,2.049151952405347661590032981,2.627291034980367449304399525
2025-08-23T14:32:44.685696Z,0.4315543008305428863911159802,1.333764217405947671247558943,2.048185311673180281105285157,2.626602770562522201552566822
2025-08-23T14:32:44.732454Z,0.4006317940445227593594443802,1.185630506768460988919358050,2.008296330389613369945005562,2.599158681812901037784179330
2025-08-23T14:32:44.798051Z,0.4006317940445227593594443802,1.186774919248609709603583768,2.008844625777605779355608317,2.599632688138450153105687800
2025-08-23T14:32:44.844652Z,0.4006317940445227593594443802,1.181212191579063300823284530,2.006110252976328239053583318,2.597250714337466554514191456
2025-08-23T14:32:44.876039Z,0.4006317940445227593594443802,1.181212191579063300823284530,2.006110252976328239053583318,2.597250714337466554514191456
2025-08-23T14:32:45.029199Z,0.4006317940445227593594443802,1.181212191579063300823284530,2.006110252976328239053583318,2.597250714337466554514191456
2025-08-23T14:32:45.087148Z,0.4006317940445227593594443802,1.181212191579063300823284530,2.006110252976328239053583318,2.597250714337466554514191456
2025-08-23T14:32:45.138839Z,0.5346706071284972076841396172,1.208292404442757492264743298,2.014947794750886899461721144,2.603810338538878909010762926
2025-08-23T14:32:45.147623Z,0.3989162161813281775531367118,1.181759835279637749765157394,2.006809148352681199982805953,2.597968932392667703785858835
2025-08-23T14:32:45.217361Z,0.3989162161813281775531367118,1.180615422799489029080931676,2.006260852964688790572203198,2.597494926067118588464350364
2025-08-23T14:32:45.302094Z,0.3990233637806180408061330766,1.179908680459891212446751588,2.005527981361931084468451205,2.596758370564139033081720446
2025-08-23T14:32:45.372642Z,0.3990233637806180408061330766,1.179908680459891212446751588,2.005527981361931084468451205,2.596758370564139033081720446
2025-08-23T14:32:45.406950Z,0.4099811133215052545068852901,1.181783676182024458227788353,2.006509955470634232156927582,2.597629145625799206996290806
2025-08-23T14:32:45.499097Z,0.4100875343897241142121099551,1.181211337570388130405112352,2.010952573824983984892534815,2.604526394712126405975183461
2025-08-23T14:32:45.546016Z,0.4100875343897241142121099551,1.181211337570388130405112352,2.005845714680608622327843625,2.596952983037220635307871453
2025-08-23T14:32:45.579218Z,0.4100875343897241142121099551,1.181211337570388130405112352,2.005845714680608622327843625,2.596952983037220635307871453
2025-08-23T14:32:45.712548Z,0.3166032008135618090136880001,1.253383407596752480869340758,2.034160942294630776309923656,2.621484211749645111998832752
2025-08-23T14:32:45.775896Z,0.4294887620429500864548504359,1.300211460562588700268685237,2.046905070480163758955975373,2.631043935527017320046976779
2025-08-23T14:32:45.837649Z,0.3964691879937393849251235322,1.289619037026441671520420995,2.042169711804560881812961886,2.626199172496930736545429945
2025-08-23T14:32:45.889337Z,0.2819853352511041503326478750,1.259978723322877388146008406,2.036627648387647354961410534,2.623793520490275475495157916
2025-08-23T14:32:45.914795Z,0.2834284703083015215210490385,1.260123049728478787974406948,2.036656514889214660159180541,2.623807954896311333602196770
2025-08-23T14:32:45.997691Z,0.4075767361934648451929447209,1.320995799628154826222556078,2.059161628636137844971325797,2.645147180511373388422086736
2025-08-23T14:32:46.022094Z,0.4075767361934648451929447209,1.319233314179095298440805038,2.058613333248145435560723042,2.644673174185824273100578265
2025-08-23T14:32:46.095546Z,0.3174659685431517774954697206,1.272862499796266188362698601,2.038856446912749294668111210,2.624578550417522837636691262
2025-08-23T14:32:46.160927Z,0.3179470354676769951342498247,1.105767974296551154919711928,1.991567766545869358360842288,2.589638975552942257426265854
2025-08-23T14:32:46.202641Z,0.3179470354676769951342498247,1.105767974296551154919711928,1.991567766545869358360842288,2.589638975552942257426265854
2025-08-23T14:32:46.277278Z,0.4271300451065572384656564338,1.384950898086892785771604379,2.085123856692572045600038561,2.804590307614802753290241296
2025-08-23T14:32:46.313280Z,0.3726156980520179035406133085,1.354887839049463005482058538,2.077023666065526965598823329,2.788887271757173809780552933
2025-08-23T14:32:46.393989Z,0.4271300451065572384656564338,1.384950898086892785771604379,2.085123856692572045600038561,2.795069840058418035529699000
2025-08-23T14:32:46.459505Z,0.3607503789014264322313105250,1.354645462686114368316743208,2.077012949838279903353460713,2.785153876561779936798403231
2025-08-23T14:32:46.510514Z,0.3576535265638248809770773710,1.354512330552687345681145263,2.078086969025463053813151560,2.784473079489913991951395263
2025-08-23T14:32:46.562791Z,0.3576535265638248809770773710,1.354512330552687345681145263,2.078086969025463053813151560,2.784473079489913991951395263
2025-08-23T14:32:46.610597Z,0.3576535265638248809770773710,1.354512330552687345681145263,2.078071859974740049781895077,2.784465524964552489935767021
2025-08-23T14:32:46.699597Z,0.3576535265638248809770773710,1.376379276357494142354105837,2.089663722718956041436610447,2.797658316875770358288562964
2025-08-23T14:32:46.759664Z,0.3598983647531074350215184195,1.378583759848709770612896066,2.089238854799966429014163488,2.796561499705123830388635448
2025-08-23T14:32:46.815213Z,0.3598983647531074350215184195,1.376824282054000173765926171,2.088691160942844005790516961,2.796087643762292211613866034
2025-08-23T14:32:46.871385Z,0.3598983647531074350215184195,1.376786509818361582031403649,2.083765661415571643608780143,2.788601186658723329831502250
2025-08-23T14:32:46.923274Z,0.3497966832613560791974500307,1.375776208237122078125734121,2.083563589781503038752278939,2.788500139280474329691854946
2025-08-23T14:32:46.963022Z,0.3497966832613560791974500307,1.374225700701970009252883447,2.079711802641546320289197266,2.786147176091164611139195591
2025-08-23T14:32:47.044294Z,0.3576535265638248809770773710,1.375011478434661947257130064,2.079868966110559200742803698,2.786225765918521339763976498
2025-08-23T14:32:47.096865Z,0.3507587548710852846903482938,1.374321921206149366634499543,2.079731047874164262173057215,2.786156799863595051852265235
2025-08-23T14:32:47.179523Z,0.3507587548710852846903482938,1.363259527703517256177785056,2.075620025122606464553163616,2.782161915532461522126056966
2025-08-23T14:32:47.182163Z,0.3507587548710852846903482938,1.373094917372737430080185717,2.080300170291476911710958506,2.787273400883859209961351207
2025-08-23T14:32:47.294515Z,0.4171428437189333101761333674,1.404399269192148822561997340,2.087702233493682165605012491,2.792140167104754123604944949
2025-08-23T14:32:47.332843Z,0.3438683930428782417635146579,1.372422174036006577374972309,2.079219214139035254881103555,2.785766162473401056842798296
2025-08-23T14:32:47.395112Z,0.3438683930428782417635146579,1.372903312144582290922494964,2.080359866100271458190366527,2.787403373532024542981053994
2025-08-23T14:32:47.467250Z,0.3425856488903428782461098360,1.371140139263958308695124379,2.083865726726003514522341678,2.793097777438185205704651038
2025-08-23T14:32:47.496646Z,0.3353701261602341763153913278,1.370418493588502380675768646,2.083721389668437836065713423,2.793025600816552078078359219
2025-08-23T14:32:47.579416Z,0.3353701261602341763153913278,1.370418493588502380675768646,2.083721389668437836065713423,2.793025600816552078078359219
2025-08-23T14:32:47.617965Z,0.3323235536322793982239974917,1.371208988227249843891004171,2.080137290792757272775516894,2.788927386032392350422329869
2025-08-23T14:32:47.631221Z,0.3323235536322793982239974917,1.371208988227249843891004171,2.080137290792757272775516894,2.788927386032392350422329869
2025-08-23T14:32:47.714247Z,0.3323235536322793982239974917,1.371208988227249843891004171,2.080137290792757272775516894,2.761035397828134546287300618
2025-08-23T14:32:47.783847Z,0.3413029033469846939513941325,1.370946720107295026508865648,2.078911968013856767763404348,2.758145270437891437846974980
2025-08-23T14:32:47.858434Z,0.3413029033469846939513941325,1.371513552016751765464852321,2.084993644539501389149487071,2.766650183732475578129189446
2025-08-23T14:32:47.919590Z,0.3427531160407377219791252272,1.371285087236970956533614036,2.080002401206921273300030950,2.760830525700167372487516605
2025-08-23T14:32:47.978441Z,0.3597395854643890030595059632,1.376284269693931618370561531,2.081282191915903202730289509,2.761726723226215202101985300
2025-08-23T14:32:48.027609Z,0.3607016549009575510878559740,1.376380489980794910005722801,2.081301437105057931464858493,2.762335703641387114539431413
2025-08-23T14:32:48.092232Z,0.3607016549009575510878559740,1.376380489980794910005722801,2.081301437105057931464858493,2.760930268523119582554961515
2025-08-23T14:32:48.146447Z,0.3607016549009575510878559740,1.376380489980794910005722801,2.081301437105057931464858493,2.760930268523119582554961515
2025-08-23T14:32:48.172222Z,0.3607016549009575510878559740,1.376380489980794910005722801,2.081301437105057931464858493,2.760930268523119582554961515
2025-08-23T14:32:48.268130Z,0.4459311135888040153750247251,1.526492635901752797498848551,2.131087782724615821052911116,2.806674020040800656711765401
2025-08-23T14:32:48.329533Z,0.3867668530238856868815374920,1.378795278999709796125802184,2.085682881630155611776670538,2.768362033807164936765588505
2025-08-23T14:32:48.378387Z,0.3731377162767516620224050256,1.377498143742668570876961163,2.085462038161309630061557383,2.768289573339456430801805444
2025-08-23T14:32:48.434293Z,0.3763445870457980134964577264,1.369339088966719913449095863,2.029113989406189500565521598,2.684415921199108326104314406
2025-08-23T14:32:48.446333Z,0.3763445870457980134964577264,1.368486118879798268103960355,2.024759817993448616029154776,2.678513566317018155844565640
2025-08-23T14:32:48.549630Z,0.3729773783972096964863860395,1.376425081281641490817766006,2.033932197554385844587806404,2.689764623853054701105004385
2025-08-23T14:32:48.598998Z,0.3910960939045320961268931109,1.430625962593907161620522425,2.043960002150559786626916950,2.694034788035777004683117754
2025-08-23T14:32:48.658865Z,0.3930122099900803908629373230,1.439660424540842663907274190,2.038920450273672641076482955,2.685003391813521257835819712
2025-08-23T14:32:48.710615Z,0.3803311972467966851302742446,1.437837103293325010997279507,2.038516951185987216686674957,2.684766088408608793399050581
2025-08-23T14:32:48.769662Z,0.4468712008099108991091475590,1.469644839249784954887140596,2.047017595916683280479892983,2.690974785786990356338803222
2025-08-23T14:32:48.829633Z,0.3766432857180794318906023971,1.438280558022455095220728580,2.038631867785948716972467315,2.684847556677659817168516830
2025-08-23T14:32:48.834553Z,0.3766432857180794318906023971,1.437738606872759661513711579,2.038471972417549524049564927,2.684720455287588909978688683
2025-08-23T14:32:48.937814Z,0.4468712008099108991091475590,1.469915187354917078056844928,2.047046390580513364003584324,2.690966043526756366915228436
2025-08-23T14:32:48.984143Z,0.4468712008099108991091475590,1.469915187354917078056844928,2.047046390580513364003584324,2.690966043526756366915228436
2025-08-23T14:32:49.029629Z,0.3923642152936355121920180418,1.440134672991259591298890736,2.039026612125549749884420450,2.685066829188659595810372261
2025-08-23T14:32:49.087278Z,0.3870729147991067266580705124,1.440185942797282836381473666,2.038994446894755524424304750,2.685011911183967046539495913
2025-08-23T14:32:49.155303Z,0.3870729147991067266580705124,1.439866419178438351974053505,2.039060749171058733013435392,2.685164268730786814982273746
2025-08-23T14:32:49.205035Z,0.3965330740491889699231522582,1.440812568535510944623824369,2.039249990360293955618756863,2.685258899687034441075900548
2025-08-23T14:32:49.241506Z,0.4124624747527627717412445422,1.443727711931734243487787250,2.039930429258774451262808446,2.685688299613485991784670377
2025-08-23T14:32:49.328492Z,0.4090953292127599475016541012,1.443390957348114650566849399,2.039863074946704321456010686,2.686858306522832986127455090
2025-08-23T14:32:49.379417Z,0.4634493399524329902651529820,1.473437982754057801640240816,2.047960058847452075613995033,2.692818007346413065772054658
2025-08-23T14:32:49.437438Z,0.4094160018424925318247425902,1.443423024611087908999158248,2.039869488399298973142472456,2.686861513249130311970685975
2025-08-23T14:32:49.485952Z,0.3926035161826364202689303699,1.441622289317833134554327995,2.038208252000405250999403989,2.683333048840525343334392532
2025-08-23T14:32:49.522195Z,0.3926035161826364202689303699,1.441622289317833134554327995,2.038208252000405250999403989,2.683333909067917051153115989
2025-08-23T14:32:49.578847Z,0.3823415546174165874658265054,1.438836481934537186103785024,2.037455280907744853379675550,2.682778156960700953839329453
2025-08-23T14:32:49.616978Z,0.3823415546174165874658265054,1.403624505046361557518151433,2.030693366026362264229997241,2.679653983507362211943751822
2025-08-23T14:32:49.709879Z,0.4548142761703850097464082327,1.546144110471665831521026003,2.079192664298008476456607654,2.722209692248722757420985074
2025-08-23T14:32:49.769887Z,0.3975741186649161422938658238,1.404985423907366332256358375,2.035686494627968586354211366,2.686472641691922053247390914
2025-08-23T14:32:49.814620Z,0.3828225682560424840738834637,1.403510068718382413949466104,2.035391406613440746579781965,2.686325082142213111173727114
2025-08-23T14:32:49.869181Z,0.3828225682560424840738834637,1.402968117568686980242449103,2.035231511245041553656879577,2.686197980752142203983898966
2025-08-23T14:32:49.937338Z,0.4548142761703850097464082327,1.432493712137836800241725006,2.038110445228028226575294823,2.684866931278531697916934237
2025-08-23T14:32:49.989665Z,0.3842656856671753166501528188,1.400827015264236994817837633,2.029689508925236015026623609,2.678745237675321365911445529
2025-08-23T14:32:50.050585Z,0.3842656856671753166501528188,1.400753040910227472114763050,2.029674714054434110486008692,2.678737840239920413641138070
2025-08-23T14:32:50.099975Z,0.3842656856671753166501528188,1.400753040910227472114763050,2.029674714054434110486008692,2.678737840239920413641138070
2025-08-23T14:32:50.146441Z,0.3842656856671753166501528188,1.400753040910227472114763050,2.029674714054434110486008692,2.678737840239920413641138070
2025-08-23T14:32:50.226820Z,0.3842656856671753166501528188,1.400753040910227472114763050,2.029674714054434110486008692,2.678737840239920413641138070
2025-08-23T14:32:50.246103Z,0.3842656856671753166501528188,1.401697354624570632350199798,2.034781562621601921039250628,2.685793752313492506920321456
2025-08-23T14:32:50.348306Z,0.3889156577659656354628178079,1.401218104836138688157660893,2.029767732498526705732271910,2.678784354642781718659752713
2025-08-23T14:32:50.401142Z,0.3889156577659656354628178079,1.399458627041429091310690999,2.029220038641404282508625383,2.678331251514964623334973200
2025-08-23T14:32:50.442700Z,0.3810588115949247658299867746,1.398746810032683032391872327,2.029077666185398507464567811,2.678260056997657723980171561
2025-08-23T14:32:50.520062Z,0.3810588115949247658299867746,1.399691123747026192627309076,2.034184514752566318017809747,2.685315969071229817259354946
2025-08-23T14:32:50.579189Z,0.5892173795655008659393271799,1.611361671861172586204176354,2.090168351880607596596013302,2.725804412355843931077253558
2025-08-23T14:32:50.632738Z,0.6025666819787566591618736522,1.481727224865582407273516565,2.050052920158120907965646502,2.694263558876550696817445334
2025-08-23T14:32:50.683103Z,0.5189201448211647419634671700,1.457851303881182354126699526,2.040687713795436823329383831,2.685164319190708017046098344
2025-08-23T14:32:50.748494Z,0.5202029175724943577143269919,1.457979591005079415331118187,2.040698263329091758362094028,2.685169594993698486041550049
2025-08-23T14:32:50.819775Z,0.6534251962244549854326521648,1.525412224115624664382500963,2.064803294368997377125476080,2.705436826331822595507477129
2025-08-23T14:32:50.878686Z,0.3544807732001307547304383269,1.373375760983273486661987417,2.021636086959979899133182716,2.672171334439298255130191230
2025-08-23T14:32:50.920660Z,0.3521844498793743713861153202,1.292103164630436862228959600,2.007571106625997268858612125,2.667150315386025264383465846
2025-08-23T14:32:50.998453Z,0.4583297949496876364065780182,1.358375184400287848168045124,2.016019268805326225533307751,2.667317841120485112045773022
2025-08-23T14:32:51.059128Z,0.3789664143670606563475436743,1.440503592351917464401346612,2.041103132443319732390042526,2.686477690890758125784538162
2025-08-23T14:32:51.107912Z,0.3789664143670606563475436743,1.440503592351917464401346612,2.041103132443319732390042526,2.686477690890758125784538162
2025-08-23T14:32:51.176410Z,0.3789664143670606563475436743,1.441447904979680295904509234,2.046209975134261125159145988,2.693533594845402002776169277
2025-08-23T14:32:51.238888Z,0.3921196194552294785939980867,1.407441217816631572295209272,2.039393302054597358314597429,2.690111218296900077594874435
2025-08-23T14:32:51.293560Z,0.3954868322762862579360024179,1.406250775698830878683175907,2.033654413708853756414681300,2.680714755644382773042533144
2025-08-23T14:32:51.359870Z,0.4754299844797212165196892919,1.439563208442224980977238185,2.042510126406235962740378190,2.687150542537816146522836463
2025-08-23T14:32:51.374138Z,0.4074470921219753352350227615,1.408666266561711699553758844,2.034243150156317619252082420,2.681105837250346760380308331
2025-08-23T14:32:51.475510Z,0.4008729917550719287926532218,1.408008765069728250171473242,2.034111641935446436522868191,2.681040075886770158662024969
2025-08-23T14:32:51.539678Z,0.4754299844797212165196892919,1.439563208442224980977238185,2.042510126406235962740378190,2.687150542537816146522836463
2025-08-23T14:32:51.583763Z,0.3930160909942353436503700914,1.405242420365505629507488342,2.033390958658965159149464905,2.680526463981187730526166093
2025-08-23T14:32:51.625403Z,0.3930160909942353436503700914,1.394767785996526506931534965,2.030164249714761797904490719,2.677876946507606953296995479
2025-08-23T14:32:51.677947Z,0.3917333391052480395591734914,1.394759346709658738585419318,2.030100287812528210341784712,2.677787952759659775183052928
2025-08-23T14:32:51.765607Z,0.3952609143190990006373010944,1.395053911960828518369922622,2.030241433884433837102397983,2.677933811326974056764607975
2025-08-23T14:32:51.828441Z,0.4517055528123024189494741451,1.424143872015093209251075378,2.038461855169012571864793072,2.684243481027851096596426203
2025-08-23T14:32:51.886251Z,0.6007856723344000509736563815,1.502930075435187374040891843,2.054219986565520815554162704,2.692123362186387382490140479
2025-08-23T14:32:51.925357Z,0.6006253381926944162766603893,1.501632974418465467803473085,2.055445767218940677190762172,2.695602655502358031434595057
2025-08-23T14:32:51.999635Z,0.6006253381926944162766603893,1.501632974418465467803473085,2.055445767218940677190762172,2.695602655502358031434595057
2025-08-23T14:32:52.059354Z,0.6992308353416597549291956007,1.529162346549322945277684948,2.063039192170119536440492363,2.701310550947078626647652380
2025-08-23T14:32:52.109261Z,0.6049546155824398709264266463,1.503010262681663735290255813,2.059338049796064084421554398,2.699349222224496797043701783
2025-08-23T14:32:52.152464Z,0.5977391585687094507236472868,1.502288640345953268440148309,2.059193716274665427791239059,2.699277047174493456895771260
2025-08-23T14:32:52.238328Z,0.6992308353416597549291956007,1.530106659177085776780847570,2.066844873961245504436876920,2.705013812095403665244072237
2025-08-23T14:32:52.290066Z,0.5964564276289908845906958387,1.502160357672689233723124468,2.059168058608230550440297561,2.699264217305113016741203904
2025-08-23T14:32:52.359744Z,0.6992308353416597549291956007,1.530106659177085776780847570,2.066844873961245504436876920,2.705013812095403665244072237
2025-08-23T14:32:52.414216Z,0.6992308353416597549291956007,1.530106659177085776780847570,2.066844873961245504436876920,2.705013812095403665244072237
2025-08-23T14:32:52.469560Z,0.6094905149143363973594707189,1.503843671549715200776357299,2.059549606728766036350110612,2.699496084553856419188434891
2025-08-23T14:32:52.503101Z,0.7175429152072262981299126741,1.638678375091267314711867365,2.101132627822810737308643968,2.733668829985514145689472814
2025-08-23T14:32:52.587098Z,0.7645130561180839521024968148,1.467496987163342237930279896,1.816522418966900150660304150,2.680198579391330632762411982
2025-08-23T14:32:52.647344Z,0.8392975374765605119625324578,1.481589924287384149875384175,1.820238053572309448832757501,2.682418755865331897065959572
2025-08-23T14:32:52.709911Z,0.8113742314596882094458556247,1.427042778694942329460815174,1.801328395907376835255684639,2.659629385389840327893148314
2025-08-23T14:32:52.766405Z,0.8114059951631370982690689158,1.435022363821708426567933064,1.790141467189280235771532656,2.622313959364527745247833267
2025-08-23T14:32:52.827702Z,0.7972704958099572270767837317,1.488809433025703521470016904,1.821192684604942083901686817,2.562352841141280597373647333
2025-08-23T14:32:52.888152Z,0.7802751971155277467689960087,1.487109767651083513355700221,1.817611641202909419322200305,2.547374821643016570025748939
2025-08-23T14:32:52.938000Z,0.7478493098810602852006294137,1.433758471318367844531952349,1.800111717600917739213163360,2.491914834608538547241773389
2025-08-23T14:32:52.997830Z,0.7581107613354331174079039181,1.434784696172732810154760924,1.800316973889241533045196135,2.492017482041044013105468949
2025-08-23T14:32:53.041752Z,0.7488113292724083026800931734,1.433854681228395414520106838,1.800130960714668333281541364,2.491924458094248201170730308
2025-08-23T14:32:53.110129Z,0.7605720744509200100918282486,1.441183742942619785589938421,1.802470403300662379450569056,2.490255388659470987406293659
2025-08-23T14:32:53.169693Z,0.8760175671696572363993382507,1.468205414557049361513669929,1.810072252704247064644853048,2.497801540676217685342271396
2025-08-23T14:32:53.190287Z,0.8760175671696572363993382507,1.468205414557049361513669929,1.810072252704247064644853048,2.497801540676217685342271396
2025-08-23T14:32:53.289050Z,0.8760175671696572363993382507,1.468205414557049361513669929,1.807806010369549103459276192,2.488287099941044078298157894
2025-08-23T14:32:53.339707Z,0.8760175671696572363993382507,1.468205414557049361513669929,1.807806010369549103459276192,2.488287099941044078298157894
2025-08-23T14:32:53.409289Z,0.5879773031218822954693471582,1.413521350036279731397429192,1.793194627168010034458682286,2.474988217501064270647013534
2025-08-23T14:32:53.440310Z,0.4695086084555352178511490103,1.387324186257250785191611092,1.788185468090677814906221403,2.477178145998157654610437828
2025-08-23T14:32:53.518258Z,0.4669432264252914602140971367,1.386694695144861414468387305,1.787863775705857541370737132,2.473945528746824844412215111
2025-08-23T14:32:53.572692Z,0.4583860782316613509272464803,1.385291181806545910973298596,1.787505378738447583882889592,2.475499335648253281419670764
2025-08-23T14:32:53.628648Z,0.4985433064819134836517380480,1.424907904313648111161357772,1.800968105819034222467443314,2.505980814657402640695058372
2025-08-23T14:32:53.687964Z,0.4580666309265858610530835816,1.361810929363069602105115388,2.117238366299030606446296545,2.700609358194058207944250689
2025-08-23T14:32:53.736385Z,0.4330304456376638156455064961,1.312454239378426826530729769,2.089237607487423787030262229,2.662632845187573491174974352
2025-08-23T14:32:53.802970Z,0.5515128614527147648184611787,1.340720071459879441333425183,2.091875075862341725733053758,2.655210988578892823871302678
2025-08-23T14:32:53.868053Z,0.4353492561405536988919198660,1.312408245127987373480005294,2.082357978967534692832694047,2.648076324152826439894622538
2025-08-23T14:32:53.920043Z,0.5908627021543793297452726065,1.343126468609828927864941610,2.094486127810266675040305380,2.657940806638701900562460789
2025-08-23T14:32:53.986166Z,0.6016052631361638405273827765,1.344225679739177090072174826,2.099420970916454917191159958,2.666909392528005149353190737
2025-08-23T14:32:54.038412Z,0.6003225936780911059135636214,1.344097403892394686100462368,2.103389306898712074968115342,2.661073134468395996908128072
2025-08-23T14:32:54.095045Z,0.5940733889745689839697697155,1.343877486691455824456081098,2.098869570803932336073526922,2.653311704314647732391835007
2025-08-23T14:32:54.149415Z,0.4934214872929670344475995291,1.316529335419209634262495754,2.089815189002949534556797283,2.646300087755443969817523491
2025-08-23T14:32:54.200283Z,0.6930022476266058317467968116,1.358210659387106146518829930,2.106964180880157801076678989,2.662758958761495372514284261
2025-08-23T14:32:54.259317Z,0.5620562529458946316645670999,1.328710109530236695095749589,2.097235412590403245031284885,2.655534530628068538377740782
2025-08-23T14:32:54.316372Z,0.6930022476266058317467968116,1.358246456935991427596021768,2.107035239822823656166804622,2.662833876827975834374062176
2025-08-23T14:32:54.357046Z,0.6930022476266058317467968116,1.358246456935991427596021768,2.107035239822823656166804622,2.662833876827975834374062176
2025-08-23T14:32:54.417579Z,0.5769677367901684209657079937,1.330237180077201182247683106,2.097604755192977965088445835,2.655490635193664661411991065
2025-08-23T14:32:54.487914Z,0.5305805315073006032714125930,1.312246898942422469051400741,2.090893073308961408753161574,2.650215507414473168101738841
2025-08-23T14:32:54.542735Z,0.5321838879746217900478144912,1.312407243490129718239371473,2.090925144294238074573047647,2.649987932146580111057918706
2025-08-23T14:32:54.607672Z,0.5554004942040439894187919664,1.305828133704989609371927115,2.087533634863137728465062043,2.647012691684868103238272976
2025-08-23T14:32:54.669334Z,0.6704424299227488366907930321,1.342650866204392552995680115,2.100802543761353035143422829,2.657286686104808547543832848
2025-08-23T14:32:54.718874Z,0.5726434437559855037536863749,1.316453564008246440533510889,2.091734493503005274305844546,2.650392659211085886369577788
2025-08-23T14:32:54.767812Z,0.6704424299227488366907930321,1.342650866204392552995680115,2.100802543761353035143422829,2.657286686104808547543832848
2025-08-23T14:32:54.828912Z,0.5708797475217542570282608133,1.316277176582873054840307249,2.091699211866460165202619964,2.650375015833782981796245466
2025-08-23T14:32:54.885009Z,0.5567701632185891302491251684,1.314866093538904715017766094,2.091416966197373473486024752,2.650233875086027185785907644
2025-08-23T14:32:54.938064Z,0.7011795445334517812055127807,1.487629682935357320041558166,2.178727055220597934304458115,2.727911685050642767316645019
2025-08-23T14:32:55.005284Z,0.7283617956935013537261859256,1.370563820022109013910598658,2.106320357056011167942234062,2.660005662922071050034736838
2025-08-23T14:32:55.067521Z,0.7283617956935013537261859256,1.370563820022109013910598658,2.106320357056011167942234062,2.660005662922071050034736838
2025-08-23T14:32:55.122407Z,0.6441013768043978118725882780,1.326687592792557081088622289,2.096344242742804193976065156,2.654277371689814055239503814
2025-08-23T14:32:55.185913Z,0.6499307378095647670893398436,1.327194034243111794813400053,2.096432808851776381253798832,2.654313812595792507317336062
2025-08-23T14:32:55.247252Z,0.6446398010492980594526899916,1.326664896062209471498082357,2.096326970836919836679275657,2.654260887190788359975774397
2025-08-23T14:32:55.309669Z,0.5700434205039264470006256325,1.304629639890797899839256560,2.088447195904682204112659051,2.648180359321239799788906073
2025-08-23T14:32:55.332909Z,0.5674780921924583793575608199,1.304373080356725701543958452,2.088395877770662116506723648,2.648154696415684230953358325
2025-08-23T14:32:55.382163Z,0.5911086467888363170216155053,1.307960424752099367565724553,2.089472498659746969789490634,2.648914393693867736638052147
2025-08-23T14:32:55.469455Z,0.6606891642579779009823017061,1.331335630851179650840996553,2.097976071578095517285515510,2.655526146091165890837450071
2025-08-23T14:32:55.529762Z,0.5848557729538568320742814190,1.307335083962750636009007891,2.206658019379178715543219167,2.789487407465388658167133627
2025-08-23T14:32:55.573322Z,0.6606891642579779009823017061,1.332910086443332450334579745,2.208787736099125918157532917,2.742583756423598623391180255
2025-08-23T14:32:55.602769Z,0.6606891642579779009823017061,1.332910086443332450334579745,2.215964173462099035083010937,2.752097800814169761327392686
2025-08-23T14:32:55.656627Z,0.6606891642579779009823017061,1.332910086443332450334579745,2.208787736099125918157532917,2.742583756423598623391180255
2025-08-23T14:32:55.747189Z,0.6711782174710756337326965022,1.403055325340854541420500884,2.237218136254892982941463702,2.766708017187400513240309161
2025-08-23T14:32:55.791389Z,0.5556103589444260576916181543,1.305452491614590384556460454,2.206281461437546599190784883,2.744504987936092910881811522
2025-08-23T14:32:55.862324Z,0.5556103589444260576916181543,1.305452491614590384556460454,2.199105024074573482265306863,2.734992697182784870863062105
2025-08-23T14:32:55.929809Z,0.5556103589444260576916181543,1.305452491614590384556460454,2.199105024074573482265306863,2.734992697182784870863062105
2025-08-23T14:32:55.988711Z,0.7137434181787205413253195583,1.351091587296378785169010960,2.215185847713790187761463428,2.747598014323702996886179867
2025-08-23T14:32:56.037448Z,0.6183489830701106080891523060,1.324238952179641496711137497,2.205627955111791336456642624,2.740068606983049683565553313
2025-08-23T14:32:56.089519Z,0.7137434181787205413253195583,1.350211877151766189463427227,2.223540245254026572105395716,2.763816613841320560491970108
2025-08-23T14:32:56.146516Z,0.6218238356205463886183995934,1.323486670915781259405403561,2.214272108579727290289788022,2.756604971642266854102891013
2025-08-23T14:32:56.209132Z,0.6304817739712973975295882451,1.326290905832855072523606816,2.179873666448560903987901975,2.704488521470234213427390447
2025-08-23T14:32:56.269317Z,0.7125681242955115050970903851,1.350040108341556666680429568,2.155208000243386038724891851,2.674328084451478494127116616
2025-08-23T14:32:56.329285Z,0.6190981484189795040705228432,1.324275742778334209450636422,2.146223339097381144492423849,2.668021405863821599772086359
2025-08-23T14:32:56.379062Z,0.5388830266270845633926101479,1.302902750101428958548967207,2.138832525875521514347932946,2.662851338662763218197974115
2025-08-23T14:32:56.446439Z,0.5355159650593264334840081247,1.302566008340752623516784836,2.138765169213491496591617568,2.662817656399325212207635237
2025-08-23T14:32:56.508528Z,0.7131356788938452234294700943,1.408517147289624822594395211,2.187728294916078538066988965,2.704267582222649113607604771
2025-08-23T14:32:56.569336Z,0.6738436670626760338419594488,1.332816199922507623741699613,2.155823445391018142473406272,2.674883154270892572662141280
2025-08-23T14:32:56.628583Z,0.6738436670626760338419594488,1.332816199922507623741699613,2.148647008028045025547928252,2.667023066822288858808499301
2025-08-23T14:32:56.671940Z,0.5853440327284683216772427317,1.307548913018393247949744260,2.139761773001230186040376440,2.660767168757577291908739797
2025-08-23T14:32:56.738702Z,0.5933606530395113329883915725,1.308350646257298593163503481,2.152872939127630552162517550,2.676318482573233663853022648
2025-08-23T14:32:56.800002Z,0.5975292614993927301024850801,1.308767542707187254916235001,2.152956326727503035262942759,2.676360181487753662036319716
2025-08-23T14:32:56.856149Z,0.5946393380942829706048338640,1.308478523663750887435478252,2.141515733945159475442240038,2.661645731046692524984554765
2025-08-23T14:32:56.903082Z,0.5962426686583757502320316454,1.308638874522110426418859115,2.141547808271778758613855663,2.661661770176213665126453172
2025-08-23T14:32:56.979923Z,0.6738397113441580722782649965,1.332815804350655827585330167,2.160306121575237904420129503,2.678940798827748529198610179
2025-08-23T14:32:57.039783Z,0.6738397113441580722782649965,1.332815804350655827585330167,2.164512466953500010756793676,2.686855025590086191254053084
2025-08-23T14:32:57.087275Z,0.6203234716063022207020252978,1.311047168440306205713791492,2.156327034837017191094765614,2.680403967289785631227124157
2025-08-23T14:32:57.146488Z,0.6011980210976579961114734134,1.309134454270914303558456002,2.141992603494806207126299752,2.662126063906654500262183264
2025-08-23T14:32:57.209375Z,0.6033148033690712410493154442,1.309556373530638282059645660,2.154212877073752271693573500,2.677332760210207306231573558
2025-08-23T14:32:57.269550Z,0.6033148033690712410493154442,1.309556373530638282059645660,2.141939133320570053564486326,2.662123237951358865542904069
2025-08-23T14:32:57.329879Z,0.6269758020819502523283025584,1.312327743700593449047458756,2.142587996809035185146150057,2.662492431483461810014162025
2025-08-23T14:32:57.378108Z,0.6303426951918001505081878758,1.312664459714503830396438915,2.142655346244238324478355267,2.662526109150380627514400522
2025-08-23T14:32:57.417824Z,0.6303426951918001505081878758,1.312664459714503830396438915,2.142655346244238324478355267,2.662526109150380627514400522
2025-08-23T14:32:57.477524Z,0.6245143743142544031685385299,1.311676526446609469498839896,2.142363209608185420176659149,2.662335297723493032965987018
2025-08-23T14:32:57.504660Z,0.6245143743142544031685385299,1.311676526446609469498839896,2.142363209608185420176659149,2.662335297723493032965987018
2025-08-23T14:32:57.592141Z,0.6239051936624883223595928760,1.311962981105202963311945061,2.142420500539904118939280181,2.662363943189352382347297535
2025-08-23T14:32:57.671391Z,0.6239051936624883223595928760,1.311962981105202963311945061,2.142420500539904118939280181,2.662363943189352382347297535
2025-08-23T14:32:57.717123Z,0.6224622079937971329559256134,1.311818664736383583350917250,2.142391633111192867572135167,2.662349507508785258107634433
2025-08-23T14:32:57.796683Z,0.6015982878661411556447198377,1.309732228218742333068143962,2.109231357107948010134420805,2.641456489648378886000369860
2025-08-23T14:32:57.849156Z,0.6014379637454764422958865804,1.309716195806675861733260636,2.109228150625534715867444140,2.641454886407172238866881527
2025-08-23T14:32:57.909733Z,0.6586128104068393215353399788,1.332383065434119202224026852,2.117949133533098219522472246,2.647800458835706383429061553
2025-08-23T14:32:57.965912Z,0.5674600620677860541103664416,1.306318103005752385563470189,2.115717344708733190880064358,2.648975095833035438963019013
2025-08-23T14:32:58.007239Z,0.5624896988814890357849188883,1.305821022182247031179272723,2.115617918165356040091765229,2.648925377641471937915698465
2025-08-23T14:32:58.087121Z,0.6598849625457136567600580910,1.331977952128139272445245204,2.117509010755272513045600330,2.647410170758340915605239145
2025-08-23T14:32:58.111590Z,0.5654529803163714270875187945,1.306117377028660661840524340,2.108508312143463900526387501,2.641094931743037366493522128
2025-08-23T14:32:58.194247Z,0.6668723156421382071967078561,1.333370678666757356940620109,2.117949396986315837281656103,2.647707082435503243010311528
2025-08-23T14:32:58.258897Z,0.5785330067324489872641735968,1.308119424305094830371883002,2.109070574976481737463391589,2.641452787625036861032873848
2025-08-23T14:32:58.307663Z,0.5732420139064697876435081229,1.307590280517621257858163744,2.108964735840310943049188101,2.641399863137076538172601121
2025-08-23T14:32:58.366955Z,0.5716386520498863148159295293,1.307429926530012649554744800,2.108932660891318789423920458,2.641383823694630491098698906
2025-08-23T14:32:58.417206Z,0.6366125376406287791386872322,1.327278857893628566393212311,2.116016068669632354523057893,2.646401498917258091118952101
2025-08-23T14:32:58.476620Z,0.6301992272058652558389288580,1.326637473444301431001253221,2.115887779325355631550914512,2.646337348341269818849075231
2025-08-23T14:32:58.535785Z,0.6311612313855858530126519451,1.326733682763248621228956072,2.115907023264880285578747010,2.646346971295007130993625676
2025-08-23T14:32:58.585838Z,0.6303595529780780891066711027,1.326653506021522714328027445,2.115890985840799888216269357,2.646338951598991947181752653
2025-08-23T14:32:58.616088Z,0.6318025833254921015797709694,1.326797826858214376595998516,2.115919854159608652634447426,2.646353387726346299652110081
2025-08-23T14:32:58.689595Z,0.6318025833254921015797709694,1.326797826858214376595998516,2.115919854159608652634447426,2.646353387726346299652110081
2025-08-23T14:32:58.714685Z,0.6290768961239252170318942192,1.326525231435132296610219215,2.115865328847786588690415784,2.646326122118510312288191670
2025-08-23T14:32:58.808962Z,0.7415546475324675889114189993,1.354190002588149751083448163,2.132395785176182155326796825,2.660683347097827931720654543
2025-08-23T14:32:58.869502Z,0.9400425151947859756618307454,1.487103982095479908373848779,2.171954894477157894302224179,2.688153950607845766267260036
2025-08-23T14:32:58.926504Z,0.8543254965781444118022236357,1.461837449392545389866404969,2.160182082905542530297758914,2.678131129044798894679689848
2025-08-23T14:32:58.989829Z,0.9002898413057834824760965573,1.499170456542227586373250310,2.156792992304003070141031344,2.670585872521781420648654216
2025-08-23T14:32:59.014723Z,0.9002898413057834824760965573,1.499170456542227586373250310,2.156792992304003070141031344,2.670585872521781420648654216
2025-08-23T14:32:59.096845Z,0.8910619612612003755968119037,1.613832685310761596203873185,2.228860985629140958110872337,2.744494920606387623124542157
2025-08-23T14:32:59.149336Z,0.9451962220402138928662465505,1.497178206840321156570456021,2.147143152966169557926203180,2.664758794168209741395814586
2025-08-23T14:32:59.209865Z,0.8580382943593329744837988562,1.470863061392172487685644331,2.141257330900921672505396325,2.658147515995569504859354379
2025-08-23T14:32:59.268391Z,0.8535132397441578115075092199,1.471020094968363074600211268,2.157916639327315758398502480,2.673261376099447535422990810
2025-08-23T14:32:59.329253Z,0.7440362398334717953610186401,1.451075051092596870359774546,2.157209246399027498928123539,2.676153040740432483952276344
2025-08-23T14:32:59.380041Z,0.7440362398334717953610186401,1.451075051092596870359774546,2.152336650668235927125873827,2.670421887438737886926757970
2025-08-23T14:32:59.437235Z,0.7547941392641875046042336567,1.453743063452261458321336068,2.152918967026189858929540394,2.670944029996460036990331707
2025-08-23T14:32:59.483755Z,0.7547941392641875046042336567,1.453743063452261458321336068,2.165192652756140445044410346,2.688447500903027396358292934
2025-08-23T14:32:59.557774Z,0.7596039804048161750884393153,1.453691764455337901312611330,2.153972292137131517340277369,2.667530297557251676158359995
2025-08-23T14:32:59.615463Z,0.7653016158442572738199417047,1.461277299032127609038575166,2.158287492199368804385642571,2.671014296852301399708762528
2025-08-23T14:32:59.676955Z,0.8301811033775680215083719365,1.467995302293065910025831516,2.168594322598198117539375841,2.682218404898317876508966276
2025-08-23T14:32:59.719190Z,0.7544662727144910091676132283,1.451585723748588306648154840,2.154754435058194253786011083,2.669109999976096014053805265
2025-08-23T14:32:59.786263Z,0.7867202928977128883555644024,1.461015550898865929714023578,2.158938578775911649129471159,2.672290369879413083259973449
2025-08-23T14:32:59.842032Z,0.7876822726519060277812124667,1.461111753924545547198094287,2.157266272182518667383206754,2.670035262600279937406326255
2025-08-23T14:32:59.898872Z,0.7807880713025477520148343791,1.460422298437787594830915155,2.157128366555020565033727438,2.669966302898705990317147220
2025-08-23T14:32:59.967131Z,0.7805487802339244064694616801,1.460168557235812604050247917,2.156983161983622292683446251,2.669848924831308484632888017
2025-08-23T14:33:00.039140Z,0.7912095408196416010194398079,1.461464500942360318687940635,2.166204786807085923746719450,2.680356839767887950283186175
2025-08-23T14:33:00.094288Z,0.7663734059029372131385868355,1.454901024059796472771295572,2.163439791899721475101934202,2.678127314447590836776412764
2025-08-23T14:33:00.159957Z,0.8442866506017393844028230173,1.471030434433213675774592366,2.167804186031249463518497230,2.679993206850534677838375589
2025-08-23T14:33:00.210323Z,0.8760175366594788105289669588,1.479812598556677328568761880,2.171869165786963765686175869,2.683305005001800404759674758
2025-08-23T14:33:00.269897Z,0.9781416759693011973941178375,1.499347388587324411641415003,2.172426612663940598160305780,2.680937037360843489086635216
2025-08-23T14:33:00.326864Z,0.7526634072350411572310752687,1.456155064148519376245044541,2.155164866795907550682426202,2.668220301616148489822226057
2025-08-23T14:33:00.340132Z,0.8233924224799168488983413459,1.464544967504704195779729550,2.157384155621033160695849377,2.669586546041358676484106131
2025-08-23T14:33:00.411644Z,0.8233924224799168488983413459,1.464544967504704195779729550,2.157384155621033160695849377,2.669586546041358676484106131
2025-08-23T14:33:00.499317Z,0.8514080509059284710163083858,1.470512730024253853376861767,2.160019368504499273427481717,2.671587552629514512218522416
2025-08-23T14:33:00.554260Z,0.8083377840092330232261992901,1.456232857906232486255751353,2.153082160301433608960778557,2.666184293319292276861180644
2025-08-23T14:33:00.617834Z,0.7970084549267527543367806503,1.460197840009752826266047452,2.155952718585110033306944782,2.668604413344248038189007948
2025-08-23T14:33:00.661941Z,0.7898822255827846100923063283,1.464218406886260271379779358,2.158702246292328798022836130,2.670901375281496598136836412
2025-08-23T14:33:00.728602Z,0.9085896764769349353060351263,1.485744297402093076471241440,2.166838023658426817838371243,2.676783050811833689973560018
2025-08-23T14:33:00.774899Z,0.9085896764769349353060351263,1.485744297402093076471241440,2.166838023658426817838371243,2.676783050811833689973560018
2025-08-23T14:33:00.844381Z,0.8097632072021405802105854238,1.466553978777172041115725063,2.159169402185215471615863815,2.671134972907439637546034187
2025-08-23T14:33:00.855440Z,0.8097632072021405802105854238,1.466553978777172041115725063,2.159169402185215471615863815,2.671134972907439637546034187
2025-08-23T14:33:00.955662Z,0.8097632072021405802105854238,1.466553978777172041115725063,2.159169402185215471615863815,2.671134972907439637546034187
2025-08-23T14:33:00.998670Z,0.7575727560622138176773453016,1.452449500600098701731061470,2.152969033180688273986617679,2.666432793491509630155356351
2025-08-23T14:33:01.069772Z,0.8395975027723190973507212376,1.470629703883941367434035321,2.160433497597758066889002710,2.671979839643369914399826327
2025-08-23T14:33:01.113618Z,0.7600904350373325933238774960,1.452701282075074596734324364,2.160191882668806145845172145,2.674318035998098981190388077
2025-08-23T14:33:01.179907Z,0.7760028834291702078973119533,1.455884810429439453702651365,2.199728152891632583566705051,2.719120771015678189764182832
2025-08-23T14:33:01.220634Z,0.8938901218951166981728445070,1.481645300382920123961724938,2.210523587661457843256348736,2.728223256353081864849905786
2025-08-23T14:33:01.289379Z,0.6694460692828782485245264675,1.433085995084905871536067964,2.191452373165559223972307884,2.712666222136264454577319942
2025-08-23T14:33:01.334519Z,0.6656111241327470916998189599,1.432702480203696729695682701,2.184199236503211935129797557,2.703483584293168914474363301
2025-08-23T14:33:01.399819Z,0.7312961475684322223122847147,1.446732990695047506998978431,2.188759503369049510153000722,2.706843373112318528001237792
2025-08-23T14:33:01.446217Z,0.8021399270667657885283902208,1.459636018004482214673874660,2.193677407997795617877834551,2.710740889056168499631552653
2025-08-23T14:33:01.509413Z,0.6545084219609830449027683641,1.412110081549534600259075746,2.174501071709567439989586554,2.695200310797017564866182227
2025-08-23T14:33:01.569540Z,0.5655100047090852314003628625,1.410118540031461991684455216,2.176554996727109706039646282,2.697736576743203607850329755
2025-08-23T14:33:01.620111Z,0.5523397775147373506082369224,1.409865445236728778638876617,2.176459936451036053078148867,2.697661693811236307633868297
2025-08-23T14:33:01.676605Z,0.5385286215244962615252524967,1.406890956248534522679775902,2.182480958363819969954862755,2.705750097779037203946417694
2025-08-23T14:33:01.736248Z,0.7454940444957486760994692663,1.456952860818172592428564568,2.201143875311593889532727056,2.720475737328225413718236764
2025-08-23T14:33:01.798527Z,0.7454940444957486760994692663,1.457482190682965128647992728,2.201609144232522329039235785,2.720944314560808806576116919
2025-08-23T14:33:01.859131Z,0.6580841315127767891427226597,1.437626073416094727584743433,2.186629751465911938150392145,2.705455499688704910291600378
2025-08-23T14:33:01.893845Z,0.6982315765135080338037130713,1.442731413040667416672334809,2.187559393928778725800202228,2.705864050269647826921233976
2025-08-23T14:33:01.969686Z,0.8267775914474145992073003642,1.465369043868812317419725526,2.195918643726083790424628233,2.712402028918172961853801918
2025-08-23T14:33:02.005100Z,0.6972695821561525708845539614,1.442635206816199861661114060,2.203877333452128899853816260,2.731787662909467130172197795
2025-08-23T14:33:02.079347Z,0.8708460232568398539422996895,1.474178313643330364168533532,2.199782615352487090217771831,2.715443966354487853841468331
2025-08-23T14:33:02.139768Z,0.8367914332460548101013029194,1.466139865403174405871862031,2.196274733233907239061373049,2.712520492607257728212983646
2025-08-23T14:33:02.187115Z,0.6960645881354086918804461701,1.442205765797872675636166557,2.187656164751486556289649379,2.705852839272423514307513479
2025-08-23T14:33:02.249366Z,0.7109192559428025424279452373,1.443691327620860182761184186,2.187953306200715685339229070,2.706001427898081227048098949
2025-08-23T14:33:02.299631Z,0.7107589338213802900335807541,1.443145965543925421302319578,2.196867202097987653808567754,2.718332349091203050670148246
2025-08-23T14:33:02.362742Z,0.7139655165444919457692443928,1.443466644182432613033800453,2.189754911649781398048522049,2.709150514694106124570624652
2025-08-23T14:33:02.424212Z,0.7586187249483510921839833298,1.448770535208072245668652074,2.191269725884300796459080831,2.710187372438660742244840705
2025-08-23T14:33:02.488367Z,0.7457570223282786544142078339,1.447854116381553685201455188,2.190052180214323137993581997,2.708056073688600167371363416
2025-08-23T14:33:02.540057Z,0.7160060694393407019905283715,1.441147783950559603176448576,2.187359205473230469411264384,2.705877635337740503978601152
2025-08-23T14:33:02.609873Z,0.8108425177155699481696391998,1.468490886179432445488589867,2.199443264573445322783128045,2.715991342821187536983269166
2025-08-23T14:33:02.646793Z,0.8108425177155699481696391998,1.468490886179432445488589867,2.199443264573445322783128045,2.715991342821187536983269166
2025-08-23T14:33:02.718488Z,0.5717225217488243041821327267,1.417906754592770608875810753,2.180727888923827341074892709,2.701341409779729115685078458
2025-08-23T14:33:02.779675Z,0.5138354037589669827280663001,1.291275197289374917286775902,2.145597411810264067332747613,2.677444055691071839518199952
2025-08-23T14:33:02.839481Z,0.5101440369008004141039601734,1.290428563411733336694378630,2.145333535052261719092091844,2.677253923578087694162842210
2025-08-23T14:33:02.863153Z,0.5101440369008004141039601734,1.290428563411733336694378630,2.145333535052261719092091844,2.677253923578087694162842210
2025-08-23T14:33:02.946940Z,0.5192866540352210021289759120,1.291820374775384022966949697,2.145706457694834326906131003,2.677498585026586665096247226
2025-08-23T14:33:02.989935Z,0.5220122838672216158094878397,1.292092969233614306579050590,2.145760982818901446690960360,2.677525851424558042463475253
2025-08-23T14:33:03.006851Z,0.5220122838672216158094878397,1.292092969233614306579050590,2.145760982818901446690960360,2.677525851424558042463475253
2025-08-23T14:33:03.096293Z,0.5192866540352210021289759120,1.292738050725562031604111746,2.146563590875892026130098965,2.678341738497782253376600997
2025-08-23T14:33:03.148842Z,0.5192866540352210021289759120,1.292738050725562031604111746,2.146563590875892026130098965,2.678341738497782253376600997
2025-08-23T14:33:03.217345Z,0.5112700750998045740494417007,1.291936308898606462812025791,2.146403225890711410871923964,2.678261545776024432481344569
2025-08-23T14:33:03.286998Z,0.5597398770857042646666708680,1.323219588186476298220044014,2.165745586265030446072281742,2.697125841195390529197306325
2025-08-23T14:33:03.349520Z,0.4803337075538551370643688707,1.295927524627081521067126087,2.149278852636490129935548335,2.680977937319837287740753884
2025-08-23T14:33:03.397278Z,0.4838610518666513970901895217,1.296280301025068110061774419,2.149349416225982198484356906,2.681013224229167078648242633
2025-08-23T14:33:03.502116Z,0.5556535826533554785654044565,1.319197184623304691287627319,2.157049026329371283880912080,2.686781012254704358761451911
2025-08-23T14:33:03.577307Z,0.5556535826533554785654044565,1.319197184623304691287627319,2.157049026329371283880912080,2.686781012254704358761451911
2025-08-23T14:33:03.581345Z,0.5556535826533554785654044565,1.319197184623304691287627319,2.157049026329371283880912080,2.686781012254704358761451911
2025-08-23T14:33:03.680671Z,0.4916717429026349363708490457,1.297061401603696686233890072,2.149505642574128976781189215,2.681091341239178285271472136
2025-08-23T14:33:03.749769Z,0.4916717429026349363708490457,1.296366656156156482445890611,2.149366693484620936023589323,2.680014936928898463038896349
2025-08-23T14:33:03.800002Z,0.4777172565264944174413912294,1.294244761221997838645052538,2.148607787219755644763299472,2.679429588555466917644031838
2025-08-23T14:33:03.816792Z,0.4777172565264944174413912294,1.294244761221997838645052538,2.148607787219755644763299472,2.679429588555466917644031838
2025-08-23T14:33:03.909809Z,0.4644833129533744061760945798,1.036843498161457517292904015,2.029338160739528478665583889,2.577207434359545937267683137
2025-08-23T14:33:03.967391Z,0.4314401117141917747253594997,1.034030809412868124099933438,2.029403151470214655620707197,2.577384779249949421338827483
2025-08-23T14:33:04.030010Z,0.4299865420559122923640020749,1.034312546224332823454069469,2.029683870293495312537010433,2.577576929298311531087242378
2025-08-23T14:33:04.089744Z,0.6030917167690590282855865701,1.081745926515235640060733509,2.049036832010827201779847332,2.590885066098650011528240495
2025-08-23T14:33:04.146453Z,0.5187594004271859597548146431,1.056645701735190339834275839,2.039651254446847640122449255,2.584819635983148124525859006
2025-08-23T14:33:04.209581Z,0.4542702880191266657003661439,1.037898933443262694157409486,2.027809987785932417347079139,2.576710905096612305380808967
2025-08-23T14:33:04.230225Z,0.4542702880191266657003661439,1.037898933443262694157409486,2.027809987785932417347079139,2.576710905096612305380808967
2025-08-23T14:33:04.309233Z,0.4542702880191266657003661439,1.037898933443262694157409486,2.027809987785932417347079139,2.576710905096612305380808967
2025-08-23T14:33:04.362726Z,0.5306794872290781992823154183,1.058995696126446001004402028,2.035599311008893803934726472,2.581429606691203746058830317
2025-08-23T14:33:04.397933Z,0.4636614029944740503761292189,1.029867602706191979865020711,2.023823772913871982855192044,2.574168444996602374361193139
2025-08-23T14:33:04.478728Z,0.4636614029944740503761292189,1.031178897143973490044967744,2.024497766224667479257316195,2.574600480423178782474379817
2025-08-23T14:33:04.520268Z,0.4636614029944740503761292189,1.029867602706191979865020711,2.023823772913871982855192044,2.574168444996602374361193139
2025-08-23T14:33:04.604360Z,0.4434362496992987222450275906,1.026293098749756342325071174,2.022697113899668017096999985,2.573510071224751143208127877
2025-08-23T14:33:04.624198Z,0.4344238616541601736559386302,1.025391815092672493878949781,2.022516845268412425465742003,2.573419934162338053211576570
2025-08-23T14:33:04.719706Z,0.4702460961422660935215199980,0.9080445307788809588019148397,2.020819945520642938990725905,2.577245997722167448290788947
2025-08-23T14:33:04.779134Z,0.03659218969855552559106408159,0.8217858130538798016316860807,1.956421953112983493428468300,2.532537831604242131731389606
2025-08-23T14:33:04.826468Z,0.03659218969855552559106408159,0.8283439997409677159285079588,1.997806482656680305701556997,2.562044930866413009157617016
2025-08-23T14:33:04.889547Z,0.04845725908639400331570015970,0.8442474740375549003931771070,1.959095501213344595732530044,2.540531346973527204800441920
2025-08-23T14:33:04.948518Z,0.3277259153325163965045418660,0.8917513458096203981839055332,1.960603644507744130865196079,2.537377066169058115587941352
2025-08-23T14:33:04.980376Z,0.2988637303734693571544521282,0.8815780156518953796420182526,1.936440163400694041366499607,2.521092931995550381670597424
2025-08-23T14:33:05.058903Z,0.3004671582919776267383902143,0.8817004074151902876801246832,1.936633546045487546783903404,2.521220265355974899076284790
2025-08-23T14:33:05.113119Z,0.2996654447673414182408709048,0.8816202287524531465577282347,1.936617507214983539932586413,2.521212245391365836814441832
2025-08-23T14:33:05.177638Z,0.3043153300825361172929474766,0.8820852538353402178261584795,1.936710527721343847320460964,2.521258758391331284689301423
2025-08-23T14:33:05.184896Z,0.3043153300825361172929474766,0.8820852538353402178261584795,1.936710527721343847320460964,2.521258758391331284689301423
2025-08-23T14:33:05.297226Z,0.2575845109124955478826175212,0.8664467835687477549267744852,1.928935908093954834070481554,2.516547414637453677878143130
2025-08-23T14:33:05.338757Z,0.2575845109124955478826175212,0.8658035757929115120075154132,1.928882292141912314529516316,2.516543367623094118902337658
2025-08-23T14:33:05.455901Z,0.2438839869153927109792963232,0.8603003086786897921070342259,1.927096209049484075925144016,2.515537945751425057853078714
2025-08-23T14:33:05.521990Z,0.2439355171290530566352792844,0.8626168351513763371835411061,1.998897712292059769526459865,2.565007611815783714996687125
2025-08-23T14:33:05.578592Z,0.2005974522262542693062172312,0.8191619781547991706620730449,1.981293548485432585000944207,2.554983335160611968117298163
2025-08-23T14:33:05.632151Z,0.1493393093877689388564289662,0.7635213143280709070454390869,1.909315969031734279815278689,2.510063982286711795943406661
2025-08-23T14:33:05.699146Z,0.2309605559458665988083211079,0.7819807182887006075741300633,1.916398287461077248338292686,2.514429154565998144616072649
2025-08-23T14:33:05.754083Z,0.2740982974494664304373364614,0.7904020784733089179469605321,1.914347445626581058524998028,2.512205248048837147141854728
2025-08-23T14:33:05.818317Z,0.09658880889263046632547710726,0.7501103807318227028323832948,1.904692640010535138533377462,2.507268963770466973057817440
2025-08-23T14:33:05.862209Z,0.1012948178983485170727700352,0.7509989594290685073025590521,1.905181132766432197539062916,2.507560721293648949973955521
2025-08-23T14:33:05.901618Z,0.1012948178983485170727700352,0.7509989594290685073025590521,1.905181132766432197539062916,2.507560721293648949973955521
2025-08-23T14:33:05.983366Z,0.1012948178983485170727700352,0.7509989594290685073025590521,1.906200836656892833867514983,2.508070534783885149605269134
2025-08-23T14:33:06.021686Z,0.0006188117850127658150400837248,0.7126578037843486696236621645,1.884771207057847428680828112,2.495271459303137963158742242
2025-08-23T14:33:06.108902Z,0.0006188117850127658150400837248,0.7126578037843486696236621645,1.883827001438368027071481393,2.494799384510608262999476503
2025-08-23T14:33:06.169268Z,0.0006188117850127658150400837248,0.7126578037843486696236621645,1.883827001438368027071481393,2.494799384510608262999476503
2025-08-23T14:33:06.202899Z,0.0006188117850127658150400837248,0.7126578037843486696236621645,1.883827001438368027071481393,2.494799384510608262999476503
2025-08-23T14:33:06.338477Z,0.1012948178983485170727700352,0.7509989594290685073025590521,1.916021889071162818088711169,2.515368332193258076341942607
2025-08-23T14:33:06.397365Z,0.1012948178983485170727700352,0.7509989594290685073025590521,1.905256517080593157853448139,2.507598377742520605779158028
2025-08-23T14:33:06.445757Z,0.1012078943130896271260694046,0.7141245213824413923159116013,1.894463540944376945865946881,2.501433334204887148195803199
2025-08-23T14:33:06.506263Z,0.1012078943130896271260694046,0.7141245213824413923159116013,1.894463540944376945865946881,2.501433334204887148195803199
2025-08-23T14:33:06.604232Z,0.1012078943130896271260694046,0.7124630990909314144662142149,1.897280638465903028482903109,2.503323355972725986653318101
2025-08-23T14:33:06.670283Z,0.1012078943130896271260694046,0.7124630990909314144662142149,1.897280638465903028482903109,2.503323355972725986653318101
2025-08-23T14:33:06.722731Z,0.1012078943130896271260694046,0.7124630990909314144662142149,1.896207878590351525498055845,2.502778855633615349662073697
2025-08-23T14:33:06.793207Z,0.1012078943130896271260694046,0.7124630990909314144662142149,1.896207878590351525498055845,2.502778855633615349662073697
2025-08-23T14:33:06.859726Z,0.09480884464753234853654537009,0.7654739701181348470787169128,1.955238158108010083387744297,2.561662993710551870377503793
2025-08-23T14:33:06.908615Z,0.1053865592599142546485601473,0.6737915972806581051123111290,1.961074378238415156994450843,2.603521200526191326709451403
2025-08-23T14:33:06.973560Z,0.09223922329800023565346527725,0.6622943114027113882644661217,1.954629954378758226194382120,2.599703891153307269474779190
2025-08-23T14:33:07.036570Z,0.09380106961986557843038015615,0.6633424082402045065269968600,1.955740354831880462932583507,2.600388417514832977455456301
2025-08-23T14:33:07.088845Z,0.09380106961986557843038015615,0.7329873067273240366838820027,2.027535685202435758027266697,2.644897683194383120118812461
2025-08-23T14:33:07.156034Z,0.07111366481080508081388326617,0.6497877595974784992290411299,1.948742241306106071614575241,2.596273845040939682752717588
2025-08-23T14:33:07.206341Z,0.1387414682862460303017672576,0.7813092789269083530113248832,2.022049511147708435207531732,2.784264429509776902405173493
2025-08-23T14:33:07.269094Z,0.1508436914388508438281707201,0.7658322481027149273084966079,1.995972596490823948591251029,2.697370596539936158473366514
2025-08-23T14:33:07.325090Z,0.1521369506576581255607973302,0.7661796235440457204250509648,1.979611726523222795367023585,2.680509448003534340626206753
2025-08-23T14:33:07.363163Z,0.1521369506576581255607973302,0.7661796235440457204250509648,1.979611726523222795367023585,2.680509448003534340626206753
2025-08-23T14:33:07.437627Z,0.1521369506576581255607973302,0.7661796235440457204250509648,1.979611726523222795367023585,2.680509448003534340626206753
2025-08-23T14:33:07.516245Z,0.1527640396922272539299003609,0.7665931439702701627895909062,1.979844788642127801704889077,2.685314567010024758203857829
2025-08-23T14:33:07.669479Z,0.1289574013711608049430702538,0.7503666328241512475327632782,1.970845259156450384887624740,2.732728173661129387904505346
2025-08-23T14:33:07.719370Z,0.1981720798800053597907299872,0.8232882378627491110731442366,2.044876785184307565410678318,2.674917314600548904808995304
2025-08-23T14:33:07.775073Z,0.1994653488790444482334052391,0.8248897860999312380399455659,2.045828089799182132095371765,2.674231835435822655946679557
2025-08-23T14:33:07.833218Z,0.2224135284560251814546894496,0.8399495289473248442164133291,2.054311092999627396319103303,2.680469312050519374239651403
2025-08-23T14:33:07.896408Z,0.1198660705992921442774650485,0.7805673677755664560374378688,2.021891853652678693627938122,2.655637117494809821525314211
2025-08-23T14:33:07.915172Z,0.1196124469709076626535892757,0.7805412902987744324769591367,2.021886638157320288915842376,2.655634509747130619169266338
2025-08-23T14:33:08.008464Z,0.1196124469709076626535892757,0.7805412902987744324769591367,2.021886638157320288915842376,2.655634509747130619169266338
2025-08-23T14:33:08.068372Z,0.1196124469709076626535892757,0.7493040981232865739545724270,2.015423200952036522723196146,2.653659001364764747910553038
2025-08-23T14:33:08.119901Z,0.1174770493213314933645208366,0.7498635121554290633739621871,2.016166078725903161898407279,2.654251799782696385892067671
2025-08-23T14:33:08.184276Z,0.03012406020576606912591470553,0.7037535374292849455899966104,1.990222455012766880700454935,2.634162915616631710533401314
2025-08-23T14:33:08.249019Z,0.03225945785534223841498314461,0.7041009154976314914391338001,1.990291930626436189870282373,2.631913586908689410775500263
2025-08-23T14:33:08.308071Z,0.01926324069758815067270545694,0.7027936073238767420243449762,1.996518913970447525575594020,2.637605729025200882409659688
2025-08-23T14:33:08.328721Z,0.01926324069758815067270545694,0.7027936073238767420243449762,1.990317499936653462626042768,2.631926354929844850747952016
2025-08-23T14:33:08.419779Z,0.1052411839330928439448598707,0.7687288645114704172105088233,2.024476927459543945785621149,2.656363394143546339524140811
2025-08-23T14:33:08.469359Z,0.1149264598670691985809333146,0.7649946620537350724923399588,2.021489364934366036139382717,2.653988165916374229508384821
2025-08-23T14:33:08.521352Z,0.05720996015318083717479919582,0.7083284699418615693660230731,2.007975168837102303810340945,2.649036997962610200700519259
2025-08-23T14:33:08.585658Z,0.02562452371118481668468258126,0.7051698057154092810000677580,1.991200050268682762757416750,2.632510525990095513539621531
2025-08-23T14:33:08.626925Z,0.02562452371118481668468258126,0.7051698057154092810000677580,1.991200050268682762757416750,2.632510525990095513539621531
2025-08-23T14:33:08.688642Z,0.02562452371118481668468258126,0.7051698057154092810000677580,1.991200050268682762757416750,2.632510525990095513539621531
2025-08-23T14:33:08.751633Z,0.02562452371118481668468258126,0.7051698057154092810000677580,1.991200050268682762757416750,2.632510525990095513539621531
2025-08-23T14:33:08.814121Z,0.02562452371118481668468258126,0.7051698057154092810000677580,1.991200050268682762757416750,2.563420930687761722792857779
2025-08-23T14:33:08.878352Z,0.04804719797294557400242459687,0.7220275666311042320658998701,1.999876672580024279000142600,2.568558289584381955759473697
2025-08-23T14:33:08.921935Z,0.04804719797294557400242459687,0.7220275666311042320658998701,1.999876672580024279000142600,2.568558289584381955759473697
