ts,mid,top_usd,top_bps,s0.1_usd,s0.1_bps,s1_usd,s1_bps,s5_usd,s5_bps,s10_usd,s10_bps
2025-08-23T14:32:26.955530+00:00,115024.005,0.01,0.0008693837429847795684040040164,2.465289663,0.2143282754760625836319992509,10.8928871259,0.9470098981425659800317333760,30.17980549832,2.623783226668207214659235696,48.96470289835,4.256911667990520761296739754
2025-08-23T14:32:25.418033Z,115024.005,0.01,0.0008693837429847795684040040164,2.465289663,0.2143282754760625836319992509,10.8928871259,0.9470098981425659800317333760,30.17980549832,2.623783226668207214659235696,48.96470289835,4.256911667990520761296739754
2025-08-23T14:32:25.494986Z,115024.005,0.01,0.0008693837429847795684040040164,2.465289663,0.2143282754760625836319992509,10.8928220520,0.9470042407234907183070177395,30.23834132794,2.628872236533582707366171088,49.11979030316,4.270394714838872111956108640
2025-08-23T14:32:25.541857Z,115024.005,0.01,0.0008693837429847795684040040164,2.465289663,0.2143282754760625836319992509,10.8928220520,0.9470042407234907183070177395,30.17862776884,2.623680836781852622850334589,48.96390053861,4.256841912139122611840893560
2025-08-23T14:32:25.596651Z,115024.005,0.01,0.0008693837429847795684040040164,2.174289663,0.1890292085552054981914427341,10.7338155479,0.9331804737541524484389149900,30.09216908506,2.616164259370033237844569923,48.88350619872,4.249852558926286734668993659
2025-08-23T14:32:25.647709Z,115024.005,0.01,0.0008693837429847795684040040164,2.174289663,0.1890292085552054981914427341,10.7338155479,0.9331804737541524484389149900,30.09100306506,2.616062887486833726577334879,48.82484448204,4.244752604644569627009596823
2025-08-23T14:32:25.685358Z,115024.005,0.01,0.0008693837429847795684040040164,2.174289663,0.1890292085552054981914427341,10.7338155479,0.9331804737541524484389149900,30.09216908506,2.616164259370033237844569923,48.83062720902,4.245255345527222774063553082
2025-08-23T14:32:25.756938Z,115024.005,0.01,0.0008693837429847795684040040164,2.174289663,0.1890292085552054981914427341,10.7338155479,0.9331804737541524484389149900,30.09216908506,2.616164259370033237844569923,48.80128445388,4.242704334097912866101297725
2025-08-23T14:32:25.814419Z,115024.005,0.01,0.0008693837429847795684040040164,2.046489845,0.1779185001426441376302277077,10.7210346058,0.9320693194259754735544115335,30.09218593062,2.616165723895633785312900555,48.85380230485,4.247270150682894409736471965
2025-08-23T14:32:25.876523Z,115024.005,0.01,0.0008693837429847795684040040164,2.046489845,0.1779185001426441376302277077,10.7210346058,0.9320693194259754735544115335,30.09601117626,2.616498284532867726175940405,48.82583167275,4.244838429400019587215729447
2025-08-23T14:32:25.923839Z,115024.005,0.01,0.0008693837429847795684040040164,1.648103449,0.1432834345317744761191370445,8.9358762781,0.7768705565503479034658895767,29.09685789294,2.529633522406040373920209090,47.79359251493,4.155097235131918767738960228
2025-08-23T14:32:25.999666Z,115024.005,0.01,0.0008693837429847795684040040164,1.648103449,0.1432834345317744761191370445,8.9358762781,0.7768705565503479034658895767,29.09685789294,2.529633522406040373920209090,47.79274395594,4.155023462792831809325366475
2025-08-23T14:32:26.028294Z,115024.005,0.01,0.0008693837429847795684040040164,1.648103449,0.1432834345317744761191370445,8.9358762781,0.7768705565503479034658895767,29.09685789294,2.529633522406040373920209090,47.79274395594,4.155023462792831809325366475
2025-08-23T14:32:26.114593Z,115024.005,0.01,0.0008693837429847795684040040164,1.648103449,0.1432834345317744761191370445,8.9358762781,0.7768705565503479034658895767,29.09685789294,2.529633522406040373920209090,47.79123136438,4.154891960541627810647003641
2025-08-23T14:32:26.168804Z,115024.005,0.01,0.0008693837429847795684040040164,1.648103449,0.1432834345317744761191370445,8.9358762781,0.7768705565503479034658895767,29.09685789294,2.529633522406040373920209090,47.3626272947,4.117629819505937043315436634
2025-08-23T14:32:26.239493Z,115024.005,0.01,0.0008693837429847795684040040164,1.648103449,0.1432834345317744761191370445,8.9358762781,0.7768705565503479034658895767,29.13923853334,2.533318026384144770476388820,47.52592949442,4.131827047268959205515405241
2025-08-23T14:32:26.291592Z,115024.005,0.01,0.0008693837429847795684040040164,1.648103449,0.1432834345317744761191370445,8.9358762781,0.7768705565503479034658895767,29.13923853334,2.533318026384144770476388820,47.21023942577,4.104381465918353303729947501
2025-08-23T14:32:26.349272Z,115024.005,0.01,0.0008693837429847795684040040164,1.648103449,0.1432834345317744761191370445,8.9358762781,0.7768705565503479034658895767,29.09675286264,2.529624391242506292490858756,47.05546860307,4.090925942203977334991943638
2025-08-23T14:32:26.352634Z,115024.005,0.01,0.0008693837429847795684040040164,1.648103449,0.1432834345317744761191370445,8.9358762781,0.7768705565503479034658895767,29.07123212604,2.527405659891602626773428729,47.00017367377,4.086118690943686059270845247
2025-08-23T14:32:26.446452Z,115024.005,0.01,0.0008693837429847795684040040164,1.648103449,0.1432834345317744761191370445,8.9358762781,0.7768705565503479034658895767,29.07123212604,2.527405659891602626773428729,47.00072708882,4.086166803948445370164253975
2025-08-23T14:32:26.498019Z,115024.005,0.01,0.0008693837429847795684040040164,1.648103449,0.1432834345317744761191370445,8.9358762781,0.7768705565503479034658895767,29.07123212604,2.527405659891602626773428729,47.00083777219,4.086176426580695047090387785
2025-08-23T14:32:26.684716Z,115024.005,0.01,0.0008693837429847795684040040164,1.648103449,0.1432834345317744761191370445,8.9358762781,0.7768705565503479034658895767,29.07123212604,2.527405659891602626773428729,47.00083777219,4.086176426580695047090387785
2025-08-23T14:32:26.779639Z,115024.005,0.01,0.0008693837429847795684040040164,1.648103449,0.1432834345317744761191370445,8.9358762781,0.7768705565503479034658895767,29.07123212604,2.527405659891602626773428729,47.00083777219,4.086176426580695047090387785
2025-08-23T14:32:26.827084Z,115024.005,0.01,0.0008693837429847795684040040164,1.648103449,0.1432834345317744761191370445,8.9358762781,0.7768705565503479034658895767,29.07123212604,2.527405659891602626773428729,47.00083777219,4.086176426580695047090387785
2025-08-23T14:32:26.902402Z,115024.005,0.01,0.0008693837429847795684040040164,1.648103449,0.1432834345317744761191370445,8.9358762781,0.7768705565503479034658895767,29.07123212604,2.527405659891602626773428729,47.00083777219,4.086176426580695047090387785
2025-08-23T14:32:26.944030Z,115024.005,0.01,0.0008693837429847795684040040164,1.648103449,0.1432834345317744761191370445,8.9358762781,0.7768705565503479034658895767,29.07123212604,2.527405659891602626773428729,47.00083777219,4.086176426580695047090387785
2025-08-23T14:32:27.027777Z,115024.005,0.01,0.0008693837429847795684040040164,1.647363199,0.1432190784002000278115859381,8.9357822281,0.7768623799962451316140487370,29.07117385104,2.527400593557840382970493855,47.00075296969,4.086169053989208600413452827
2025-08-23T14:32:27.087917Z,115024.005,0.01,0.0008693837429847795684040040164,1.647363199,0.1432190784002000278115859381,8.9357822281,0.7768623799962451316140487370,29.07117385104,2.527400593557840382970493855,47.0001626524,4.086117732763695717254846065
2025-08-23T14:32:27.149384Z,115024.005,0.01,0.0008693837429847795684040040164,1.647363199,0.1432190784002000278115859381,8.9357822281,0.7768623799962451316140487370,29.07117385104,2.527400593557840382970493855,47.00016079582,4.086117571355648762186640954
2025-08-23T14:32:27.203735Z,115024.005,0.01,0.0008693837429847795684040040164,2.384739181,0.2073253475220237723421298015,10.9073848281,0.9482703048028974473632699540,30.17468001104,2.623337625136596486968089835,48.08663215228,4.180573624808143308868440114
2025-08-23T14:32:27.268373Z,115024.005,0.01,0.0008693837429847795684040040164,2.384739181,0.2073253475220237723421298015,10.9073848281,0.9482703048028974473632699540,30.17196736904,2.623101792451062715126290377,47.43918306008,4.124285453291249943870412094
2025-08-23T14:32:27.323928Z,115024.005,0.01,0.0008693837429847795684040040164,2.664914951,0.2316833734836480437279157512,10.9869767497,0.9551898970740933599034392864,30.20586263772,2.626048592006512031988453193,47.48389607274,4.128172729921897607373347850
2025-08-23T14:32:27.376943Z,115024.005,0.01,0.0008693837429847795684040040164,2.664914951,0.2316833734836480437279157512,10.9869767497,0.9551898970740933599034392864,30.13520044064,2.619905335468018175858161086,47.34886929574,4.116433721442754492855643481
2025-08-23T14:32:27.438597Z,115024.005,0.01,0.0008693837429847795684040040164,2.665087951,0.2316984138224016804144491404,10.9909730497,0.9555373288993023673623605786,30.13637513772,2.620007461722446544962505870,47.39093140074,4.120090532471026374016449871
2025-08-23T14:32:27.487503Z,115024.005,0.01,0.0008693837429847795684040040164,2.665087951,0.2316984138224016804144491404,10.9909730497,0.9555373288993023673623605786,30.13720838172,2.620079902601200505929175393,47.35416710146,4.116894304059400470362686467
2025-08-23T14:32:27.554256Z,115024.005,0.01,0.0008693837429847795684040040164,2.665087951,0.2316984138224016804144491404,10.9909730497,0.9555373288993023673623605786,30.13790445772,2.620140418317028693271461031,47.40025610074,4.120901206729847391420599552
2025-08-23T14:32:27.593769Z,115024.005,0.01,0.0008693837429847795684040040164,2.665087951,0.2316984138224016804144491404,10.9909730497,0.9555373288993023673623605786,30.13790445772,2.620140418317028693271461031,47.40025610074,4.120901206729847391420599552
2025-08-23T14:32:27.637269Z,115024.005,0.01,0.0008693837429847795684040040164,2.665087951,0.2316984138224016804144491404,10.9899900769,0.9554518708420907444493868910,30.13596126612,2.619971480398374235012943603,47.35353251570,4.116839134205073106261601654
2025-08-23T14:32:27.724576Z,115024.005,0.01,0.0008693837429847795684040040164,2.665087951,0.2316984138224016804144491404,10.9899900769,0.9554518708420907444493868910,30.13596126612,2.619971480398374235012943603,47.39974389213,4.120856676145992308301210691
2025-08-23T14:32:27.778897Z,115024.005,0.01,0.0008693837429847795684040040164,2.665087951,0.2316984138224016804144491404,10.9899900769,0.9554518708420907444493868910,30.13596126612,2.619971480398374235012943603,47.39974389213,4.120856676145992308301210691
2025-08-23T14:32:27.814324Z,115024.005,0.01,0.0008693837429847795684040040164,2.665087951,0.2316984138224016804144491404,10.9899900769,0.9554518708420907444493868910,30.13596126612,2.619971480398374235012943603,47.39974389213,4.120856676145992308301210691
2025-08-23T14:32:27.877782Z,115024.005,0.01,0.0008693837429847795684040040164,2.664914951,0.2316833734836480437279157512,10.9748698769,0.9541373452350228980463686689,30.12629748612,2.619131327075596089703188478,47.32749810199,4.114575744601311700109903146
2025-08-23T14:32:27.946572Z,115024.005,0.01,0.0008693837429847795684040040164,2.665087951,0.2316984138224016804144491404,10.9899900769,0.9554518708420907444493868910,30.13596126612,2.619971480398374235012943603,47.33623806199,4.115335582515145425513569972
2025-08-23T14:32:28.066313Z,115024.005,0.01,0.0008693837429847795684040040164,2.559023835,0.2224773720059564957766859187,10.9779917178,0.9544087530076873953397814656,30.13356117212,2.619762820127850703859598699,47.37976173002,4.119119459457180264241364227
2025-08-23T14:32:28.117134Z,115024.005,0.01,0.0008693837429847795684040040164,2.559023835,0.2224773720059564957766859187,10.9779917178,0.9544087530076873953397814656,30.13356117212,2.619762820127850703859598699,47.37976173002,4.119119459457180264241364227
2025-08-23T14:32:28.179972Z,115024.005,0.01,0.0008693837429847795684040040164,2.559023835,0.2224773720059564957766859187,10.9779917178,0.9544087530076873953397814656,30.13356117212,2.619762820127850703859598699,47.31124037879,4.113162324576509051306290370
2025-08-23T14:32:28.212263Z,115024.005,0.01,0.0008693837429847795684040040164,2.559023835,0.2224773720059564957766859187,10.9779917178,0.9544087530076873953397814656,30.13356117212,2.619762820127850703859598699,47.27657681867,4.110148731012278697824858385
2025-08-23T14:32:28.267201Z,115024.005,0.01,0.0008693837429847795684040040164,2.559023835,0.2224773720059564957766859187,10.9779917178,0.9544087530076873953397814656,30.13356117212,2.619762820127850703859598699,47.33549064254,4.115270603083243362983231196
2025-08-23T14:32:28.351761Z,115024.005,0.01,0.0008693837429847795684040040164,2.559023835,0.2224773720059564957766859187,10.9779917178,0.9544087530076873953397814656,30.13356117212,2.619762820127850703859598699,47.33549064254,4.115270603083243362983231196
2025-08-23T14:32:28.392020Z,115024.005,0.01,0.0008693837429847795684040040164,2.558850835,0.2224623316672028590901525295,10.9627504716,0.9530837038407765405143039490,30.12387318288,2.618920562093103956865351715,47.22149271332,4.105359808443463605705609016
2025-08-23T14:32:28.524745Z,115024.005,0.01,0.0008693837429847795684040040164,2.558850835,0.2224623316672028590901525295,10.9628715178,0.9530942274006195489367632435,30.12389739212,2.618922666805072558549843574,47.22150481794,4.105360860799447906547854946
2025-08-23T14:32:28.572455Z,115024.005,0.01,0.0008693837429847795684040040164,2.558850835,0.2224623316672028590901525295,10.9628715178,0.9530942274006195489367632435,30.12389739212,2.618922666805072558549843574,47.22063787215,4.105285489941860396879764359
2025-08-23T14:32:28.687902Z,115024.005,0.01,0.0008693837429847795684040040164,2.558850835,0.2224623316672028590901525295,10.9628715178,0.9530942274006195489367632435,30.12389739212,2.618922666805072558549843574,47.22076699673,4.105296715822927570640580634
2025-08-23T14:32:28.714175Z,115024.005,0.01,0.0008693837429847795684040040164,2.574423603,0.2238162028004502190651420979,10.9714365402,0.9538388565239055969230075061,30.12869123596,2.619339435795162931424618713,47.22441054281,4.105613479795804362750192884
2025-08-23T14:32:28.794319Z,115024.005,0.01,0.0008693837429847795684040040164,2.574423603,0.2238162028004502190651420979,10.9714365402,0.9538388565239055969230075061,30.13147336468,2.619581309543168836800631312,47.37625042087,4.118814191948019893760437224
2025-08-23T14:32:28.859457Z,115024.005,0.01,0.0008693837429847795684040040164,2.574423603,0.2238162028004502190651420979,10.9723075684,0.9539145822995817264404938778,32.83317511362,2.854462867435367078376378913,49.07800773159,4.266762205992566508182357239
2025-08-23T14:32:28.903523Z,115024.005,0.01,0.0008693837429847795684040040164,2.090604287,0.1817537380132086341455420545,15.3919306814,1.338149430755780065213343945,35.20573781264,3.060729611409374938735614362,50.19000055420,4.363437054221855690036179839
2025-08-23T14:32:28.967947Z,115024.005,0.01,0.0008693837429847795684040040164,3.003248467,0.2610975393353761243142246699,12.0481900681,1.047450057759682424551292576,30.74820195074,2.673198690198624191532889156,48.09261415512,4.181093690410101787013936786
2025-08-23T14:32:29.027339Z,115024.005,0.01,0.0008693837429847795684040040164,6.335117071,0.5507647791432753536968218069,12.6225392419,1.097383041209528393660088605,30.73475220486,2.672029391157089339742604163,47.95764453580,4.169359651126736545123776554
2025-08-23T14:32:29.068097Z,115024.005,0.01,0.0008693837429847795684040040164,5.208946905,0.4528573757277882994945272511,12.4402838426,1.081538053087266436253893263,30.65519286940,2.665112631871929689806923346,47.89010126437,4.163487548913811512649033565
2025-08-23T14:32:29.136963Z,115024.005,0.01,0.0008693837429847795684040040164,6.448654521,0.5606355404682700797976909255,12.6548344315,1.100190732491013506267669953,30.76030994674,2.674251339686876665440400897,48.03014330480,4.175662576242237435568340713
2025-08-23T14:32:29.182317Z,115024.005,0.01,0.0008693837429847795684040040164,4.296920138,0.3735672512881115554966113378,12.2830186515,1.067865673039292971932250142,30.57152744804,2.657838896153894137141199352,47.74965892131,4.151277719925505984598606178
2025-08-23T14:32:29.250068Z,115024.005,0.01,0.0008693837429847795684040040164,5.613868043,0.4880605611845979454462570661,12.5052936621,1.087189901108033927352816484,30.67656604340,2.666970780873088187113637714,47.88771461716,4.163280057685350114526093923
2025-08-23T14:32:29.309518Z,115024.005,0.01,0.0008693837429847795684040040164,3.802386429,0.3305732945918549784455862061,12.2335630220,1.063566081010655123684834309,30.56403437140,2.657187460252318635575243620,47.74683370241,4.151032099987302650433707294
2025-08-23T14:32:29.367344Z,115024.005,0.01,0.0008693837429847795684040040164,5.423396311,0.4715012584547025640430447540,12.4909139349,1.085939751002410322958238152,30.67921142826,2.667200766332210393821707043,47.83916178112,4.159058953052451964266067766
2025-08-23T14:32:29.384833Z,115024.005,0.01,0.0008693837429847795684040040164,3.832666831,0.3332058235148393589668521801,12.2365912095,1.063829346708976095902763949,30.56464010742,2.657240121957151465904877856,47.79552694431,4.155265411277411180387954671
2025-08-23T14:32:29.475230Z,115024.005,0.01,0.0008693837429847795684040040164,6.621101297,0.5756277828267238651618851213,12.6857989257,1.102882735277736156031082381,30.76842798242,2.674957108511392904463724768,47.96048427308,4.169606533269294526825074470
2025-08-23T14:32:29.529840Z,115024.005,0.01,0.0008693837429847795684040040164,3.815640981,0.3317256237947896180453810489,12.2394741155,1.064079981869871423795406881,30.56626882744,2.657381720227877650408712512,47.74659128491,4.151011024603951149153604937
2025-08-23T14:32:29.582357Z,115024.005,0.01,0.0008693837429847795684040040164,2.490574347,0.2165264847976733204516744135,12.0404235620,1.046774850345369212278776069,30.48876497006,2.650643660865399357290680324,47.69571100815,4.146587576058580119862806029
2025-08-23T14:32:29.636817Z,115024.005,0.01,0.0008693837429847795684040040164,1.652357315,0.1436532587262980453514898912,10.5958546314,0.9211863759569143849581659063,30.18149333532,2.623929964473068034798475327,47.99201231249,4.172347529760418270951354893
2025-08-23T14:32:29.698581Z,115024.005,0.01,0.0008693837429847795684040040164,1.652357315,0.1436532587262980453514898912,10.5958546314,0.9211863759569143849581659063,30.31375662956,2.635428720253654878388211226,48.36071875255,4.204402268252613878294361251
2025-08-23T14:32:29.717909Z,115024.005,0.01,0.0008693837429847795684040040164,1.652357315,0.1436532587262980453514898912,10.5958546314,0.9211863759569143849581659063,30.31375662956,2.635428720253654878388211226,48.36071875255,4.204402268252613878294361251
2025-08-23T14:32:29.814192Z,115024.005,0.01,0.0008693837429847795684040040164,1.652527915,0.1436680904129533656909268635,10.6140576514,0.9227689169230370651760908516,30.38365842066,2.641505868332440693575223711,48.4661910216,4.213571855857392550363726250
2025-08-23T14:32:29.868655Z,115024.005,0.01,0.0008693837429847795684040040164,1.654342915,0.1438258835623051031825921902,11.0390458863,0.9597167031612227378102509993,30.54998002090,2.655965597868027634753284760,48.58891084173,4.224240917513696380159950090
2025-08-23T14:32:29.928225Z,115024.005,0.01,0.0008693837429847795684040040164,4.777234264,0.4153249805551458584666739782,11.5312098256,1.002504635932299523043037842,30.72490659890,2.671173430180943534351807694,48.66317668445,4.230697469145679634438046215
2025-08-23T14:32:29.969336Z,115024.005,0.01,0.0008693837429847795684040040164,4.347475783,0.3779624768760225311229599421,11.3569306209,0.9873530852016498643044119356,30.62551124136,2.662532159383599971153847408,48.58364815752,4.223783388304032710389453054
2025-08-23T14:32:30.045685Z,115024.005,0.01,0.0008693837429847795684040040164,7.837805426,0.6814060618042294736650840840,17.4464890195,1.516769392571576689578840521,33.09407052354,2.877144690235746877358339244,50.75732312083,4.412759155867507830213354160
2025-08-23T14:32:30.092136Z,115024.005,0.01,0.0008693837429847795684040040164,7.067677917,0.6144524281692330222721770121,15.3289715344,1.332675864868381169652369521,32.14507442474,2.794640512190477109539004489,49.46487698895,4.300395990293504386323533075
2025-08-23T14:32:30.169408Z,115024.005,0.01,0.0008693837429847795684040040164,6.892523813,0.5992248151157664871780460087,15.2288832635,1.323974353309989510450449017,32.18557408686,2.798161486974827558821308648,49.53845263392,4.306792537255158173287393358
2025-08-23T14:32:30.229379Z,115024.005,0.01,0.0008693837429847795684040040164,6.347146456,0.5518105943189858499536683669,14.0830994619,1.224361772301355703968054320,31.34236153822,2.724853958807989688761054703,48.76293718972,4.239370485293048177204401812
2025-08-23T14:32:30.287995Z,115024.005,0.01,0.0008693837429847795684040040164,6.550326908,0.5694747725050957841365374123,13.3982197566,1.164819444132553026648654774,31.22051320960,2.714260663206780184710139418,48.93085154018,4.253968685943425461493885559
2025-08-23T14:32:30.329895Z,115024.005,0.01,0.0008693837429847795684040040164,7.980225721,0.6937878507186391223292911771,13.5798907912,1.180613628537799566273144462,31.34529959814,2.725109388961026004963050974,49.69667644141,4.320548257853654113330517399
2025-08-23T14:32:30.366891Z,115024.005,0.01,0.0008693837429847795684040040164,7.851225721,0.6825728004341354658968795253,13.5536407912,1.178331496212464519906083952,31.30848959814,2.721909187403099031371755835,49.63184644141,4.314912043047883787388554241
2025-08-23T14:32:30.442031Z,115024.005,0.01,0.0008693837429847795684040040164,6.421311445,0.5582583778925103503394791374,13.3719677920,1.162537141008087833491800255,31.18197923046,2.710910581705097122987501609,49.37783992189,4.292829129179600379938083359
2025-08-23T14:32:30.472863Z,115024.005,0.01,0.0008693837429847795684040040164,6.421311445,0.5582583778925103503394791374,13.3719677920,1.162537141008087833491800255,31.18175783416,2.710891333870699424872225585,49.37772925374,4.292819507870552759834784052
2025-08-23T14:32:30.553811Z,115024.005,0.01,0.0008693837429847795684040040164,6.345717079,0.5516863266063462144271537059,13.3669155156,1.162097904311365266754535282,31.18583590572,2.711245874782398682779303329,49.14106684674,4.272244462948408030132492778
2025-08-23T14:32:30.611023Z,115024.005,0.01,0.0008693837429847795684040040164,6.271500079,0.5452340212810360759043297093,13.3499615156,1.160623951113508871474263133,31.17697830572,2.710475809438212484428793798,49.13395135674,4.271625853815470953215374478
2025-08-23T14:32:30.675593Z,115024.005,0.01,0.0008693837429847795684040040164,6.400641437,0.5564613610002538165837644064,13.3628762575,1.161746737778779307849696244,31.41083933982,2.730807307554627401471545005,49.68646162980,4.319660198738515495091654998
2025-08-23T14:32:30.719126Z,115024.005,0.01,0.0008693837429847795684040040164,6.404330999,0.5567821255224072575111603878,13.3632452137,1.161778814230994651942435842,31.41083933654,2.730807307269469533772537306,49.68646165816,4.319660201204087790196489854
2025-08-23T14:32:30.785659Z,115024.005,0.01,0.0008693837429847795684040040164,6.404330999,0.5567821255224072575111603878,13.3632452137,1.161778814230994651942435842,31.23282142166,2.715330719153797505138166594,49.31440777456,4.287314441412468640785025700
2025-08-23T14:32:30.836105Z,115024.005,0.01,0.0008693837429847795684040040164,5.754201746,0.5002609451827033843935446344,13.2315244265,1.150327223130510887705570676,31.16589154382,2.709511944382392179788905803,49.25695114607,4.282319255538876428446392560
2025-08-23T14:32:30.916204Z,115024.005,0.01,0.0008693837429847795684040040164,5.754201746,0.5002609451827033843935446344,13.2315244265,1.150327223130510887705570676,31.16589154382,2.709511944382392179788905803,49.25695114607,4.282319255538876428446392560
2025-08-23T14:32:30.941115Z,115024.005,0.01,0.0008693837429847795684040040164,5.754201746,0.5002609451827033843935446344,13.2315244265,1.150327223130510887705570676,31.16589154382,2.709511944382392179788905803,49.25695114607,4.282319255538876428446392560
2025-08-23T14:32:31.038313Z,115024.005,0.01,0.0008693837429847795684040040164,5.990661954,0.5208184112525033361514407362,13.3030710262,1.156547368195012858402904681,31.47262644752,2.736178978250670370936918776,49.55881756055,4.308563030869078154599120418
2025-08-23T14:32:31.087079Z,115024.005,0.01,0.0008693837429847795684040040164,3.118073729,0.2710802609420529219096483382,11.7475059448,1.021309068902617327574361543,30.72035391254,2.670777627030114279188939735,49.00572722634,4.260478256372658907155945405
2025-08-23T14:32:31.156372Z,115024.005,0.01,0.0008693837429847795684040040164,3.118073729,0.2710802609420529219096483382,11.7475059448,1.021309068902617327574361543,30.72102315668,2.670835810027654662172474346,49.01644205841,4.261409786453705902520087003
2025-08-23T14:32:31.216447Z,115024.005,0.01,0.0008693837429847795684040040164,3.118073729,0.2710802609420529219096483382,11.7475059448,1.021309068902617327574361543,30.72102315668,2.670835810027654662172474346,48.95848106356,4.256370751788724449300822033
2025-08-23T14:32:31.322229Z,115024.005,0.01,0.0008693837429847795684040040164,3.118073729,0.2710802609420529219096483382,11.7475059448,1.021309068902617327574361543,30.72260983254,2.670973753047461701581335131,48.95927419905,4.256439705698823476021374843
2025-08-23T14:32:31.389677Z,115033.525,0.01,0.0008693117941052401897620715352,0.626848776,0.05449270340972338281383622731,22.3190920694,1.940224996965015198830080187,38.26812134216,3.326692922099014178692689805,60.76175225095,5.282090786225146104146595525
2025-08-23T14:32:31.449361Z,115038.245,0.01,0.0008692761263873592647384354655,1.240431892,0.1078277830125103177643226390,22.1574402647,1.926093384395772032161999690,41.89277284320,3.641638730076245512959624862,70.61101643502,6.138047084690834774122292982
2025-08-23T14:32:31.509558Z,115038.245,0.01,0.0008692761263873592647384354655,7.216173091,0.6272846991885176968755043160,24.0284175201,2.088732970509068527601407688,40.74852270340,3.542171797161891682196646863,66.26528906410,5.760283379157948732614966440
2025-08-23T14:32:31.568111Z,115038.245,0.01,0.0008692761263873592647384354655,7.257125269,0.6308445742544142602314560692,22.4435853239,1.950967291260397792056024499,35.01095307100,3.043418566668849998537442917,56.77538619643,4.935348778697901728246984296
2025-08-23T14:32:31.628291Z,115038.245,0.01,0.0008692761263873592647384354655,7.257674632,0.6308923290684763141162315194,23.0633526382,2.004842184284017893353640783,35.32396516564,3.070627960782955268484841715,56.99709931554,4.954621770832821728113115773
2025-08-23T14:32:31.678497Z,115038.245,0.01,0.0008692761263873592647384354655,5.884512633,0.5115266347291720244862914938,22.6534517782,1.969210481105653167779115545,35.09958341150,3.051122990575873267190402635,56.54744494862,4.915534390203883934425459985
2025-08-23T14:32:31.738676Z,115038.245,0.01,0.0008692761263873592647384354655,5.243208616,0.4557796075557307050363989819,20.9139738122,1.818001814283588905585268621,34.33642181436,2.984783174878928307711926586,55.19141335335,4.797657800964366241852872495
2025-08-23T14:32:31.796936Z,115038.245,0.01,0.0008692761263873592647384354655,3.653198142,0.3175637929803258038228938559,20.6765346089,1.797361791193876436484231831,34.27694163150,2.979612704583593047686010857,55.25244773100,4.802963373702371763407899695
2025-08-23T14:32:31.856536Z,115038.245,0.01,0.0008692761263873592647384354655,3.666134932,0.3186883572502344763691414103,20.3583600335,1.769703634952010959485691041,33.99442413746,2.955054133298017541905302884,54.18353119674,4.710045011269078383454128668
2025-08-23T14:32:31.913394Z,115038.245,0.01,0.0008692761263873592647384354655,3.666134932,0.3186883572502344763691414103,20.3583600335,1.769703634952010959485691041,33.99370644558,2.954991746056278935757408330,54.23481257348,4.714502778921914186017006779
2025-08-23T14:32:31.965555Z,115038.245,0.01,0.0008692761263873592647384354655,3.666134932,0.3186883572502344763691414103,20.3490577852,1.768895012715119219699500805,33.99219858984,2.954860671756597121244330527,54.23405886485,4.714437260830083073676932398
2025-08-23T14:32:32.025570Z,115038.245,0.01,0.0008692761263873592647384354655,3.666134932,0.3186883572502344763691414103,20.3490577852,1.768895012715119219699500805,33.79775775202,2.937958393925428886715022469,53.49169129690,4.649905020447765001978255145
2025-08-23T14:32:32.087168Z,115038.245,0.01,0.0008692761263873592647384354655,3.666134932,0.3186883572502344763691414103,20.3490577852,1.768895012715119219699500805,33.79415862646,2.937645530532911033195960178,53.43825210652,4.645259679206684698640873737
2025-08-23T14:32:32.148985Z,115038.245,0.01,0.0008692761263873592647384354655,3.666134932,0.3186883572502344763691414103,20.3490577852,1.768895012715119219699500805,33.79415862646,2.937645530532911033195960178,53.43825210652,4.645259679206684698640873737
2025-08-23T14:32:32.205476Z,115038.245,0.01,0.0008692761263873592647384354655,3.666134932,0.3186883572502344763691414103,20.3232288852,1.766649768101034573328200548,33.77707932470,2.936160867605377672442760232,49.97225361892,4.343968705270147332306747204
2025-08-23T14:32:32.257900Z,115038.245,0.01,0.0008692761263873592647384354655,3.689543358,0.3207231958380449910375458179,21.4902893229,1.868099545755413775653479415,34.45940387158,2.995473711510463324610002526,51.63083574525,4.488145289877292547361097173
2025-08-23T14:32:32.317517Z,115038.245,0.01,0.0008692761263873592647384354655,0.204733128,0.01779696204510074019296799947,18.1643108955,1.578980181373594494596123228,33.40512282600,2.903827577167923589237648749,50.36832867561,4.378398564373961024874814458
2025-08-23T14:32:32.369664Z,115038.245,0.01,0.0008692761263873592647384354655,0.204733128,0.01779696204510074019296799947,18.5345526764,1.611164415486345432338610520,33.54375058858,2.915878157614452480564181069,50.42427462829,4.383261812477233114952336069
2025-08-23T14:32:32.419782Z,115038.245,0.01,0.0008692761263873592647384354655,0.010862534,0.0009442541478270987183436256351,18.6645684349,1.622466374978164870300307519,33.50780597398,2.912753578080055028655904825,50.61368724164,4.399726998759412576226280225
2025-08-23T14:32:32.474006Z,115038.245,0.01,0.0008692761263873592647384354655,0.010862534,0.0009442541478270987183436256351,18.4093566877,1.600281427076708272105507173,33.37982297784,2.901628321767252273363523583,50.39577914100,4.380784767796135971997834285
2025-08-23T14:32:32.532390Z,115038.245,0.01,0.0008692761263873592647384354655,0.010862534,0.0009442541478270987183436256351,18.3994091877,1.599416714649984446476908614,33.37888924216,2.901547154353754266678877099,50.44223233014,4.384822832627531826480836873
2025-08-23T14:32:32.597970Z,115038.245,0.01,0.0008692761263873592647384354655,0.010862534,0.0009442541478270987183436256351,18.3994091877,1.599416714649984446476908614,33.36383386016,2.900238425939130069308689471,50.34871025202,4.376693181647546865827099501
2025-08-23T14:32:32.659002Z,115038.245,0.01,0.0008692761263873592647384354655,0.010862534,0.0009442541478270987183436256351,17.7947449496,1.546854695983931256948504387,33.17283663414,2.883635493060590414952870674,49.64114493398,4.315186217764361756388060336
2025-08-23T14:32:32.718595Z,115038.245,0.01,0.0008692761263873592647384354655,0.010862534,0.0009442541478270987183436256351,18.1385505132,1.576740892839594345341412328,33.34687716174,2.898764420627244443793453212,50.0333008836,4.349275398246904757630820950
2025-08-23T14:32:32.773334Z,115038.245,0.01,0.0008692761263873592647384354655,0.010862534,0.0009442541478270987183436256351,18.1652848776,1.579064847312300357155135668,33.35427363006,2.899407377960260085678462845,50.03699909063,4.349596874555066447684420081
2025-08-23T14:32:32.814327Z,115038.245,0.01,0.0008692761263873592647384354655,0.01,0.0008692761263873592647384354655,15.6937745297,1.364222353157421690499537784,32.4801061868,2.823418089071160638794515685,48.95208393384,4.255287790059731874386644198
2025-08-23T14:32:32.888858Z,115038.245,0.01,0.0008692761263873592647384354655,0.01,0.0008692761263873592647384354655,15.7037220297,1.365087065584145516128136343,32.48636672070,2.823962302336931513515353090,49.01152119085,4.260454528913406145929990500
2025-08-23T14:32:32.942510Z,115038.245,0.01,0.0008692761263873592647384354655,0.01,0.0008692761263873592647384354655,15.7037220297,1.365087065584145516128136343,32.48636672070,2.823962302336931513515353090,49.01152119085,4.260454528913406145929990500
2025-08-23T14:32:32.998594Z,115038.245,0.01,0.0008692761263873592647384354655,0.01,0.0008692761263873592647384354655,15.6892246684,1.363826844576775315026754798,32.4822139070,2.823601308156257077809210320,49.10089447911,4.268223535495521511128755485
2025-08-23T14:32:33.059134Z,115038.245,0.01,0.0008692761263873592647384354655,0.01,0.0008692761263873592647384354655,15.7137011797,1.365954529269809357748807799,32.51681731358,2.826609299679424003730237714,49.10154982525,4.268280503170923721932649442
2025-08-23T14:32:33.087114Z,115038.245,0.01,0.0008692761263873592647384354655,0.01,0.0008692761263873592647384354655,15.7122253261,1.365826236839757073832272041,32.48727781412,2.824041501512822974655081012,49.03005302452,4.262065456972157389918457118
2025-08-23T14:32:33.169749Z,115038.245,0.01,0.0008692761263873592647384354655,0.01,0.0008692761263873592647384354655,15.7137011797,1.365954529269809357748807799,32.51413834964,2.826376423739774541936031795,49.04671846459,4.263514143891016418061662884
2025-08-23T14:32:33.221366Z,115038.245,0.01,0.0008692761263873592647384354655,0.01,0.0008692761263873592647384354655,15.6998265797,1.364748443415491952263353809,32.47987014304,2.823397570350625568044783715,50.29292421971,4.371843835040251179075271880
2025-08-23T14:32:33.289257Z,115038.245,0.01,0.0008692761263873592647384354655,0.01,0.0008692761263873592647384354655,14.8051934694,1.286980122949546040101707045,32.05218245030,2.786219700265768136501039285,49.80437981487,4.329375836259497873946181985
2025-08-23T14:32:33.320109Z,115038.245,0.01,0.0008692761263873592647384354655,0.01,0.0008692761263873592647384354655,14.8051934694,1.286980122949546040101707045,32.05210867016,2.786213286734337784794961015,49.80434295125,4.329372631793018052387708105
2025-08-23T14:32:33.396160Z,115038.245,0.01,0.0008692761263873592647384354655,0.01,0.0008692761263873592647384354655,14.7932737694,1.285943971885176099478916772,32.04514270472,2.785607751988914643125857840,49.68490284857,4.318989988813720167584267302
2025-08-23T14:32:33.453654Z,115038.245,0.01,0.0008692761263873592647384354655,0.01,0.0008692761263873592647384354655,14.7932737694,1.285943971885176099478916772,32.04514270472,2.785607751988914643125857840,49.68757382685,4.319222170579010484730534615
2025-08-23T14:32:33.515976Z,115038.245,0.01,0.0008692761263873592647384354655,0.01,0.0008692761263873592647384354655,14.7932737694,1.285943971885176099478916772,32.04621264058,2.785700758958901015918662528,49.68810865403,4.319268661828942192224855308
2025-08-23T14:32:33.576675Z,115038.245,0.01,0.0008692761263873592647384354655,0.01,0.0008692761263873592647384354655,14.8515269371,1.291007780681981022919812450,32.08336010132,2.788929899036620386550577158,49.71719982562,4.321797487924124711742603514
2025-08-23T14:32:33.609459Z,115038.245,0.01,0.0008692761263873592647384354655,3.016791116,0.2622424495436278604563204176,18.1494482371,1.577688205961417439913134975,32.99556557404,2.868225743016159538942896773,50.64333078375,4.402303841105190712879877470
2025-08-23T14:32:33.682940Z,115038.245,0.01,0.0008692761263873592647384354655,3.109297404,0.2702838003135392060266566132,18.1727660815,1.579715170506990957659341900,33.00018735990,2.868627503827096805936147583,50.52775904339,4.392257465627192069906838374
2025-08-23T14:32:33.742716Z,115038.245,0.01,0.0008692761263873592647384354655,3.109297404,0.2702838003135392060266566132,18.1727660815,1.579715170506990957659341900,33.00018735990,2.868627503827096805936147583,50.48094433049,4.388187974398427236090049879
2025-08-23T14:32:33.790968Z,115038.245,0.01,0.0008692761263873592647384354655,2.079552884,0.1807705675621181460130932978,18.8048077930,1.634657047575786643824408135,33.36448268062,2.900294826352749035766322756,50.57105778292,4.396021321684801432775682557
2025-08-23T14:32:33.859932Z,115038.245,0.01,0.0008692761263873592647384354655,3.021519000,0.2626534332125807378233212789,19.0422469963,1.655297070665499112925444925,33.43746734848,2.906639209289049915530265609,50.65213415219,4.403069096906859105856491465
2025-08-23T14:32:33.908677Z,115038.245,0.01,0.0008692761263873592647384354655,3.021519000,0.2626534332125807378233212789,19.0422469963,1.655297070665499112925444925,33.41572422084,2.904749131112005403072691173,51.56040554029,4.482022960302462889624228881
2025-08-23T14:32:33.970733Z,115038.245,0.01,0.0008692761263873592647384354655,3.021519000,0.2626534332125807378233212789,19.0457521405,1.655601764482759624853456344,33.40052073504,2.903427528387624480884596249,51.46680659313,4.473886627280344897473009954
2025-08-23T14:32:34.087238Z,115038.245,0.01,0.0008692761263873592647384354655,3.021519000,0.2626534332125807378233212789,18.1439379638,1.577209211058461470791735392,32.96947402130,2.865957666626433669950371722,51.03857837459,4.436661770578123823081619508
2025-08-23T14:32:34.149731Z,115038.245,0.01,0.0008692761263873592647384354655,3.021519000,0.2626534332125807378233212789,18.1439379638,1.577209211058461470791735392,32.96947402130,2.865957666626433669950371722,51.03857837459,4.436661770578123823081619508
2025-08-23T14:32:34.182330Z,115038.245,0.01,0.0008692761263873592647384354655,3.021519000,0.2626534332125807378233212789,18.1439379638,1.577209211058461470791735392,32.99121714894,2.867847744803478182407946157,51.05442536094,4.438039311269047958789705111
2025-08-23T14:32:34.251495Z,115038.245,0.01,0.0008692761263873592647384354655,3.021519000,0.2626534332125807378233212789,18.1439379638,1.577209211058461470791735392,32.99121714894,2.867847744803478182407946157,51.05273393823,4.437892279930904717817974361
2025-08-23T14:32:34.329486Z,115038.245,0.01,0.0008692761263873592647384354655,3.021519000,0.2626534332125807378233212789,18.1320182638,1.576173059994091530168945119,32.98480460536,2.867290317699126929483320960,51.04610399644,4.437315954919166230326271059
2025-08-23T14:32:34.379217Z,115032.965,0.01,0.0008693160260626160509728667778,4.296207650,0.3734762161437810457202420193,18.3878191303,1.598482585431054480774271966,32.8549734689,2.856135497237683128484082802,50.19928786025,4.363904543384585453395902644
2025-08-23T14:32:34.439231Z,115032.965,0.01,0.0008693160260626160509728667778,4.286250714,0.3726106437402530657190310621,18.2110531203,1.583116032895440015825028938,32.7694870453,2.848704025433057384898320234,52.03108812535,4.523145876084303312533063892
2025-08-23T14:32:34.487884Z,115032.965,0.01,0.0008693160260626160509728667778,4.290396280,0.3729710244363430952162278004,20.0495196249,1.742936872478250039021423120,33.46300662392,2.908992793841313227038875335,51.77504818847,4.500887914040118847671187124
2025-08-23T14:32:34.552501Z,115032.965,0.01,0.0008693160260626160509728667778,4.290396280,0.3729710244363430952162278004,20.0613701249,1.743967055434935542172628516,33.46933853776,2.909543237258989194966851459,51.78506198795,4.501758429677092996777054299
2025-08-23T14:32:34.618530Z,115032.965,0.01,0.0008693160260626160509728667778,4.290396280,0.3729710244363430952162278004,20.0492540429,1.742913785009366662851818172,33.46162213152,2.908872437698185037654206340,51.77751334456,4.501102214009697133339125876
2025-08-23T14:32:34.679148Z,115032.965,0.01,0.0008693160260626160509728667778,4.290396280,0.3729710244363430952162278004,20.0492540429,1.742913785009366662851818172,33.46180661642,2.908888475266198693565796552,51.77760558701,4.501110232793703961294920982
2025-08-23T14:32:34.733532Z,115032.965,0.01,0.0008693160260626160509728667778,4.275228176,0.3716524368471246481389052260,18.0498431429,1.569101791203938801368807628,32.70892899310,2.843439616904597738569982961,50.76921162945,4.413448930004542610894190200
2025-08-23T14:32:34.772589Z,115032.965,0.01,0.0008693160260626160509728667778,4.275228176,0.3716524368471246481389052260,17.9058923060,1.556587914255709222134715905,32.65501094984,2.838752434994612196599470421,50.69766852212,4.407229573028913929150656944
2025-08-23T14:32:34.828216Z,115032.965,0.01,0.0008693160260626160509728667778,4.275228176,0.3716524368471246481389052260,17.9058923060,1.556587914255709222134715905,32.65501094984,2.838752434994612196599470421,50.67570161622,4.405319954694725985720701887
2025-08-23T14:32:34.894057Z,115032.965,0.01,0.0008693160260626160509728667778,4.275228176,0.3716524368471246481389052260,17.9058923060,1.556587914255709222134715905,32.65309238584,2.838585651151389516909348551,50.67474253566,4.405236580284616674880978683
2025-08-23T14:32:34.964841Z,115032.965,0.01,0.0008693160260626160509728667778,4.275228176,0.3716524368471246481389052260,17.9058923060,1.556587914255709222134715905,32.65309238584,2.838585651151389516909348551,50.67474253566,4.405236580284616674880978683
2025-08-23T14:32:35.001207Z,115032.965,0.01,0.0008693160260626160509728667778,4.275228176,0.3716524368471246481389052260,17.9058923060,1.556587914255709222134715905,32.65309238584,2.838585651151389516909348551,50.67474253566,4.405236580284616674880978683
2025-08-23T14:32:35.057199Z,115032.965,0.01,0.0008693160260626160509728667778,3.869259939,0.3363609673974760191567695399,17.7289863190,1.541209193295156740504776174,32.60456238314,2.834366860242192314177070894,50.65783421428,4.403766712809671558061639114
2025-08-23T14:32:35.120621Z,115032.965,0.01,0.0008693160260626160509728667778,4.246928401,0.3691922920529780311235131599,20.0816814910,1.745732755041131035786133131,33.47439949402,2.909983194297391186952366220,51.79234540488,4.502391588783267474675628851
2025-08-23T14:32:35.185880Z,115032.965,0.01,0.0008693160260626160509728667778,4.902055211,0.4261435155566058824963783208,20.2256323279,1.758246631989360615020224855,33.52879717070,2.914712071509240851089946260,51.82788380253,4.505480998645040575977503492
2025-08-23T14:32:35.218525Z,115032.965,0.01,0.0008693160260626160509728667778,4.902055211,0.4261435155566058824963783208,20.2256323279,1.758246631989360615020224855,33.52879717070,2.914712071509240851089946260,51.82788380253,4.505480998645040575977503492
2025-08-23T14:32:35.298645Z,115032.965,0.01,0.0008693160260626160509728667778,4.003137276,0.3479991388555445823725399063,18.8134062660,1.635479557186064012172510723,33.16411686260,2.883009827887162605953867224,50.51770008485,4.391584628358488368964496395
2025-08-23T14:32:35.356442Z,115032.965,0.01,0.0008693160260626160509728667778,4.003137276,0.3479991388555445823725399063,18.2635538059,1.587680001632575496945592944,32.84014578030,2.854846502504738532993564062,50.20595356005,4.364484003350691690855747307
2025-08-23T14:32:35.417734Z,115032.965,0.01,0.0008693160260626160509728667778,4.003137276,0.3479991388555445823725399063,17.7663080467,1.544453630896152246445182040,32.57846913834,2.832098532654530812102426465,49.71676847473,4.321958359912743273199990976
2025-08-23T14:32:35.477122Z,115032.965,0.01,0.0008693160260626160509728667778,4.004460466,0.3481141658827971616657885850,17.7667725547,1.544494011321015675810842570,32.65438466698,2.838697991221907563627521902,49.91057608926,4.338806366441132765725024996
2025-08-23T14:32:35.513772Z,115032.965,0.01,0.0008693160260626160509728667778,4.004460466,0.3481141658827971616657885850,18.2495040811,1.586458636539534558637169789,32.81234927498,2.852430107750417456422165594,50.01616130550,4.347985058500404644877231496
2025-08-23T14:32:35.586799Z,115032.965,0.01,0.0008693160260626160509728667778,4.004460466,0.3481141658827971616657885850,18.2435528811,1.585941289186104174572914816,32.80940572462,2.852174220200270418136227298,50.01033504481,4.347478572321421081339596871
2025-08-23T14:32:35.649522Z,115032.965,0.01,0.0008693160260626160509728667778,4.004460466,0.3481141658827971616657885850,18.2435528811,1.585941289186104174572914816,32.75665109968,2.847588176109343960663797547,49.89795987175,4.337709618434159286427155903
2025-08-23T14:32:35.693534Z,115032.965,0.01,0.0008693160260626160509728667778,4.004460466,0.3481141658827971616657885850,18.2315985811,1.584902082729068141467100322,32.74986268432,2.846998048282942198351576872,49.89114201924,4.337116931589131863201126738
2025-08-23T14:32:35.750995Z,115032.965,0.01,0.0008693160260626160509728667778,4.004460466,0.3481141658827971616657885850,18.2156825811,1.583518479341986881760371907,32.74438245006,2.846521642736062658212800131,49.88497800558,4.336581084003181175065773537
2025-08-23T14:32:35.818562Z,115032.965,0.01,0.0008693160260626160509728667778,4.004460466,0.3481141658827971616657885850,18.3755494180,1.597415959677297720701192045,32.80574432380,2.851855928759203937758189576,49.93997584585,4.341362134397735466524747928
2025-08-23T14:32:35.869409Z,115032.965,0.01,0.0008693160260626160509728667778,4.004460466,0.3481141658827971616657885850,18.3755494180,1.597415959677297720701192045,32.80557050296,2.851840818235016371176731818,49.93307641398,4.340762355728203650144982354
2025-08-23T14:32:35.893228Z,115032.965,0.01,0.0008693160260626160509728667778,4.004460466,0.3481141658827971616657885850,18.3755494180,1.597415959677297720701192045,32.80557050296,2.851840818235016371176731818,49.93307641398,4.340762355728203650144982354
2025-08-23T14:32:35.975030Z,115032.965,0.01,0.0008693160260626160509728667778,4.004460466,0.3481141658827971616657885850,18.3755494180,1.597415959677297720701192045,32.80539668212,2.851825707710828804595274059,49.93298950356,4.340754800466109866854253474
2025-08-23T14:32:36.037783Z,115032.965,0.01,0.0008693160260626160509728667778,4.004460466,0.3481141658827971616657885850,17.9241148102,1.558172025749314555179899953,32.52713436792,2.827635918792495698950296552,49.46545929049,4.300111649777087811306958836
2025-08-23T14:32:36.092248Z,115032.965,0.01,0.0008693160260626160509728667778,4.004460466,0.3481141658827971616657885850,17.9241148102,1.558172025749314555179899953,32.54763500070,2.829418071654503559045009402,49.54135857979,4.306709696632613094863720152
2025-08-23T14:32:36.150119Z,115032.965,0.01,0.0008693160260626160509728667778,4.004460466,0.3481141658827971616657885850,17.9241148102,1.558172025749314555179899953,32.54763500070,2.829418071654503559045009402,49.54135857979,4.306709696632613094863720152
2025-08-23T14:32:36.207812Z,115032.965,0.01,0.0008693160260626160509728667778,4.004460466,0.3481141658827971616657885850,17.9241148102,1.558172025749314555179899953,32.54763500070,2.829418071654503559045009402,49.54135857979,4.306709696632613094863720152
2025-08-23T14:32:36.262749Z,115032.965,0.01,0.0008693160260626160509728667778,4.004460466,0.3481141658827971616657885850,17.8153586248,1.548717676259148844855037858,32.48789311872,2.824224614111268017824281935,49.44584271826,4.298406349715492424280292175
2025-08-23T14:32:36.329632Z,115032.965,0.01,0.0008693160260626160509728667778,4.004460466,0.3481141658827971616657885850,17.8013975248,1.547504015462002565960114129,32.53593281788,2.828400782147969497265414310,49.55679131945,4.308051289423862107701040306
2025-08-23T14:32:36.377593Z,115032.965,0.01,0.0008693160260626160509728667778,4.004460466,0.3481141658827971616657885850,17.8013975248,1.547504015462002565960114129,32.50649764616,2.825841935497359387372132849,49.50251016859,4.303332541988290052334128743
2025-08-23T14:32:36.419248Z,115032.965,0.01,0.0008693160260626160509728667778,3.821899621,0.3322438590537938407481716219,18.1364343931,1.576629307355504572102440374,32.61615654212,2.835374759063195493570038815,49.61088524842,4.312753761360493489844411122
2025-08-23T14:32:36.486951Z,115032.965,0.01,0.0008693160260626160509728667778,3.821899621,0.3322438590537938407481716219,17.8918990708,1.555371459894126870501860054,32.54190844458,2.828920252953577263700018512,49.53002899694,4.305724797838602178079996460
2025-08-23T14:32:36.553348Z,115032.965,0.01,0.0008693160260626160509728667778,3.821899621,0.3322438590537938407481716219,17.8918990708,1.555371459894126870501860054,32.53884617412,2.828654044874875649775696906,49.52849821409,4.305591724432209497512300061
2025-08-23T14:32:36.618890Z,115032.965,0.01,0.0008693160260626160509728667778,3.821854113,0.3322399029704224349950468546,17.7774239404,1.545419953349894093401834857,32.47715179608,2.823290853720061897039687710,49.43110550121,4.297125219819379601316892075
2025-08-23T14:32:36.652260Z,115032.965,0.01,0.0008693160260626160509728667778,3.821854113,0.3322399029704224349950468546,17.7774239404,1.545419953349894093401834857,32.47715179608,2.823290853720061897039687710,49.43110550121,4.297125219819379601316892075
2025-08-23T14:32:36.727935Z,115032.965,0.01,0.0008693160260626160509728667778,3.991420638,0.3469805927370471586123160435,17.8162736315,1.548797219257975311685654630,32.48988318014,2.824397613339793510495013321,49.44179574362,4.298054539724330325659257761
2025-08-23T14:32:36.799739Z,115032.965,0.01,0.0008693160260626160509728667778,2.203034167,0.1915132907336605641695839101,17.1846577363,1.493889837256650734856743021,32.30526705942,2.808348638098652851380471676,49.30907730706,4.286517113338772064164389747
2025-08-23T14:32:36.859857Z,115032.965,0.01,0.0008693160260626160509728667778,2.203034167,0.1915132907336605641695839101,17.3260194934,1.506178641348590814815561783,32.33493757144,2.810927943258699799661775214,49.32124290702,4.287574688439961536243110833
2025-08-23T14:32:36.914386Z,115032.965,0.01,0.0008693160260626160509728667778,2.578322754,0.2241377290414099992988966250,17.4577651618,1.517631503439035932004360663,32.37705339234,2.814589139064615086640599067,49.35632758150,4.290624655419426944267671445
2025-08-23T14:32:36.973155Z,115032.965,0.01,0.0008693160260626160509728667778,2.578322754,0.2241377290414099992988966250,17.4577651618,1.517631503439035932004360663,32.37694270266,2.814579516633340712377534562,49.35627223666,4.290619844203789757136139193
2025-08-23T14:32:37.038663Z,115032.965,0.01,0.0008693160260626160509728667778,2.578322754,0.2241377290414099992988966250,18.3737611190,1.597260499979288545679058173,32.86491766932,2.856999962516831588232121114,49.89986317820,4.337875075914108620950524921
2025-08-23T14:32:37.087211Z,115032.965,0.01,0.0008693160260626160509728667778,2.830564939,0.2460655464283651212502433542,17.1811597069,1.493585747954944915138021523,32.36713498494,2.813726916014031282250266261,49.51173503273,4.304134474211805285554449544
2025-08-23T14:32:37.148899Z,115032.965,0.01,0.0008693160260626160509728667778,3.451613529,0.3000542956534242162670500582,17.9531277033,1.560694163042741704519221947,32.7466302091,2.846717044031682570296262467,50.03451609841,4.349580670063576992908076394
2025-08-23T14:32:37.209795Z,115032.965,0.01,0.0008693160260626160509728667778,3.451613529,0.3000542956534242162670500582,18.8648780237,1.639954079571886198012891348,33.15731717184,2.882418719872168816999544435,50.41503271931,4.382659589736733292061106136
2025-08-23T14:32:37.257852Z,115032.965,0.01,0.0008693160260626160509728667778,2.850210165,0.2477733374081073194975023029,18.5179154061,1.609792063179454689357959260,33.10358064664,2.877747317618041054579441641,50.38959254082,4.380448034250008247635797269
2025-08-23T14:32:37.319509Z,115032.965,0.01,0.0008693160260626160509728667778,2.490485573,0.2165019021286637269586157325,18.6855029902,1.624360720442179335288801780,33.09729520530,2.877200914129267206143908401,50.29322507054,4.372070655619456561864679399
2025-08-23T14:32:37.374270Z,115032.965,0.01,0.0008693160260626160509728667778,2.504034418,0.2176797249379775614755300796,18.6885787507,1.624628101231677371786426613,33.07287089902,2.875077670041800626455207862,50.24115464115,4.367544089744187676984593069
2025-08-23T14:32:37.437979Z,115032.965,0.01,0.0008693160260626160509728667778,2.504034418,0.2176797249379775614755300796,18.6885787507,1.624628101231677371786426613,33.07269707770,2.875062559475885890622744532,50.24106773049,4.367536534461230309068361404
2025-08-23T14:32:37.471884Z,115032.965,0.01,0.0008693160260626160509728667778,2.504034418,0.2176797249379775614755300796,18.6922683801,1.624948846628442551228684751,33.07343496038,2.875126704799793693920694820,50.24143659632,4.367568600558978897918522747
2025-08-23T14:32:37.503911Z,115032.965,0.01,0.0008693160260626160509728667778,2.504034418,0.2176797249379775614755300796,17.7807049312,1.545705175138274493750552287,32.64414874764,2.837808166349532936058807143,49.81614293148,4.330597140696147404354916871
2025-08-23T14:32:37.607885Z,115032.965,0.01,0.0008693160260626160509728667778,3.465116866,0.3012281623793666450308396380,19.0431183237,1.655448794499907048383913255,33.26228236108,2.891543511990671543587527280,50.50044442932,4.390084566569243868485872724
2025-08-23T14:32:37.629975Z,115032.965,0.01,0.0008693160260626160509728667778,2.559377513,0.2224907888795181450812817004,18.6749823794,1.623446146884938591298589930,33.12726464458,2.879806205515088653065666872,50.38238987986,4.379821895389725892921216105
2025-08-23T14:32:37.722653Z,115032.965,0.01,0.0008693160260626160509728667778,2.559377513,0.2224907888795181450812817004,17.7627545320,1.544144718168396337519423237,32.59061788154,2.833154642370558735054773212,49.78684364657,4.328050106903703647037177560
2025-08-23T14:32:37.827058Z,115032.965,0.01,0.0008693160260626160509728667778,2.559377513,0.2224907888795181450812817004,17.7627545320,1.544144718168396337519423237,32.59061788154,2.833154642370558735054773212,49.78666961976,4.328034978474213891644017000
2025-08-23T14:32:37.860019Z,115032.965,0.01,0.0008693160260626160509728667778,2.559377513,0.2224907888795181450812817004,17.7627545320,1.544144718168396337519423237,32.59035714884,2.833131976459095877429569863,49.78653925341,4.328023645518482462831415325
2025-08-23T14:32:37.951784Z,115032.965,0.01,0.0008693160260626160509728667778,2.504034418,0.2176797249379775614755300796,17.7877227389,1.546315244408418056511018385,32.60562511392,2.834459245132036716605539986,49.80276426821,4.329434112057356775946790557
2025-08-23T14:32:38.008307Z,115032.965,0.01,0.0008693160260626160509728667778,3.465116866,0.3012281623793666450308396380,18.1210575436,1.575292573185434279643230964,32.71564231486,2.844023216724006027315735103,49.89427937005,4.337389666522983216158950610
2025-08-23T14:32:38.068500Z,115032.965,0.01,0.0008693160260626160509728667778,2.603987123,0.2263687737684584588426456712,17.7909928830,1.546599523275784467521983807,32.60669692854,2.834552419694650137897427924,49.83188982514,4.331966043398081584700524758
2025-08-23T14:32:38.087391Z,115032.965,0.01,0.0008693160260626160509728667778,2.464051389,0.2142039361499549281373387185,17.6543726931,1.534722911219405672104513693,32.55645337026,2.830184666652728633048796056,49.78521035635,4.327908122367357913446810660
2025-08-23T14:32:38.187975Z,115032.965,0.01,0.0008693160260626160509728667778,2.398451808,0.2085012594433256588665692482,17.6572436575,1.534972488755723196389834862,32.55722958584,2.830252144317065981912228377,49.76105690914,4.325808424492926875352643479
2025-08-23T14:32:38.243029Z,115032.965,0.01,0.0008693160260626160509728667778,2.398451808,0.2085012594433256588665692482,17.6572436575,1.534972488755723196389834862,32.55722958584,2.830252144317065981912228377,49.76105690914,4.325808424492926875352643479
2025-08-23T14:32:38.265840Z,115032.965,0.01,0.0008693160260626160509728667778,2.398451808,0.2085012594433256588665692482,17.6572436575,1.534972488755723196389834862,32.55662120954,2.830199257190319314120087229,49.75744619360,4.325494539204479342073813363
2025-08-23T14:32:38.349485Z,115032.965,0.01,0.0008693160260626160509728667778,2.398451808,0.2085012594433256588665692482,17.6572634134,1.534974206167771125433479003,32.55636792722,2.830177238952329882134221264,49.75732566875,4.325484061786114962784798253
2025-08-23T14:32:38.412385Z,115032.965,0.01,0.0008693160260626160509728667778,2.398451808,0.2085012594433256588665692482,17.6572634134,1.534974206167771125433479003,32.55602028362,2.830147017737046071967283465,49.75715184695,4.325468951178473057701329354
2025-08-23T14:32:38.473218Z,115032.965,0.01,0.0008693160260626160509728667778,2.398451808,0.2085012594433256588665692482,17.6559720472,1.534861945634453567288298619,32.55576202478,2.830124566882197637868414502,49.73975872670,4.323956939360817136200914234
2025-08-23T14:32:38.503000Z,115032.965,0.01,0.0008693160260626160509728667778,2.398451808,0.2085012594433256588665692482,17.6559720472,1.534861945634453567288298619,32.55576202478,2.830124566882197637868414502,49.79170024670,4.328472298936222325487307052
2025-08-23T14:32:38.598220Z,115032.965,0.01,0.0008693160260626160509728667778,2.527585380,0.2197270478075567294992352844,18.5731185888,1.614590964320531944908140028,33.05018532462,2.873105576703165044906909945,50.36549434423,4.378353139400518799111193909
2025-08-23T14:32:38.644962Z,115032.965,0.01,0.0008693160260626160509728667778,2.544187906,0.2211703320000488555606647190,18.5603895940,1.613484412403001174489417012,33.04763971882,2.872884283111367250248656983,50.36436089421,4.378254606773806099842771157
2025-08-23T14:32:38.717956Z,115032.965,0.01,0.0008693160260626160509728667778,2.538653436,0.2206892116533725788951019388,17.6559733412,1.534862058123947339790815615,32.56575737668,2.830993478841478179754820716,49.80331130803,4.329481667105598816826115888
2025-08-23T14:32:38.777656Z,115032.965,0.01,0.0008693160260626160509728667778,2.538653436,0.2206892116533725788951019388,18.0092648489,1.565574255075490751716258031,32.69899129582,2.842575716953831451706039221,49.97930523253,4.344781101011349224980856574
2025-08-23T14:32:38.833732Z,115032.965,0.01,0.0008693160260626160509728667778,2.483090298,0.2158590190211997056669798957,18.0124248418,1.565848958322512159883908061,32.70002763390,2.842665807483967747853843461,49.97703135217,4.344583428947519521904003778
2025-08-23T14:32:38.859417Z,115032.965,0.01,0.0008693160260626160509728667778,2.483090298,0.2158590190211997056669798957,18.0124248418,1.565848958322512159883908061,32.70002763390,2.842665807483967747853843461,49.97703135217,4.344583428947519521904003778
2025-08-23T14:32:38.946505Z,115032.965,0.01,0.0008693160260626160509728667778,2.483090298,0.2158590190211997056669798957,18.0124248418,1.565848958322512159883908061,32.69994121902,2.842658295299960320069990372,49.97698899570,4.344579746831701677862515323
2025-08-23T14:32:38.968586Z,115032.965,0.01,0.0008693160260626160509728667778,2.483090298,0.2158590190211997056669798957,18.0184138063,1.566369588604449168114548730,32.70219978792,2.842854636314033981476527185,49.97979840149,4.344823972979397688306130334
2025-08-23T14:32:39.037702Z,115032.965,0.01,0.0008693160260626160509728667778,2.483090298,0.2158590190211997056669798957,18.5699944296,1.614319376154478848736968572,33.00082476674,2.868814584301117510098083623,50.23243911433,4.366786435030167222065431418
2025-08-23T14:32:39.087431Z,115032.965,0.01,0.0008693160260626160509728667778,2.483090298,0.2158590190211997056669798957,18.5699944296,1.614319376154478848736968572,32.99952111314,2.868701255604426087774056767,50.23178728753,4.366729770681821510903417990
2025-08-23T14:32:39.151479Z,115032.965,0.01,0.0008693160260626160509728667778,2.499692898,0.2173023096466304245917681075,18.5716548366,1.614463717995967503749903343,32.99985321490,2.868730125742651247840130001,50.25666495080,4.368892425818981541508558003
2025-08-23T14:32:39.204844Z,115032.965,0.01,0.0008693160260626160509728667778,2.933965948,0.2550543618518396009352623398,18.7371141327,1.628847359772044474381756569,33.04560891852,2.872707742386714973399146931,50.28856062398,4.371665167804724497886323281
2025-08-23T14:32:39.265792Z,115032.965,0.01,0.0008693160260626160509728667778,2.933965948,0.2550543618518396009352623398,18.7371141327,1.628847359772044474381756569,33.03517968972,2.871801112813183594806932082,50.25933052646,4.369124148582973585006697863
2025-08-23T14:32:39.316895Z,115032.965,0.01,0.0008693160260626160509728667778,2.946879172,0.2561769291089732408444831445,18.7132056463,1.626768956733402464241445919,33.0254156272,2.870952307210372261551286625,50.24573972016,4.367942678010603308364693547
2025-08-23T14:32:39.406357Z,115032.965,0.01,0.0008693160260626160509728667778,2.946879172,0.2561769291089732408444831445,17.7952983710,1.546973806247626495587590914,32.59355725046,2.833410166421425371414185490,49.81710577132,4.330680841906491760861766886
2025-08-23T14:32:39.468263Z,115038.225,0.05,0.004346381387577911602860701302,7.383059992,0.6417918906519984987598687306,16.4566188775,1.430534839832586081713274001,33.62532239392,2.922969508084812678568362820,52.92857876068,4.600955791927422385037669001
2025-08-23T14:32:39.527733Z,115038.245,0.01,0.0008692761263873592647384354655,7.315442709,0.6359139700888169842994388518,21.6262762194,1.879920562018309649977709587,40.13238015394,3.488611996292189610507357792,66.17961851230,5.752836242616531571739468035
2025-08-23T14:32:39.587685Z,115038.245,0.01,0.0008692761263873592647384354655,7.315442709,0.6359139700888169842994388518,19.5521887511,1.699625089995070769725320479,38.57091232982,3.352877326129236411768973005,63.62782557634,5.531014974745138019099648121
2025-08-23T14:32:39.646480Z,115038.245,0.01,0.0008692761263873592647384354655,7.386672421,0.6421057989019217043862239032,21.3491189106,1.855827938838948733962344436,36.32564708226,3.157701778418125206969212717,56.31948434335,4.895718319012081590778788393
2025-08-23T14:32:39.689884Z,115038.245,0.01,0.0008692761263873592647384354655,7.385615605,0.6420139324100432860393515217,21.0863181192,1.832983293442976290189406141,35.28218789576,3.066996362449722698742492116,53.79130969712,4.675950132681526913071387694
2025-08-23T14:32:39.759285Z,115038.245,0.01,0.0008692761263873592647384354655,7.384741876,0.6419379812339800559370494569,19.7918943729,1.720462127434228503746732228,34.91700814856,3.035252158841609588185216143,53.49954263099,4.650587518176237824212286966
2025-08-23T14:32:39.818136Z,115038.245,0.01,0.0008692761263873592647384354655,7.384741876,0.6419379812339800559370494569,19.4480518137,1.690572714639379277734982831,34.86553050920,3.030777330547766962195920148,53.49145325027,4.649884327622522405483498118
2025-08-23T14:32:39.876980Z,115038.245,0.01,0.0008692761263873592647384354655,7.384741876,0.6419379812339800559370494569,19.4471826991,1.690497164582091807815739887,34.8635858786,3.030608288452244729567979762,53.49469184752,4.650165851149763280898452510
2025-08-23T14:32:39.909267Z,115038.245,0.01,0.0008692761263873592647384354655,7.384741876,0.6419379812339800559370494569,19.4115490005,1.687399612233305541126779185,34.88180950152,3.032192424486308879277495932,53.58642706314,4.658140174438509558277771014
2025-08-23T14:32:39.982192Z,115038.245,0.01,0.0008692761263873592647384354655,7.384741876,0.6419379812339800559370494569,19.4115490005,1.687399612233305541126779185,34.88180950152,3.032192424486308879277495932,53.58228942124,4.657780499106188554945357520
2025-08-23T14:32:40.038066Z,115038.245,0.01,0.0008692761263873592647384354655,7.384741876,0.6419379812339800559370494569,19.3989969944,1.686308496309205690681390350,34.87307525240,3.031433177062115299133779379,53.56690712900,4.656443353164854001380149706
2025-08-23T14:32:40.088858Z,115038.245,0.01,0.0008692761263873592647384354655,7.384741876,0.6419379812339800559370494569,19.4424526052,1.690085988811807760106215111,34.89684109226,3.033499084783499609195185479,53.69025754317,4.667165910186651404495956975
2025-08-23T14:32:40.146353Z,115038.245,0.01,0.0008692761263873592647384354655,7.384741876,0.6419379812339800559370494569,19.2396610052,1.672457799160618279599102020,34.84287937418,3.028808321456920696243236325,53.66327681085,4.664820539538829021600599001
2025-08-23T14:32:40.219288Z,115038.245,0.01,0.0008692761263873592647384354655,7.384741876,0.6419379812339800559370494569,19.3430223338,1.681442752694984176783990402,34.92238346036,3.035719421863572414547874926,53.76308068911,4.673496252408057859366682793
2025-08-23T14:32:40.273897Z,115038.245,0.01,0.0008692761263873592647384354655,7.104604236,0.6175862849785304009114534040,19.0425456259,1.655323029823690373579673438,34.78886037056,3.024112578435110862478821717,53.61886404257,4.660959843621571243546005070
2025-08-23T14:32:40.333823Z,115038.245,0.01,0.0008692761263873592647384354655,7.104608735,0.6175866760658596625843866099,20.2465680963,1.759985828738955466505943306,35.14592860286,3.055151667418083438251339804,53.91550398931,4.686746046004961219636130576
2025-08-23T14:32:40.384365Z,115038.245,0.01,0.0008692761263873592647384354655,7.104608735,0.6175866760658596625843866099,20.2510630481,1.760376564167855655308371577,35.14373780262,3.054961226383451868550324286,53.90894017767,4.686175469529285673647055377
2025-08-23T14:32:40.458358Z,115039.815,0.01,0.0008692642629858193009089939861,5.510386463,0.4789982027526730636693044056,17.0746766514,1.484240621510039806653027041,34.25011541580,2.977240133409463497485631388,52.21973115131,4.539274611256111634046003986
2025-08-23T14:32:40.515963Z,115039.815,0.01,0.0008692642629858193009089939861,5.510386463,0.4789982027526730636693044056,17.1280923370,1.488883856167536430756603703,34.22014051820,2.974634522682429557105946320,51.80543182302,4.503261051229958949429812626
2025-08-23T14:32:40.579024Z,115039.815,0.01,0.0008692642629858193009089939861,4.606549123,0.4004308528312567262038799350,16.7178608586,1.453223899795040525751888596,34.08345600410,2.962753026341358424472431566,52.26930296464,4.543583711834028940328181161
2025-08-23T14:32:40.639615Z,115039.815,0.01,0.0008692642629858193009089939861,2.465660249,0.2143310339120416700948276038,15.9855426765,1.389566097311613374899811861,33.89915204100,2.946732141476409710846631664,52.19465961405,4.537095232120288093300567286
2025-08-23T14:32:40.699331Z,115039.815,0.01,0.0008692642629858193009089939861,3.069170677,0.2667920386520093065170523788,16.9053126637,1.469518415315601820117669695,34.08169179176,2.962599669667410365706864184,52.28496858256,4.544945468015573564682801341
2025-08-23T14:32:40.758946Z,115039.815,0.01,0.0008692642629858193009089939861,4.349300175,0.3780691211125469907961865203,17.3628278293,1.509288573638613726908375157,34.26888271896,2.978871508004424381245745223,52.19118932403,4.536793572210629858888420500
2025-08-23T14:32:40.814311Z,115039.815,0.01,0.0008692642629858193009089939861,4.349300175,0.3780691211125469907961865203,17.3858714293,1.511291671435667729472617806,34.24322099784,2.976640826294791937904281226,52.09376730953,4.528325024647336228765666913
2025-08-23T14:32:40.879564Z,115039.815,0.01,0.0008692642629858193009089939861,3.295732456,0.2864862444363284137757001782,18.2194157593,1.583748701204013584340343385,34.49027360372,2.998116226431692366681917908,52.44606929612,4.558949377319495863236567270
2025-08-23T14:32:40.908692Z,115039.815,0.01,0.0008692642629858193009089939861,3.327963865,0.2892880056352663640844693639,18.2292372568,1.584602448882589041020276328,34.49278790708,2.998334785837407683591980742,52.44788785727,4.559107458341270802634722596
2025-08-23T14:32:40.988247Z,115039.815,0.01,0.0008692642629858193009089939861,3.237161532,0.2813948833280025702405727965,16.9669030841,1.474872250455201097115811600,33.53641002222,2.915200274115531218474229987,51.61948618479,4.487097461412816075895115096
2025-08-23T14:32:40.994636Z,115039.815,0.01,0.0008692642629858193009089939861,3.237161532,0.2813948833280025702405727965,16.9104175518,1.469962164994788978059465760,33.49756826450,2.911823898925776262766069295,51.58577692126,4.484167235600996055148384931
2025-08-23T14:32:41.096580Z,115039.815,0.01,0.0008692642629858193009089939861,3.233808997,0.2811034594414116538695755031,15.3460603379,1.333978182936055660381581803,32.73864224722,2.845853172418610026450407626,50.97825223627,4.431357285846643616386205072
2025-08-23T14:32:41.146278Z,115039.815,0.01,0.0008692642629858193009089939861,4.419569359,0.3841773701565844833808190669,18.5283407039,1.610602442632578990152235554,34.42500322988,2.992442506090608716643016159,52.15683078898,4.533806907545878789878095684
2025-08-23T14:32:41.204812Z,115039.815,0.01,0.0008692642629858193009089939861,3.362643355,0.2923025697668237731432374087,17.1915364253,1.494398824033227104894075151,33.66932395852,2.926754007603367581910662843,51.49531959380,4.476304103392377673764513616
2025-08-23T14:32:41.260863Z,115039.815,0.01,0.0008692642629858193009089939861,4.414281249,0.3837176936524106892904860808,15.8662028099,1.379192309193125875593593401,33.0340480244,2.871531740936822612240814191,51.27797640035,4.457411236305447813872092892
2025-08-23T14:32:41.322853Z,115039.815,0.01,0.0008692642629858193009089939861,4.447073157,0.3865681770263625684724892856,15.8734196117,1.379819639982905049004120878,33.03660940808,2.871754392866504522803691922,51.27982901405,4.457572277393700607046351735
2025-08-23T14:32:41.400111Z,115039.815,0.01,0.0008692642629858193009089939861,3.275778827,0.2847517467756706667165624354,15.6026445072,1.356282127818094978681945898,32.84441830180,2.855047906831213176064304345,50.79467551675,4.415399617667152889632167785
2025-08-23T14:32:41.459539Z,115039.815,0.01,0.0008692642629858193009089939861,2.935424763,0.2551659843159518293731609356,15.8495044960,1.377740784440586939400067707,32.97677452436,2.866553160256733723015809787,51.33736833562,4.462573964989425617556843255
2025-08-23T14:32:41.519485Z,115038.65,2.34,0.2034098974562027631582950600,6.604321365,0.5740958682147260942300696331,16.3042784830,1.417287014668548353096980884,33.02875541014,2.871100748325888733916818391,50.63395710511,4.401473513911194194299046451
2025-08-23T14:32:41.579274Z,115039.555,0.01,0.0008692662276031926583860655581,4.250561421,0.3694869491628336010166242385,15.6603537563,1.361301663267038889362880446,32.63935117174,2.837228566447427582625819441,50.10726209647,4.355655069812291954710707982
2025-08-23T14:32:41.615442Z,115039.555,0.01,0.0008692662276031926583860655581,4.247118807,0.3691876943543462072675785298,13.9125765771,1.209373295741625565224065757,31.36924557552,2.726822576419041259330323383,49.06927224040,4.265426117164656973855644695
2025-08-23T14:32:41.684241Z,115039.555,0.01,0.0008692662276031926583860655581,4.246286710,0.3691153629723272138874320228,13.8937813618,1.207739491151543484325891212,31.39433348236,2.729003383432767972720339539,49.38419850268,4.292801593563187896545670748
2025-08-23T14:32:41.739684Z,115038.29,3.04,0.2642598390501110543280850228,7.065845982,0.6142168822224322006177247593,15.4497290085,1.343007533274355868815504820,32.35154830872,2.812241759567184108873662847,51.04577906638,4.437285973772732539748287288
2025-08-23T14:32:41.785285Z,115039.815,0.01,0.0008692642629858193009089939861,3.468292591,0.3014862802934792619407463407,15.5515164238,1.351837746244637128458525424,32.49497913690,2.824672409017695308359110278,50.40151122519,4.381223250853628372055361876
2025-08-23T14:32:41.847972Z,115039.815,0.01,0.0008692642629858193009089939861,3.337320237,0.2901013216163464796948778125,15.5325507273,1.350189126025628605192037209,32.79558500826,2.850803003139391348986435696,50.73034320968,4.409807440118014793400006772
2025-08-23T14:32:41.891763Z,115039.815,0.01,0.0008692642629858193009089939861,3.043571489,0.2645667927230237635552525880,15.0852316109,1.311305273821937213650769518,32.65819178474,2.838859901221155475606423741,50.62354116922,4.400523520419430438061813643
2025-08-23T14:32:41.944420Z,115039.815,0.01,0.0008692642629858193009089939861,3.026969735,0.2631236615775155758030382785,15.0835713707,1.311160955074553970727439018,32.40344142574,2.816715362915004687724854217,50.37537979723,4.378951739206986728899033782
2025-08-23T14:32:42.002069Z,115039.815,0.01,0.0008692642629858193009089939861,3.026969735,0.2631236615775155758030382785,15.0835713707,1.311160955074553970727439018,32.40344142574,2.816715362915004687724854217,50.37537979723,4.378951739206986728899033782
2025-08-23T14:32:42.045132Z,115039.815,0.01,0.0008692642629858193009089939861,3.069397350,0.2668117425258376849788918732,15.0878143914,1.311529785700715878237460657,32.34634275900,2.811751979868882786364007974,49.99966582874,4.346292266615693010285178223
2025-08-23T14:32:42.087384Z,115039.815,0.01,0.0008692642629858193009089939861,3.063863009,0.2663306620407899647613306749,15.0872608925,1.311481672019378682067595467,32.38743216428,2.815323735028607269578797567,50.04916660934,4.350595192572241184497732372
2025-08-23T14:32:42.175708Z,115039.815,0.01,0.0008692642629858193009089939861,3.082309925,0.2679341865249000965448353685,15.0891057137,1.311642035733454543542164076,32.38754294934,2.815333365177960343555837603,50.33356881155,4.375317259641803144415696426
2025-08-23T14:32:42.191120Z,115039.815,0.01,0.0008692642629858193009089939861,3.103466805,0.2697732784949280386099369162,15.0865925951,1.311423579314692048140028737,32.38479070656,2.815094122548788869314506460,50.32718533368,4.374762366723207960652579283
2025-08-23T14:32:42.273647Z,115039.815,0.01,0.0008692642629858193009089939861,3.103466805,0.2697732784949280386099369162,15.0865925951,1.311423579314692048140028737,32.38479070656,2.815094122548788869314506460,50.32519302636,4.374589182567791855367639456
2025-08-23T14:32:42.321720Z,115039.815,0.01,0.0008692642629858193009089939861,2.996475265,0.2604728862785462580933392495,15.0758927931,1.310493483764729628607278271,32.38482704022,2.815097280904007017048836527,50.32346813451,4.374439243883519805729868394
2025-08-23T14:32:42.388251Z,115039.815,0.01,0.0008692642629858193009089939861,2.996429757,0.2604689304307382622268646729,15.3737914671,1.336388750894635913661717902,32.52613885078,2.827381011589770028750480866,50.53083688523,4.392465068309610894280384578
2025-08-23T14:32:42.479863Z,115038.305,3.01,0.2616519775739046224646651391,6.175228441,0.5367975858997574764336105265,16.5959405695,1.442644740766999305144490785,33.08967153966,2.876404649708634006733670146,50.51573379744,4.391209849401032117084826658
2025-08-23T14:32:42.529729Z,115038.185,1.79,0.1556005077792213081247761341,5.306460813,0.4612782106219773895076665196,15.5601685164,1.352609006861504290944784986,32.26169046758,2.804433194732688106996820230,49.15011539643,4.272504420721693409888203643
2025-08-23T14:32:42.587199Z,115039.815,0.01,0.0008692642629858193009089939861,3.409214132,0.2963508009813819676257302743,14.0679249834,1.222874444243499522317555883,31.81347335710,2.765431547077853002458322799,49.05522020828,4.264194983995758338102334396
2025-08-23T14:32:42.632834Z,115039.815,0.01,0.0008692642629858193009089939861,3.409214132,0.2963508009813819676257302743,14.0825440384,1.224145226450511937975560896,31.79347159990,2.763692865804765071988337255,49.00465772382,4.259799767916872953942076489
2025-08-23T14:32:42.699023Z,115039.815,0.01,0.0008692642629858193009089939861,3.342807364,0.2905782979571029386651916991,14.0759028956,1.223567935640369379940327616,31.79218013704,2.763580603553647926154957742,48.78067074754,4.240329380531427314969169587
2025-08-23T14:32:42.769891Z,115039.815,0.01,0.0008692642629858193009089939861,4.464295588,0.3880652614053664811613266242,14.0675170897,1.222838987501848816429337964,31.73339862666,2.758470936923881527452039105,48.61860758691,4.226241809143208375291632727
2025-08-23T14:32:42.814181Z,115039.815,0.01,0.0008692642629858193009089939861,3.388923521,0.2945870106797372718306266400,13.7880679162,1.198547469517401431843401348,31.59771115026,2.746676109506956352459363743,48.30158770968,4.198684404149989288491119357
2025-08-23T14:32:42.888687Z,115039.815,0.01,0.0008692642629858193009089939861,3.435039478,0.2985957060170863452796755628,13.7690273292,1.196892339334864194626877660,31.58600671196,2.745658684513705102881119897,48.28891910784,4.197583167865838449062179038
2025-08-23T14:32:42.930208Z,115039.815,0.01,0.0008692642629858193009089939861,3.569696598,0.3103009682343456480697574140,13.7748868340,1.197401685147007581679438549,31.59154561164,2.746140161268513861918154163,48.46133288097,4.212570481008683819597588887
2025-08-23T14:32:42.989647Z,115039.815,0.01,0.0008692642629858193009089939861,3.792288567,0.3296500926222803817965110601,13.7944118050,1.199098921099621031205587387,31.65361329380,2.751535483067318910413755446,48.65270607484,4.229205868841148605810953364
2025-08-23T14:32:43.058839Z,115039.815,0.01,0.0008692642629858193009089939861,7.158109646,0.6222288905801873899049646420,15.4105139789,1.339580907610117418912747730,32.18666989612,2.797872188521860887902158048,49.41243873749,4.295246714147619239478088521
2025-08-23T14:32:43.118662Z,115039.815,0.01,0.0008692642629858193009089939861,7.030334187,0.6111218265606564127384940596,17.0424835944,1.481442194113403259558440702,33.53748846790,2.915294019544450762546862580,50.76846211860,4.413120980644831530718299573
2025-08-23T14:32:43.178649Z,115039.815,0.01,0.0008692642629858193009089939861,7.030334187,0.6111218265606564127384940596,17.0422402589,1.481421041827996680975191068,33.53604916854,2.915168906394712126405975183,49.93024853166,4.340258069057221623661338468
2025-08-23T14:32:43.224640Z,115039.815,0.01,0.0008692642629858193009089939861,5.643264171,0.4905487870438595541899993494,16.6489877478,1.447237006405130258597860228,33.39563916306,2.902963566401771421485683022,49.75349299939,4.324893342308486848661917615
2025-08-23T14:32:43.298409Z,115039.815,0.01,0.0008692642629858193009089939861,5.691597647,0.4947502433831278327420815133,16.6443111319,1.446830484897772132196144439,33.33753463436,2.897912747370117032959414964,49.95366113243,4.342293242772513151207692745
2025-08-23T14:32:43.359786Z,115039.815,0.01,0.0008692642629858193009089939861,5.691597647,0.4947502433831278327420815133,16.6438765946,1.446792712123189697410413951,33.33744772690,2.897905192815200546002268867,49.94132119098,4.341220575761530909972343054
2025-08-23T14:32:43.399874Z,115039.815,0.01,0.0008692642629858193009089939861,5.643637585,0.4905812465884094128628423125,16.6425725171,1.446679353326498308433475836,33.33718678772,2.897882510304801863598268130,49.94119055163,4.341209219749701440323074233
2025-08-23T14:32:43.479842Z,115039.815,0.01,0.0008692642629858193009089939861,5.643637585,0.4905812465884094128628423125,16.6829703740,1.450190994656936817918213794,33.37828561200,2.901455084224535653156257249,49.86744084042,4.334798420913663673746345993
2025-08-23T14:32:43.538806Z,115039.815,0.01,0.0008692642629858193009089939861,5.641793078,0.4904209101866166944027161379,16.6427569966,1.446695389470158657678648040,33.33722368362,2.897885717533533933447302571,49.47685447388,4.300846143909393456517641305
2025-08-23T14:32:43.598943Z,115039.815,0.01,0.0008692642629858193009089939861,5.591988293,0.4860915582139974755696538629,16.6410963762,1.446551037673348136034467719,33.33689145376,2.897856837979094455254469942,49.40121435833,4.294271018979820160524423653
2025-08-23T14:32:43.643308Z,115039.815,0.01,0.0008692642629858193009089939861,5.591291345,0.4860309750150415314906408707,16.6252089857,1.445170003593973095314869900,33.29300318614,2.894041787718452085480144418,49.44429331263,4.298015718525799089645615303
2025-08-23T14:32:43.718168Z,115039.815,0.01,0.0008692642629858193009089939861,5.587602321,0.4857103013421918315845692207,16.6241556339,1.445078439486363916701361177,33.29279350530,2.894023560912367600730234137,49.44418948225,4.298006692921924465890352831
2025-08-23T14:32:43.766386Z,115039.815,0.01,0.0008692642629858193009089939861,5.571000139,0.4842671329921731880392888323,16.6224951887,1.444934102919063282568735007,33.29246139022,2.893994691335343333088635443,49.37475082961,4.291970639000940674322190104
2025-08-23T14:32:43.828947Z,115039.815,0.01,0.0008692642629858193009089939861,5.589446833,0.4858706381786166815376050457,16.2866938351,1.415744091304388832683710418,33.15654110354,2.882179626552772185873212679,49.30686257485,4.286069355627006180425446616
2025-08-23T14:32:43.887754Z,115039.815,0.01,0.0008692642629858193009089939861,6.740338664,0.5859135521036781917634342510,18.8858382336,1.641678425299971144772790186,33.89659885480,2.946510202124368854383154215,49.97102322078,4.343802467065858894157644464
2025-08-23T14:32:43.935225Z,115039.815,0.01,0.0008692642629858193009089939861,5.419017693,0.4710558421012759799726729394,18.5632309145,1.613635323952841892174461511,33.67757160582,2.927470946108527730160205838,49.64931077175,4.315837153575916303411996968
2025-08-23T14:32:43.987382Z,115039.815,0.01,0.0008692642629858193009089939861,5.476200514,0.4760265403764774830348953534,17.5109980511,1.522168481503555964515415815,33.12443140152,2.879388444906661228549437427,48.95092855013,4.255129282860025461619527118
2025-08-23T14:32:44.053397Z,115039.815,0.01,0.0008692642629858193009089939861,5.476200514,0.4760265403764774830348953534,17.7478502651,1.542757198027482919717838559,33.29416431570,2.894142720561572530345254815,49.15545683822,4.272908196020655978975626830
2025-08-23T14:32:44.119545Z,115039.815,0.01,0.0008692642629858193009089939861,5.209008316,0.4528004774694743728508256033,18.0473577737,1.568792315399672713312343209,33.4386342939,2.906700979473932568476400975,49.41146907453,4.295162424811792334679954066
2025-08-23T14:32:44.179024Z,115039.815,0.01,0.0008692642629858193009089939861,5.048805288,0.4388746007632227155441792044,17.6904276674,1.537765656820640749465739318,33.24013861406,2.889446459389733893435068546,49.18693003868,4.275644048860822663875111413
2025-08-23T14:32:44.239139Z,115039.815,0.01,0.0008692642629858193009089939861,5.006377391,0.4351864953016483901682213241,17.6880291201,1.537557159675543636783491003,33.23965881120,2.889404751841786254611066612,49.11977218919,4.269806257006758920813633089
2025-08-23T14:32:44.299823Z,115039.815,0.01,0.0008692642629858193009089939861,5.006377391,0.4351864953016483901682213241,17.6880291201,1.537557159675543636783491003,33.22775337342,2.888369854682050731740137099,49.34093165934,4.289030859388986326168900741
2025-08-23T14:32:44.335699Z,115039.815,0.01,0.0008692642629858193009089939861,5.006377391,0.4351864953016483901682213241,17.3955939970,1.512136819500274752701923243,33.09148642750,2.876524656050603002099751290,49.26345889298,4.282296428673846528699650638
2025-08-23T14:32:44.408857Z,115039.815,0.01,0.0008692642629858193009089939861,5.006377391,0.4351864953016483901682213241,17.3955939970,1.512136819500274752701923243,33.09148642750,2.876524656050603002099751290,49.26345889298,4.282296428673846528699650638
2025-08-23T14:32:44.435041Z,115039.815,0.01,0.0008692642629858193009089939861,5.006377391,0.4351864953016483901682213241,17.3955939970,1.512136819500274752701923243,33.09148642750,2.876524656050603002099751290,49.26345889298,4.282296428673846528699650638
2025-08-23T14:32:44.518620Z,115039.815,0.01,0.0008692642629858193009089939861,6.715122603,0.5837216100356211456007643962,17.7751711267,1.545132102889769076906112897,33.25001283566,2.890304790185902159178541794,49.44494487838,4.298072356807945144904831427
2025-08-23T14:32:44.573672Z,115039.815,0.01,0.0008692642629858193009089939861,5.101515045,0.4434564715702993785238614996,17.3972263237,1.512278711826857510158548151,33.11550713702,2.878612690486332927430385732,49.04088056391,4.262948489956281657789522697
2025-08-23T14:32:44.628322Z,115039.815,0.01,0.0008692642629858193009089939861,5.180751342,0.4503441997016424270153772413,17.3493624560,1.508118076858868383959066694,33.07749367420,2.875308316012156313012151489,49.23908497355,4.280177690962907059612361164
2025-08-23T14:32:44.685696Z,115039.815,0.01,0.0008692642629858193009089939861,4.969592693,0.4319889329620357960415704771,17.3268255675,1.506159025681673775292493299,33.07043140340,2.874694418049959485765862888,49.23319566271,4.279665754218224359974848708
2025-08-23T14:32:44.732454Z,115039.815,0.01,0.0008692642629858193009089939861,4.613860747,0.4010664261760156690098988772,15.6265041922,1.358356164967754859480606779,32.61316198614,2.834945621751912587828831262,48.91969277763,4.252414068783924939378596880
2025-08-23T14:32:44.798051Z,115039.815,0.01,0.0008692642629858193009089939861,4.613860747,0.4010664261760156690098988772,15.6396694922,1.359500577447903580164832497,32.61946956614,2.835493917139904997239434017,48.92514573763,4.252888075109474054700105350
2025-08-23T14:32:44.844652Z,115039.815,0.01,0.0008692642629858193009089939861,4.613860747,0.4010664261760156690098988772,15.5756759760,1.353937849778357171384533259,32.58801339202,2.832759544338627456937409018,48.89774355509,4.250506101308490456108609006
2025-08-23T14:32:44.876039Z,115039.815,0.01,0.0008692642629858193009089939861,4.613860747,0.4010664261760156690098988772,15.5756759760,1.353937849778357171384533259,32.58801339202,2.832759544338627456937409018,48.89774355509,4.250506101308490456108609006
2025-08-23T14:32:45.029199Z,115039.815,0.01,0.0008692642629858193009089939861,4.613860747,0.4010664261760156690098988772,15.5756759760,1.353937849778357171384533259,32.58801339202,2.832759544338627456937409018,48.89774355509,4.250506101308490456108609006
2025-08-23T14:32:45.087148Z,115039.815,0.01,0.0008692642629858193009089939861,4.613860747,0.4010664261760156690098988772,15.5756759760,1.353937849778357171384533259,32.58801339202,2.832759544338627456937409018,48.89774355509,4.250506101308490456108609006
2025-08-23T14:32:45.138839Z,115039.815,0.01,0.0008692642629858193009089939861,6.155840773,0.5351052392599901173345941142,15.8886819918,1.381146344141808642512159812,32.72299532020,2.844493040970206706260784581,49.04442863840,4.263256911391938521458853181
2025-08-23T14:32:45.147623Z,115039.815,0.01,0.0008692642629858193009089939861,4.594124771,0.3993508483128210872035912088,15.5837041973,1.354635714365500326995484129,32.59580230630,2.833436606821733849276443986,48.66228307033,4.230038362833771942348829403
2025-08-23T14:32:45.217361Z,115039.815,0.01,0.0008692642629858193009089939861,4.594124771,0.3993508483128210872035912088,15.5705388973,1.353491301885351606311258411,32.58949472630,2.832888311433741439865841231,48.65683011033,4.229564356508222827027320932
2025-08-23T14:32:45.302094Z,115039.815,0.01,0.0008692642629858193009089939861,4.595357395,0.3994579959121109504565875736,15.5550190959,1.352142221012785877654618968,32.57656219102,2.831764132358870709240970181,48.90906375907,4.251490126185442839941980088
2025-08-23T14:32:45.372642Z,115039.815,0.01,0.0008692642629858193009089939861,4.595357395,0.3994579959121109504565875736,15.5550190959,1.352142221012785877654618968,32.57656219102,2.831764132358870709240970181,48.90906375907,4.251490126185442839941980088
2025-08-23T14:32:45.406950Z,115039.815,0.01,0.0008692642629858193009089939861,4.721415143,0.4104157454529981641573397871,15.5651520208,1.353023039962294793328727102,32.58535023922,2.832528045983036394834258035,48.65090341714,4.229049170249447984595594143
2025-08-23T14:32:45.499097Z,115039.815,0.01,0.0008692642629858193009089939861,4.722639409,0.4105221665212170238625644521,15.5585678480,1.352450701350658465506051101,32.63645803858,2.836970664337386147569865268,48.75061184871,4.237716467877664789360101109
2025-08-23T14:32:45.546016Z,115039.815,0.01,0.0008692642629858193009089939861,4.722639409,0.4105221665212170238625644521,15.5585678480,1.352450701350658465506051101,32.57770882546,2.831863805193010785005174078,48.89839372961,4.250562618655984451991686530
2025-08-23T14:32:45.579218Z,115039.815,0.01,0.0008692642629858193009089939861,4.722639409,0.4105221665212170238625644521,15.5585678480,1.352450701350658465506051101,32.57770882546,2.831863805193010785005174078,48.89839372961,4.250562618655984451991686530
2025-08-23T14:32:45.712548Z,115039.815,0.01,0.0008692642629858193009089939861,3.647197365,0.3170378329450547186641424971,16.7003700207,1.451703483763425732212799542,33.07965020466,2.875495775498248149999198104,49.18126778926,4.275151849753930845594631737
2025-08-23T14:32:45.775896Z,115039.815,0.01,0.0008692642629858193009089939861,4.945830773,0.4299233941744429961053049329,17.2823543977,1.502293305817642352780209182,33.24737671694,2.890075641806273767043175443,49.32037006217,4.287243513228007190380130566
2025-08-23T14:32:45.837649Z,115039.815,0.01,0.0008692642629858193009089939861,4.565974204,0.3969038201252322945755780292,17.1219902050,1.488353419639974212406374263,33.16963927878,2.883318204117417956557040708,49.53513462082,4.305912228807043891716967730
2025-08-23T14:32:45.889337Z,115039.815,0.01,0.0008692642629858193009089939861,3.248954080,0.2824199673825970599831023720,16.4885661257,1.433292128094955646442929346,32.94190559042,2.863522128440488190979792518,49.24232490047,4.280459326231531231165488227
2025-08-23T14:32:45.914795Z,115039.815,0.01,0.0008692642629858193009089939861,3.265555879,0.2838631024397944311715035355,16.4902264540,1.433436454500557046271327888,32.94223767012,2.863550994942055496177562525,49.24249095361,4.280473760637567089272527081
2025-08-23T14:32:45.997691Z,115039.815,0.01,0.0008692642629858193009089939861,4.693755233,0.4080113683249577548433992179,17.1633179850,1.491945895862228220725146333,33.19038667016,2.885121700705099360599632397,49.29098633555,4.284689290881596080452667626
2025-08-23T14:32:46.022094Z,115039.815,0.01,0.0008692642629858193009089939861,4.693755233,0.4080113683249577548433992179,17.1430423850,1.490183410413168692943395293,33.18407909016,2.884573405317106951189029642,49.28553337555,4.284215284556046965131159156
2025-08-23T14:32:46.095546Z,115039.815,0.01,0.0008692642629858193009089939861,3.657122629,0.3179006006746446871459242176,16.6243507782,1.445095402682975455063101414,32.95978437308,2.865076267123691045574091022,49.22793701421,4.279208638696958961556049095
2025-08-23T14:32:46.160927Z,115039.815,0.01,0.0008692642629858193009089939861,3.662656814,0.3183816675991699047847043217,14.7016675186,1.277963418021838786858271634,32.41633272706,2.817835957669090479674363176,48.82739396593,4.244390862931238197836114392
2025-08-23T14:32:46.202641Z,115039.815,0.01,0.0008692642629858193009089939861,3.662656814,0.3183816675991699047847043217,14.7016675186,1.277963418021838786858271634,32.41633272706,2.817835957669090479674363176,48.82670838273,4.244331267633731851881020497
2025-08-23T14:32:46.277278Z,115039.815,0.01,0.0008692642629858193009089939861,4.918696137,0.4275646772380501481161109308,17.8929710968,1.555372033308641881943221136,33.4832103782,2.910575819180515893562589613,51.31220973448,4.460387017701653988230074953
2025-08-23T14:32:46.313280Z,115039.815,0.01,0.0008692642629858193009089939861,4.291564097,0.3730503301835108131910678055,17.5272041831,1.523577222642439054687283703,33.38604183164,2.902129304679427726826577390,50.96262818231,4.429999142671604609238983912
2025-08-23T14:32:46.393989Z,115039.815,0.01,0.0008692642629858193009089939861,4.918696137,0.4275646772380501481161109308,17.9138158452,1.557183992794146965552752323,33.52039888508,2.913808483182974520604018704,51.10534323898,4.442404852526927307732544598
2025-08-23T14:32:46.459505Z,115039.815,0.01,0.0008692642629858193009089939861,4.155065685,0.3611850110329193418817650220,17.5423088186,1.524890214626996748908193220,33.3894968696,2.902429638782016469689211513,50.92146801692,4.426421236588393331473977075
2025-08-23T14:32:46.510514Z,115039.815,0.01,0.0008692642629858193009089939861,4.119439553,0.3580881586953177906275318680,17.5468646122,1.525286233483598700154376987,33.40306972770,2.903609478831307230457559411,51.41413326506,4.469246865970707619792330160
2025-08-23T14:32:46.562791Z,115039.815,0.01,0.0008692642629858193009089939861,4.119439553,0.3580881586953177906275318680,17.5468646122,1.525286233483598700154376987,33.40306972770,2.903609478831307230457559411,51.41413326506,4.469246865970707619792330160
2025-08-23T14:32:46.610597Z,115039.815,0.01,0.0008692642629858193009089939861,4.119439553,0.3580881586953177906275318680,17.5468646122,1.525286233483598700154376987,33.40289591346,2.903594369780584226426302928,51.41404635794,4.469239311445346117776701918
2025-08-23T14:32:46.699597Z,115039.815,0.01,0.0008692642629858193009089939861,4.119439553,0.3580881586953177906275318680,17.7984215522,1.547153179288405496827337561,33.53624848802,2.915186232524800218081018298,51.56581599202,4.482432103356563986129497861
2025-08-23T14:32:46.759664Z,115039.815,0.01,0.0008692642629858193009089939861,4.145264130,0.3603329968846003446719729165,19.6813989349,1.710833673967573748271413684,34.54531144752,3.002900469504405931111763349,54.60316233945,4.746457766769704906079690757
2025-08-23T14:32:46.815213Z,115039.815,0.01,0.0008692642629858193009089939861,4.145264130,0.3603329968846003446719729165,19.6709346338,1.709924049669238428451923362,34.5409659662,3.002522732342711086592063800,53.58886314613,4.658288362696862820928562863
2025-08-23T14:32:46.871385Z,115039.815,0.01,0.0008692642629858193009089939861,4.145264130,0.3603329968846003446719729165,19.3780606724,1.684465562848827599383743793,34.34803415780,2.985751859719176356464064202,54.30677042069,4.720693476488118483152984904
2025-08-23T14:32:46.923274Z,115039.815,0.01,0.0008692642629858193009089939861,4.029054573,0.3502313153928489888479045277,19.3680983876,1.683599577033394916360044564,34.34943283188,2.985873441458507213350438716,53.70488915260,4.668374088796996066101114645
2025-08-23T14:32:46.963022Z,115039.815,0.01,0.0008692642629858193009089939861,4.029054573,0.3502313153928489888479045277,19.3502613776,1.682049069498242847487193890,34.30512194388,2.982021654318550494887357042,53.67782070760,4.666021125607686347548455289
2025-08-23T14:32:47.044294Z,115039.815,0.01,0.0008692642629858193009089939861,4.119439553,0.3580881586953177906275318680,17.6874719874,1.537508730120958556826608249,33.52925288228,2.914578129518028171377014123,52.29298192682,4.545642039394795619238434971
2025-08-23T14:32:47.096865Z,115039.815,0.01,0.0008692642629858193009089939861,4.040122227,0.3511933870025781943408027908,17.6874713940,1.537508678538817191248090933,33.52925257808,2.914578103075009291348390990,52.29298150484,4.545642002713582249762832112
2025-08-23T14:32:47.179523Z,115039.815,0.01,0.0008692642629858193009089939861,4.040122227,0.3511933870025781943408027908,17.5602098238,1.526446285036185080791376446,33.48195944840,2.910467080323451493728497390,52.45759021860,4.559950849938345258987073302
2025-08-23T14:32:47.182163Z,115039.815,0.01,0.0008692642629858193009089939861,4.040122227,0.3511933870025781943408027908,17.6733559646,1.536281674705405254693777107,33.53579975184,2.915147225492321940886292281,52.51639265152,4.565062335289742946822367543
2025-08-23T14:32:47.294515Z,115039.815,0.01,0.0008692642629858193009089939861,4.803803557,0.4175774758504262198265878644,18.0377233978,1.567954833533068529360899963,33.62180142818,2.922623043872245448238942317,52.36311407666,4.551738376549023483739086333
2025-08-23T14:32:47.332843Z,115039.815,0.01,0.0008692642629858193009089939861,3.960855632,0.3443030251743711514139691549,17.7332718124,1.541489945233309006972933675,33.5835743891,2.919300103977044817048775678,52.40208236982,4.555125751012377758083147126
2025-08-23T14:32:47.395112Z,115039.815,0.01,0.0008692642629858193009089939861,3.960855632,0.3443030251743711514139691549,17.7388068163,1.541971083341884720520456331,33.59669642816,2.920440755938281020358038649,52.49941243681,4.563586305907220035080897861
2025-08-23T14:32:47.467250Z,115039.815,0.01,0.0008692642629858193009089939861,3.946098967,0.3430202810218357878965643330,17.5443124608,1.525064384083023777463480796,33.55550672838,2.916860282536094134017861555,52.56577108139,4.569354625734577198337810262
2025-08-23T14:32:47.496646Z,115039.815,0.01,0.0008692642629858193009089939861,3.863091727,0.3358047582917270859658458248,17.5443116910,1.525064317167060812815111012,33.55550635798,2.916860250338545833023114649,52.46529881316,4.560620930515230748589086309
2025-08-23T14:32:47.579416Z,115039.815,0.01,0.0008692642629858193009089939861,3.863091727,0.3358047582917270859658458248,17.5443116910,1.525064317167060812815111012,33.55550635798,2.916860250338545833023114649,52.46529881316,4.560620930515230748589086309
2025-08-23T14:32:47.617965Z,115039.815,0.01,0.0008692642629858193009089939861,3.828044013,0.3327581857637723078744519886,17.5569104244,1.526159480037411395350383691,33.51497587666,2.913337080441236801363075906,52.40419600461,4.555309481731172811778252599
2025-08-23T14:32:47.631221Z,115039.815,0.01,0.0008692642629858193009089939861,3.828044013,0.3327581857637723078744519886,17.5569104244,1.526159480037411395350383691,33.51497587666,2.913337080441236801363075906,52.40419600461,4.555309481731172811778252599
2025-08-23T14:32:47.714247Z,115039.815,0.01,0.0008692642629858193009089939861,3.828044013,0.3327581857637723078744519886,17.5569104244,1.526159480037411395350383691,33.51497587666,2.913337080441236801363075906,52.08332708831,4.527417493526915007643223348
2025-08-23T14:32:47.783847Z,115039.815,0.01,0.0008692642629858193009089939861,3.931342286,0.3417375354784776036018486295,17.5437475733,1.525015280431388037263446573,33.49885080248,2.911935385368969864911552579,52.08835703535,4.527854728847573337978681555
2025-08-23T14:32:47.858434Z,115039.815,0.01,0.0008692642629858193009089939861,3.931342286,0.3417375354784776036018486295,17.6088193971,1.530671741527053046808185496,33.59609749672,2.920388692968603956812691328,52.22740060055,4.539941289070223209242817367
2025-08-23T14:32:47.919590Z,115039.815,0.01,0.0008692642629858193009089939861,3.948025506,0.3431877481722306316295797242,17.5957425772,1.529535020305795867282992414,33.53347664400,2.914945286029884523023615780,52.23323797173,4.540448710885878945476398758
2025-08-23T14:32:47.978441Z,115039.815,0.01,0.0008692642629858193009089939861,4.143437536,0.3601742175958819127099604602,17.6532530797,1.534534202762756529119939910,33.54819933264,2.916225076738866452453874339,52.24354781149,4.541344908411926775090867453
2025-08-23T14:32:48.027609Z,115039.815,0.01,0.0008692642629858193009089939861,4.154505165,0.3611362870324504607383104710,17.6532531960,1.534534212872299907645018379,33.54819938682,2.916225081448540229311043311,52.04425670385,4.524021244631695556881763066
2025-08-23T14:32:48.092232Z,115039.815,0.01,0.0008692642629858193009089939861,4.154505165,0.3611362870324504607383104710,17.6532531960,1.534534212872299907645018379,33.54819938682,2.916225081448540229311043311,52.02808860425,4.522615809513428024897293168
2025-08-23T14:32:48.146447Z,115039.815,0.01,0.0008692642629858193009089939861,4.154505165,0.3611362870324504607383104710,17.6532531960,1.534534212872299907645018379,33.54819938682,2.916225081448540229311043311,52.23252287745,4.540386550295651987966079396
2025-08-23T14:32:48.172222Z,115039.815,0.01,0.0008692642629858193009089939861,4.154505165,0.3611362870324504607383104710,17.6611852902,1.535223721474169616840917208,33.54978568036,2.916362972277032955937907237,52.23331580246,4.540455476433094055305982542
2025-08-23T14:32:48.268130Z,115039.815,0.01,0.0008692642629858193009089939861,5.134983281,0.4463657457202969250254792221,19.3608314137,1.682967884962262847867062373,34.10970465750,2.965034727976570546466890615,52.53599775559,4.566766536923759830455221090
2025-08-23T14:32:48.329533Z,115039.815,0.01,0.0008692642629858193009089939861,4.454358722,0.3872014851553785965319919890,17.6550830347,1.534693274211193750615819401,33.58603946128,2.919514383892220271738093459,52.09459350612,4.528396842964325003478143632
2025-08-23T14:32:48.378387Z,115039.815,0.01,0.0008692642629858193009089939861,4.297569385,0.3735723484082445716728595226,17.6560248031,1.534775138772606684042390019,33.58667144708,2.919569320159285722078047500,52.17315587669,4.535225989079519990535450705
2025-08-23T14:32:48.434293Z,115039.815,0.01,0.0008692642629858193009089939861,4.334461167,0.3767792191772909231469122234,17.5584738681,1.526295384610971427587918148,32.93770672638,2.863157136194977365010540047,51.20790612404,4.451320277596065327469450468
2025-08-23T14:32:48.446333Z,115039.815,0.01,0.0008692642629858193009089939861,4.334461167,0.3767792191772909231469122234,17.5486613160,1.525442414524049782242782640,32.88761641900,2.858802964782236480474173224,51.14000554267,4.445417922713975157209701702
2025-08-23T14:32:48.549630Z,115039.815,0.01,0.0008692642629858193009089939861,4.295724861,0.3734120105287026061368405365,17.6438647725,1.533718110768867283035877622,32.99390998816,2.868042684887836441670216525,51.39115478575,4.467249428882513415029396562
2025-08-23T14:32:48.598998Z,115039.815,0.01,0.0008692642629858193009089939861,4.504162229,0.3915307260360250057773476079,18.2465462343,1.586107056439546603930126278,33.10510111200,2.877708131919370697875339942,51.43819500007,4.471338466605670393332951726
2025-08-23T14:32:48.658865Z,115039.815,0.01,0.0008692642629858193009089939861,4.526205193,0.3934468421215733005133918200,18.3574881066,1.595750836925459242089358367,33.04852799298,2.872790432858397764287086171,51.22222881270,4.452565297736266352653644306
2025-08-23T14:32:48.710615Z,115039.815,0.01,0.0008692642629858193009089939861,4.380323057,0.3807658293782895947807287416,18.3429689167,1.594488735634701776945660074,33.04517731024,2.872499169982149223727454708,51.22014430197,4.452384098667926404436585716
2025-08-23T14:32:48.769662Z,115039.815,0.01,0.0008692642629858193009089939861,5.145798027,0.4473058329414038087596020560,18.7297292711,1.628108431076666804445052350,33.18015707684,2.884232478715303914562101825,51.28329835297,4.457873854627634788877224811
2025-08-23T14:32:48.829633Z,115039.815,0.01,0.0008692642629858193009089939861,4.337897391,0.3770779178495723415410568941,17.4864771883,1.520036970530594125173097679,32.63822722420,2.837124453320791588546973932,50.59375667421,4.397934460709103191794945081
2025-08-23T14:32:48.834553Z,115039.815,0.01,0.0008692642629858193009089939861,4.337897391,0.3770779178495723415410568941,17.4802425923,1.519495019380898691466080678,32.63638779084,2.836964557952392395624071544,50.59229450217,4.397807359319032284605116933
2025-08-23T14:32:48.937814Z,115039.815,0.01,0.0008692642629858193009089939861,5.145798027,0.4473058329414038087596020560,17.8494503529,1.551588930571559072830567400,32.73432682364,2.845478048068835993868731447,50.58872543135,4.397497112747443135231050224
2025-08-23T14:32:48.984143Z,115039.815,0.01,0.0008692642629858193009089939861,5.145798027,0.4473058329414038087596020560,17.8458481885,1.551275807293327097231510673,32.73325701892,2.845385053767689038790613493,50.58819068739,4.397450629366015583387368973
2025-08-23T14:32:49.029629Z,115039.815,0.01,0.0008692642629858193009089939861,4.518750674,0.3927988474251284218424725387,17.4956906140,1.520837860700662635801352775,32.63948514034,2.837233799475425095215947626,50.51957017706,4.391485693632243758389215073
2025-08-23T14:32:49.087278Z,115039.815,0.01,0.0008692642629858193009089939861,4.457879651,0.3875075469305996363085250094,17.5023677803,1.521418282904922960802744685,32.64033248230,2.837307455883860731173811432,50.51954692804,4.391483672678020214131950751
2025-08-23T14:32:49.155303Z,115039.815,0.01,0.0008692642629858193009089939861,4.457879651,0.3875075469305996363085250094,17.4986919865,1.521098759286078476395324523,32.64109522246,2.837373758160163939762942074,50.52129964644,4.391636030224839982574728584
2025-08-23T14:32:49.205035Z,115039.815,0.01,0.0008692642629858193009089939861,4.566709148,0.3969677061806818795736067552,17.4986930425,1.521098851080384647697842699,32.64109576726,2.837373805517680987230377587,50.52130035484,4.391636091803520372490167861
2025-08-23T14:32:49.241506Z,115039.815,0.01,0.0008692642629858193009089939861,4.749960679,0.4128971068842556813916990392,17.5322287982,1.524013994476607946561805580,32.64892352376,2.838054244416161482874429170,50.52624016365,4.392065491729971923198937690
2025-08-23T14:32:49.328492Z,115039.815,0.01,0.0008692642629858193009089939861,4.711225099,0.4095299613442528571521085982,17.5313062044,1.523933796694648717924311683,32.64873890492,2.838038196160172893184850828,50.53999491841,4.393261143405872132183105475
2025-08-23T14:32:49.379417Z,115039.815,0.01,0.0008692642629858193009089939861,5.336512633,0.4638839720839258999156074790,17.8769666288,1.553980822100591868997703100,32.74188645792,2.846135180060920647342835174,50.60855520643,4.399220844229452211827705043
2025-08-23T14:32:49.437438Z,115039.815,0.01,0.0008692642629858193009089939861,4.714914111,0.4098506339739854414751970872,17.5316751056,1.523965863957621976356620532,32.64881268516,2.838044609612767544871312597,50.54003180853,4.393264350132169458026336360
2025-08-23T14:32:49.485952Z,115039.815,0.01,0.0008692642629858193009089939861,4.521503587,0.3930381483141293299193848669,17.5203672129,1.522982909256243153728993740,32.63158323620,2.836546915187580925786433158,50.50038085773,4.389817634679784559806533069
2025-08-23T14:32:49.522195Z,115039.815,0.01,0.0008692642629858193009089939861,4.521503587,0.3930381483141293299193848669,17.7963499494,1.546973102260291360864931850,32.76785218916,2.848392288283843293732695937,50.40709496307,4.381708625232924792168693943
2025-08-23T14:32:49.578847Z,115039.815,0.01,0.0008692642629858193009089939861,4.403450171,0.3827761867489094971162810024,19.4310322810,1.689070195479712828119551479,33.53275058628,2.914882172426998426588220783,51.57214870463,4.482982583432527251543302638
2025-08-23T14:32:49.616978Z,115039.815,0.01,0.0008692642629858193009089939861,4.403450171,0.3827761867489094971162810024,18.7335124972,1.628437293401419325995960616,33.31869156066,2.896274786312895235445223899,51.34153306236,4.462935989801443960945173634
2025-08-23T14:32:49.709879Z,115039.815,0.01,0.0008692642629858193009089939861,5.237175019,0.4552489083018779193968627297,18.7317898870,1.628287553052827840517650346,33.14117678634,2.880844061366058351189107875,50.88631530080,4.423365536601393178526930002
2025-08-23T14:32:49.769887Z,115039.815,0.01,0.0008692642629858193009089939861,4.578685306,0.3980087507964090519443203208,17.0931769725,1.485848788308639056834366432,32.5757650598,2.831694840590625080542766867,50.63074085067,4.401149362998367130545194288
2025-08-23T14:32:49.814620Z,115039.815,0.01,0.0008692642629858193009089939861,4.408983743,0.3832572003875353937243379607,17.3691600421,1.509839010267879864027945455,32.71203433562,2.843540241751953443249191595,50.80201604598,4.416037703640257070997549848
2025-08-23T14:32:49.869181Z,115039.815,0.01,0.0008692642629858193009089939861,4.408983743,0.3832572003875353937243379607,17.3427442624,1.507542780940668237340263456,32.70079101042,2.842562899672604654310335948,50.86347662420,4.421380252063166130786980142
2025-08-23T14:32:49.937338Z,115039.815,0.01,0.0008692642629858193009089939861,5.237175019,0.4552489083018779193968627297,17.6824061561,1.537068375509818057339539359,32.73391021370,2.845441833655591327228751194,50.75506849960,4.411956721209956744106377431
2025-08-23T14:32:49.989665Z,115039.815,0.01,0.0008692642629858193009089939861,4.425585339,0.3847003177986682263006073158,17.3181130611,1.505401678636218251915651985,32.63703591826,2.837020897352799115680079979,50.60786287248,4.399160662113373530720646587
2025-08-23T14:32:50.050585Z,115039.815,0.01,0.0008692642629858193009089939861,4.425585339,0.3847003177986682263006073158,17.3171106365,1.505314541448106466443813388,32.63679515834,2.836999968953357583198477849,50.68313009348,4.405703372652329108839404862
2025-08-23T14:32:50.099975Z,115039.815,0.01,0.0008692642629858193009089939861,4.425585339,0.3847003177986682263006073158,17.3172288153,1.505324814308854721298013214,32.6368502265,2.837004755831709221715977203,50.68321325764,4.405710601815554032314812050
2025-08-23T14:32:50.146441Z,115039.815,0.01,0.0008692642629858193009089939861,4.425585339,0.3847003177986682263006073158,17.3172288153,1.505324814308854721298013214,32.6368502265,2.837004755831709221715977203,50.68321325764,4.405710601815554032314812050
2025-08-23T14:32:50.226820Z,115039.815,0.01,0.0008692642629858193009089939861,4.425585339,0.3847003177986682263006073158,17.3172288153,1.505324814308854721298013214,32.6368502265,2.837004755831709221715977203,50.63627264824,4.401630222392134410160517035
2025-08-23T14:32:50.246103Z,115039.815,0.01,0.0008692642629858193009089939861,4.425585339,0.3847003177986682263006073158,17.3280921828,1.506269128023197881533449963,32.69559931794,2.842111604398877032269219139,50.71744373020,4.408686134465706503439700420
2025-08-23T14:32:50.348306Z,115039.815,0.01,0.0008692642629858193009089939861,4.479078532,0.3893502898974585451132723049,17.3211031714,1.505661598238835832620210664,32.63762518072,2.837072119832598826762716891,50.56159233747,4.395138529862030810811022253
2025-08-23T14:32:50.401142Z,115039.815,0.01,0.0008692642629858193009089939861,4.479078532,0.3893502898974585451132723049,17.3008621714,1.503902120444126235773240769,32.63132452072,2.836524425975476403539070364,50.55637984747,4.394685426734213715486242741
2025-08-23T14:32:50.442700Z,115039.815,0.01,0.0008692642629858193009089939861,4.388693519,0.3814934437264176754804412716,17.2978385033,1.503639283781880212515988486,32.63071961134,2.836471843364838512648859875,50.63525843974,4.401542060871707764829072439
2025-08-23T14:32:50.520062Z,115039.815,0.01,0.0008692642629858193009089939861,4.388693519,0.3814934437264176754804412716,17.3087018708,1.504583597496223372751425235,32.68946870278,2.841578691932006323202101811,50.71642952170,4.408597972945279858108255824
2025-08-23T14:32:50.579189Z,115039.815,0.01,0.0008692642629858193009089939861,6.783345834,0.5896520116969937755897816769,19.6978247071,1.712261507644114344238123123,33.32432019874,2.896764063706117747146933433,50.85260761862,4.420435448250677385042734987
2025-08-23T14:32:50.632738Z,115039.815,0.01,0.0008692642629858193009089939861,6.936915962,0.6030013141102495688123281492,18.2109394431,1.583011885328570808289286627,32.86371834594,2.856725590695708264134465098,50.43265916940,4.383930830330351278815947331
2025-08-23T14:32:50.683103Z,115039.815,0.01,0.0008692642629858193009089939861,5.974647746,0.5193547769526576516139216670,17.9726104455,1.562294797283879498589249296,32.76324844354,2.847992101129508944359828812,50.19449980324,4.363228487740527051438669299
2025-08-23T14:32:50.748494Z,115039.815,0.01,0.0008692642629858193009089939861,5.989404740,0.5206375497039872673647814889,17.9726105384,1.562294805359344501727510601,32.76307469702,2.847976997965443529268540635,50.68123021275,4.405538222810076667804098955
2025-08-23T14:32:50.819775Z,115039.815,0.01,0.0008692642629858193009089939861,7.521991369,0.6538598283559478950831066618,18.7808548425,1.632552594290941792630664436,33.08609164712,2.876055707071503896281474375,51.14786215976,4.446100870360405221444419047
2025-08-23T14:32:50.878686Z,115039.815,0.01,0.0008692642629858193009089939861,4.082940257,0.3549154053316236643808928239,18.6869390833,1.624388832970567624782776294,33.33059099002,2.897309161182152457390513015,51.57060461917,4.482848361601589849566430544
2025-08-23T14:32:50.920660Z,115039.815,0.01,0.0008692642629858193009089939861,4.056523396,0.3526190820108672810365698172,17.7638891435,1.544151400408632437387003795,33.17249731014,2.883566642569792032436769826,51.51469716715,4.477988526594031814115834592
2025-08-23T14:32:50.998453Z,115039.815,0.01,0.0008692642629858193009089939861,5.277617482,0.4587644270811805460570325152,18.7469780029,1.629607801690223510877516623,33.37593182260,2.901250477723734169774177749,52.04968394454,4.524493015269539506822051131
2025-08-23T14:32:51.059128Z,115039.815,0.01,0.0008692642629858193009089939861,4.364622620,0.3794010464985535659979981713,20.3228608236,1.766593663559003463279213375,33.95792144620,2.951840755846139008481541804,52.54393527978,4.567456517535255076688014493
2025-08-23T14:32:51.107912Z,115039.815,0.01,0.0008692642629858193009089939861,4.364622620,0.3794010464985535659979981713,20.3228608236,1.766593663559003463279213375,33.95792144620,2.951840755846139008481541804,52.52199704191,4.565549504917927762661996631
2025-08-23T14:32:51.176410Z,115039.815,0.01,0.0008692642629858193009089939861,4.364622620,0.3794010464985535659979981713,20.3337241786,1.767537976186766294782375997,34.01667047004,2.956947598537080401250645266,52.73339801578,4.583925836092486762083197022
2025-08-23T14:32:51.238888Z,115039.815,0.01,0.0008692642629858193009089939861,4.515936848,0.3925542515867223882444525837,18.2842670473,1.589385991910713695080264168,33.16638797648,2.883035580027662596640997728,51.44432350462,4.471871195604756492350061585
2025-08-23T14:32:51.293560Z,115039.815,0.01,0.0008692642629858193009089939861,4.554673202,0.3959214644077791675864569149,18.2836694157,1.589334041931482591483652855,33.13600703212,2.880394673106871738276004703,51.40254821089,4.468239818613234035538043937
2025-08-23T14:32:51.359870Z,115039.815,0.01,0.0008692642629858193009089939861,5.474337746,0.4758646166112141261701437889,18.9365463237,1.646086298356790646786071414,33.33347852186,2.897560164005827026060499141,51.67799035324,4.492183019699744823129279198
2025-08-23T14:32:51.374138Z,115039.815,0.01,0.0008692642629858193009089939861,4.692263810,0.4078817242534682448854772585,18.5811084759,1.615189356476277365362592073,33.23837538002,2.889293187755908682572203372,51.60845217544,4.486138314412275436986751065
2025-08-23T14:32:51.475510Z,115039.815,0.01,0.0008692642629858193009089939861,4.616635481,0.4013076238865648384431077188,18.2886663395,1.589768406659902921436374007,33.10210515030,2.877447703675462273648475530,51.38708963934,4.466896060232711605108196671
2025-08-23T14:32:51.539678Z,115039.815,0.01,0.0008692642629858193009089939861,5.474337746,0.4758646166112141261701437889,18.6592312603,1.621980290936663971512819279,33.23325356988,2.888847967104258642975043032,51.53309000185,4.479587349984003364400403460
2025-08-23T14:32:51.583763Z,115039.815,0.01,0.0008692642629858193009089939861,4.526249840,0.3934507231257282533008245884,18.5645108312,1.613746582537532766373103086,33.23652141010,2.889132028776298014735159301,51.10241779081,4.442150553772187481351565108
2025-08-23T14:32:51.625403Z,115039.815,0.01,0.0008692642629858193009089939861,4.526249840,0.3934507231257282533008245884,18.4440108312,1.603271948168553643797149709,33.19940141010,2.885905319832094653490185115,51.07193779081,4.439501036298606704122394494
2025-08-23T14:32:51.677947Z,115039.815,0.01,0.0008692642629858193009089939861,4.511493086,0.3921679712367409492096279884,18.1514683931,1.577842279483846527395754244,33.06268901342,2.874021399757988136542118048,51.31025451733,4.460217057662166789819681125
2025-08-23T14:32:51.765607Z,115039.815,0.01,0.0008692642629858193009089939861,4.552074246,0.3956955464505919102877555914,18.1459468748,1.577362313630285306004708022,33.06467677154,2.874194188467705724318141506,51.31381922641,4.460526925083285295617000079
2025-08-23T14:32:51.828441Z,115039.815,0.01,0.0008692642629858193009089939861,5.201412323,0.4521401849437953285999286421,18.4282543520,1.601902293740649704626176598,33.14409065870,2.881097353877003366182395199,51.37053684647,4.465457185103261857644677193
2025-08-23T14:32:51.886251Z,115039.815,0.01,0.0008692642629858193009089939861,6.916427260,0.6012203044658929606241108785,19.3288911160,1.680191429028289031932118458,33.32422834774,2.896756079426935796098072654,51.17004012055,4.448028721234469996322577535
2025-08-23T14:32:51.925357Z,115039.815,0.01,0.0008692642629858193009089939861,6.914582779,0.6010599703241873259271148863,19.3137848258,1.678878293206573741447689220,33.33829281288,2.897978653119356980885270026,51.21004740008,4.451506411069941306842331066
2025-08-23T14:32:51.999635Z,115039.815,0.01,0.0008692642629858193009089939861,6.914582779,0.6010599703241873259271148863,19.3137848258,1.678878293206573741447689220,33.33829281288,2.897978653119356980885270026,51.21004740008,4.451506411069941306842331066
2025-08-23T14:32:52.059354Z,115039.815,0.01,0.0008692642629858193009089939861,8.048938594,0.6996654674731526645796500977,19.6245795188,1.705894565181628638745637760,33.4244669836,2.905469465819290477822830296,51.52810407473,4.479153941157676583537621301
2025-08-23T14:32:52.109261Z,115039.815,0.01,0.0008692642629858193009089939861,6.964386706,0.6053892477139327805768811433,19.3814635366,1.684761361672912982344417018,33.42645551596,2.905642321830924363012927307,51.57500705342,4.483231049477956827381893825
2025-08-23T14:32:52.152464Z,115039.815,0.01,0.0008692642629858193009089939861,6.881380222,0.5981737907002023603741017838,19.3246478694,1.679822578765447423572438812,33.38207315076,2.901784321433409815549512141,51.49437745354,4.476222206506503856947266475
2025-08-23T14:32:52.238328Z,115039.815,0.01,0.0008692642629858193009089939861,8.048938594,0.6996654674731526645796500977,19.6931799806,1.711857758168335023835008775,33.51281388228,2.913149145996105783028249828,51.64017239050,4.488895639348863695582264280
2025-08-23T14:32:52.290066Z,115039.815,0.01,0.0008692642629858193009089939861,6.866623709,0.5968910597604837942411503356,19.3301816201,1.680303607937825699737086677,33.38317978048,2.901880516800205215907205692,52.82267872747,4.591686689297092489239486347
2025-08-23T14:32:52.359744Z,115039.815,0.01,0.0008692642629858193009089939861,8.048938594,0.6996654674731526645796500977,19.6931799806,1.711857758168335023835008775,33.51281388228,2.913149145996105783028249828,51.36354860763,4.464849722474779709963893805
2025-08-23T14:32:52.414216Z,115039.815,0.01,0.0008692642629858193009089939861,8.048938594,0.6996654674731526645796500977,19.6400543486,1.707239736833721438095149927,33.46916969988,2.909355313191350316410018566,51.28328832123,4.457872982604327032340933441
2025-08-23T14:32:52.469560Z,115039.815,0.01,0.0008692642629858193009089939861,7.016567608,0.6099251470458293070099252159,19.3336828772,1.680607959705081236439749143,33.38439664268,2.901986294282549046171536350,50.95619587051,4.429440004793992410366793445
2025-08-23T14:32:52.503101Z,115039.815,0.01,0.0008692642629858193009089939861,8.259600422,0.7179775473387192077803671711,20.8848188123,1.815442663246633350375259209,33.86276694806,2.943569315376593747130069707,51.34604880176,4.463328526889581663531013154
2025-08-23T14:32:52.587098Z,115043.575,0.01,0.0008692358525888994670063060888,8.800231511,0.7649476740443784018359999678,20.1103798198,1.748066314855045142677459389,33.50643450172,2.912499416131670108478461313,54.40440845376,4.729026236689880334473263718
2025-08-23T14:32:52.647344Z,115043.575,0.01,0.0008692358525888994670063060888,9.660578920,0.8397321554028549616960356109,23.5821569128,2.049845626998291734240699665,34.68207764148,3.014690532824627537869889735,55.98881234435,4.866748303358097138410380588
2025-08-23T14:32:52.709911Z,115043.575,0.01,0.0008692358525888994670063060888,9.339339225,0.8118088493859826591793587778,22.9626196493,1.995993226853390117614130124,34.54165839950,3.002484788872390309497944583,56.66605021629,4.925616247260222919880575686
2025-08-23T14:32:52.766405Z,115043.575,0.01,0.0008692358525888994670063060888,9.339704646,0.8118406130894315480025720689,20.0462302773,1.742490206628227608538764551,33.30005728580,2.894560368608155648848707979,54.54729576281,4.741446513880501366547414751
2025-08-23T14:32:52.827702Z,115043.575,0.01,0.0008692358525888994670063060888,9.177084808,0.7977051137362516768102868848,20.5158626431,1.783312335617178099689617608,33.58823954832,2.919610204074412673632577917,54.25764262880,4.716268824990878456271895236
2025-08-23T14:32:52.888152Z,115043.575,0.01,0.0008692358525888994670063060888,8.981564816,0.7807098150418221965024991617,20.5158609425,1.783312187794929008421374249,33.55095201200,2.916369037732007198142095289,53.20083515996,4.624407330870933035591079293
2025-08-23T14:32:52.938000Z,115043.575,0.01,0.0008692358525888994670063060888,8.608525817,0.7482839278073547349341325667,19.9142625193,1.731019095964290052703942832,33.35206123034,2.899080737915176923178891129,52.51380614389,4.564688305617241119288930303
2025-08-23T14:32:52.997830Z,115043.575,0.01,0.0008692358525888994670063060888,8.726577223,0.7585453792617275671414070712,19.9260685769,1.732045320818655018326751407,33.35442257206,2.899285994203500717010923904,52.51498703665,4.564790953049746585152625864
2025-08-23T14:32:53.041752Z,115043.575,0.01,0.0008692358525888994670063060888,8.619593232,0.7492459471987027524135963264,19.9142626226,1.731019104943496409947274326,33.35206128192,2.899080742398695450832434580,54.13929345172,4.705981490206645612325590543
2025-08-23T14:32:53.110129Z,115043.575,0.01,0.0008692358525888994670063060888,8.754893049,0.7610066923772144598253314016,20.5603165713,1.787176430435163371791949268,33.60521832150,2.921086059912515757616190213,52.08469491979,4.527388419543638138853038946
2025-08-23T14:32:53.169693Z,115043.575,0.01,0.0008692358525888994670063060888,10.083019269,0.8764521850959516861328414038,20.8546504992,1.812760990711562988198167520,33.68625420908,2.928129989795605708532614707,52.08281970505,4.527225419155307021708948109
2025-08-23T14:32:53.190287Z,115043.575,0.01,0.0008692358525888994670063060888,10.083019269,0.8764521850959516861328414038,20.8546504992,1.812760990711562988198167520,33.68625420908,2.928129989795605708532614707,52.08281970505,4.527225419155307021708948109
2025-08-23T14:32:53.289050Z,115043.575,0.01,0.0008692358525888994670063060888,10.083019269,0.8764521850959516861328414038,20.3674910179,1.770415342004105835549703667,33.47962238852,2.910168811123958899921182039,55.06955169140,4.786842871616254971214168197
2025-08-23T14:32:53.339707Z,115043.575,0.01,0.0008692358525888994670063060888,10.083019269,0.8764521850959516861328414038,20.3674910179,1.770415342004105835549703667,33.47962238852,2.910168811123958899921182039,52.21839651393,4.539010241461115929333732892
2025-08-23T14:32:53.409289Z,115043.575,0.01,0.0008692358525888994670063060888,6.769301097,0.5884119210481767452028503113,19.6920853755,1.711706662062614100787462490,33.26924852628,2.891882360773298291538662633,52.32182489235,4.548000606930895532410219345
2025-08-23T14:32:53.440310Z,115043.575,0.01,0.0008692358525888994670063060888,5.406394881,0.4699432263818296675846521633,19.3798207055,1.684563497396529967014672484,33.20944490410,2.886684015521944619679977782,52.34593064099,4.550095965028033942790807744
2025-08-23T14:32:53.518258Z,115043.575,0.01,0.0008692358525888994670063060888,5.376881809,0.4673778443515859099476002897,19.3846483978,1.684983137719772703516906529,33.20971384242,2.886707392604932522307308339,52.31324706673,4.547254991574279571892650241
2025-08-23T14:32:53.572692Z,115043.575,0.01,0.0008692358525888994670063060888,5.278437317,0.4588206961579558006607496333,18.9383550900,1.646189723328747389847716398,33.04526438276,2.872412855977398129360983436,52.13308560276,4.531594711200516847637949360
2025-08-23T14:32:53.628648Z,115043.575,0.01,0.0008692358525888994670063060888,5.740420427,0.4989779244082079333852412010,17.9645273539,1.561541125082387260653191628,32.40337550026,2.816617572972675788282831092,52.48112795208,4.561847800025338225102966419
2025-08-23T14:32:53.687964Z,115043.575,0.01,0.0008692358525888994670063060888,5.274762281,0.4585012488528803107865867346,17.2689512111,1.501079152929661652117469402,36.08002864660,3.136205446205926754275499523,53.13586608384,4.618759985843624904737183280
2025-08-23T14:32:53.736385Z,115043.575,0.01,0.0008692358525888994670063060888,4.986737055,0.4334650635639582653790096492,16.7150866972,1.452935263633801366134527721,35.76335450360,3.108678994337580347272761647,52.70169835769,4.581020570482966997505075794
2025-08-23T14:32:53.802970Z,115043.575,0.01,0.0008692358525888994670063060888,6.349801124,0.5519474793790092145519643318,17.0378355100,1.480989747580427677078011527,35.65893548362,3.099602518751699084455607364,52.37783997270,4.552869638543482328326462386
2025-08-23T14:32:53.868053Z,115043.575,0.01,0.0008692358525888994670063060888,5.013413480,0.4357838740668481486254230191,16.7121261384,1.452677921248535609224591638,35.54885719010,3.090034118819760251713318193,52.29546521854,4.545709329577075469012502437
2025-08-23T14:32:53.920043Z,115043.575,0.01,0.0008692358525888994670063060888,6.802495759,0.5912973200806737794787757595,17.3516025777,1.508263506041080521011277683,35.85832412366,3.116934094203870142248274187,52.60865159940,4.572932612655682857560711235
2025-08-23T14:32:53.986166Z,115043.575,0.01,0.0008692358525888994670063060888,6.926082021,0.6020398810624582902608859295,17.3570542775,1.508737387333451694281927522,35.91155501646,3.121561114252577773248093168,52.71005916559,4.581747321881295848116681005
2025-08-23T14:32:54.038412Z,115043.575,0.01,0.0008692358525888994670063060888,6.911325733,0.6007572116043855556470667745,17.3425386247,1.507475634749702449702210662,35.95460046736,3.125302779173891284237298780,52.43675033654,4.557990338577360795681114743
2025-08-23T14:32:54.095045Z,115043.575,0.01,0.0008692358525888994670063060888,6.839432648,0.5945080069008634337032728686,17.3457269437,1.507752774868131488438185270,35.95060084594,3.124955117740386631761052280,52.41554503045,4.556147097345505822467704085
2025-08-23T14:32:54.149415Z,115043.575,0.01,0.0008692358525888994670063060888,5.681497188,0.4938561052192614841811026822,17.0311040345,1.480404623595885298244599927,35.84643600076,3.115900735939403830244322640,53.01815104020,4.608527772211529413963361274
2025-08-23T14:32:54.200283Z,115043.575,0.01,0.0008692358525888994670063060888,7.977545605,0.6934368655529002814802999646,17.5429593779,1.524896925178133589815858904,36.00929855840,3.130057333353905248511270621,51.94660662669,4.515385290025105704512398889
2025-08-23T14:32:54.259317Z,115043.575,0.01,0.0008692358525888994670063060888,6.471096069,0.5624908708721890813980702529,17.2035745059,1.495396375321264138392778562,35.8965268806,3.120254814803868881856287933,51.71607074121,4.495346284328351235607899007
2025-08-23T14:32:54.316372Z,115043.575,0.01,0.0008692358525888994670063060888,7.977545605,0.6934368655529002814802999646,17.5445476057,1.525034979632717429026349364,36.05565990724,3.134087228012516127041427563,51.63067006203,4.487922951110481398026791153
2025-08-23T14:32:54.357046Z,115043.575,0.01,0.0008692358525888994670063060888,7.977545605,0.6934368655529002814802999646,17.6638869219,1.535408380859165755236657067,36.08037759972,3.136235778462204429930137341,51.60566272568,4.485749223777164435302014910
2025-08-23T14:32:54.417579Z,115043.575,0.01,0.0008692358525888994670063060888,6.642643110,0.5774023547164628706992111467,17.3416581876,1.507399104000375509888318405,35.97077927294,3.126709098960111418651584845,51.60506127508,4.485696943534656324788237848
2025-08-23T14:32:54.487914Z,115043.575,0.01,0.0008692358525888994670063060888,7.123902871,0.6192351785834193695736593721,21.4423562545,1.863846482039522850363438375,37.61864176634,3.269947214900093290737879104,53.46559478091,4.647421186355691745497303956
2025-08-23T14:32:54.542735Z,115043.575,0.01,0.0008692358525888994670063060888,7.107056457,0.6177708278797838123511026148,21.4266825241,1.862484065198773595135582322,37.61241037994,3.269405560453071803444912069,53.36802629641,4.638940183874675313245437653
2025-08-23T14:32:54.607672Z,115043.575,0.01,0.0008692358525888994670063060888,7.374148595,0.6409874341092060117220800901,21.3352757655,1.854538662024367723273550913,37.56715293116,3.265471620745443628642451349,53.32634952564,4.635317489537334005832137953
2025-08-23T14:32:54.669334Z,115043.575,0.01,0.0008692358525888994670063060888,7.718009397,0.6708770478490432864242961852,19.7004650200,1.712435050805749039005437722,36.98236623080,3.214639864138436240355013307,52.62050405244,4.573962870368032286896508562
2025-08-23T14:32:54.718874Z,115043.575,0.01,0.0008692358525888994670063060888,6.592894897,0.5730780616822799534871895280,19.3158897986,1.679006393759929661434808506,36.82838712992,3.201255448635006344335179083,52.47021225978,4.560898968915039366605218936
2025-08-23T14:32:54.767812Z,115043.575,0.01,0.0008692358525888994670063060888,7.718009397,0.6708770478490432864242961852,17.4622519637,1.517881547378895344655275186,36.04353087080,3.133032928679415604043945957,51.60632027881,4.485806380652722240246793443
2025-08-23T14:32:54.828912Z,115043.575,0.01,0.0008692358525888994670063060888,6.572604705,0.5713143654480487067617639664,17.1577821865,1.491415942741695918264014309,35.93769010800,3.123832870110303856603899870,51.52546572241,4.478778212725917114449894312
2025-08-23T14:32:54.885009Z,115043.575,0.01,0.0008692358525888994670063060888,6.410283003,0.5572047811448835799826283215,17.1415485827,1.490004859697727578441473155,35.88869620412,3.119574144329224817639750851,51.46095678245,4.473170864383343441821935732
2025-08-23T14:32:54.938064Z,115043.575,0.01,0.0008692358525888994670063060888,8.071620152,0.7016141624597462309390159337,20.9173077844,1.818207386583735771424001732,37.71143513040,3.278013146792421914913544716,53.32349174489,4.635069080988660166376088365
2025-08-23T14:32:55.005284Z,115043.575,0.01,0.0008692358525888994670063060888,8.384334487,0.7287964136197958034596890787,19.4650294124,1.691970143695551881102443139,36.78658515836,3.197621871396120991546029407,52.26271631003,4.542862677036070897483844708
2025-08-23T14:32:55.067521Z,115043.575,0.01,0.0008692358525888994670063060888,8.384334487,0.7287964136197958034596890787,19.5705402464,1.701141523670487465293042223,36.84070557566,3.202326212103544243996242293,52.33052362223,4.548756731719263765925215728
2025-08-23T14:32:55.122407Z,115043.575,0.01,0.0008692358525888994670063060888,7.414972505,0.6445359947306922616060914310,18.9678241295,1.648751277896223235413190176,36.67332876962,3.187777220033365618201624906,52.29203278557,4.545410970197162249173845649
2025-08-23T14:32:55.185913Z,115043.575,0.01,0.0008692358525888994670063060888,7.482035558,0.6503653557358592168228429967,18.9671945925,1.648696556283130109612814101,36.67305659120,3.187753561309269118244978044,52.35955587681,4.551280319375506194066031067
2025-08-23T14:32:55.247252Z,115043.575,0.01,0.0008692358525888994670063060888,7.421166730,0.6450744189755925091861931446,18.9671940980,1.648696513299417199091735458,36.6730562834,3.187753534554189575558652450,52.35340279409,4.550745471365089271608605696
2025-08-23T14:32:55.309669Z,115043.575,0.01,0.0008692358525888994670063060888,6.562983300,0.5704780384302208967341287855,17.5728753368,1.527497327582179187320978160,35.83544122652,3.114945030743350943327343574,51.39629830632,4.467550517820747486332896035
2025-08-23T14:32:55.332909Z,115043.575,0.01,0.0008692358525888994670063060888,6.533470846,0.5679127101187528290910639729,17.5662346231,1.526920092938697358805131012,35.83411309002,3.114829584357057749639647412,51.39563425796,4.467492796356511000288368994
2025-08-23T14:32:55.382163Z,115043.575,0.01,0.0008692358525888994670063060888,6.805325194,0.5915432647151307667551186583,17.6346074684,1.532863305786524801580618474,35.8996602648,3.120527179792526440524818531,51.47033694728,4.473986221940686387744817562
2025-08-23T14:32:55.469455Z,115043.575,0.01,0.0008692358525888994670063060888,7.605804342,0.6611237821842723507158048592,17.9035241960,1.556238511885605084855890475,35.99748840768,3.129030752710874988020843407,51.54640091056,4.480597974337984541944215485
2025-08-23T14:32:55.529762Z,115043.575,0.01,0.0008692358525888994670063060888,6.733389898,0.5852903908801512818077845721,17.5973592608,1.529625558037465369100360450,37.19405286154,3.233040425033731783804527980,53.02128126424,4.608799862507749780898237907
2025-08-23T14:32:55.573322Z,115043.575,0.01,0.0008692358525888994670063060888,7.605804342,0.6611237821842723507158048592,17.6425423148,1.533553031084091397542192165,37.10336096398,3.225157160143884610679040529,52.37069885251,4.552248906773802882951090489
2025-08-23T14:32:55.602769Z,115043.575,0.01,0.0008692358525888994670063060888,7.605804342,0.6611237821842723507158048592,17.6425423148,1.533553031084091397542192165,37.18592126498,3.232333597506857727604518549,52.48015182045,4.561762951164374020887302920
2025-08-23T14:32:55.656627Z,115043.575,0.01,0.0008692358525888994670063060888,7.605804342,0.6611237821842723507158048592,17.6425423148,1.533553031084091397542192165,37.10336096398,3.225157160143884610679040529,52.37069885251,4.552248906773802882951090489
2025-08-23T14:32:55.747189Z,115043.575,0.01,0.0008692358525888994670063060888,7.726474160,0.6716128353973700834661996552,18.7286132012,1.627958206375279975435394806,37.59937889876,3.268272817387672453676791598,52.82547690317,4.591779845434219164347074576
2025-08-23T14:32:55.791389Z,115043.575,0.01,0.0008692358525888994670063060888,6.396940200,0.5560449768707205074251213073,17.5784680962,1.527983470280717545503953611,37.19027409664,3.232711961240773333060972766,52.50406401085,4.563841484485335230585454251
2025-08-23T14:32:55.862324Z,115043.575,0.01,0.0008692358525888994670063060888,6.396940200,0.5560449768707205074251213073,17.3234501201,1.505816393492639636763721920,36.93876934812,3.210850266789779437921674461,52.21738728697,4.538922515835412799019849653
2025-08-23T14:32:55.929809Z,115043.575,0.01,0.0008692358525888994670063060888,6.396940200,0.5560449768707205074251213073,17.3234501201,1.505816393492639636763721920,36.93876934812,3.210850266789779437921674461,52.21738728697,4.538922515835412799019849653
2025-08-23T14:32:55.988711Z,115043.575,0.01,0.0008692358525888994670063060888,8.216159446,0.7141780361050149910588227113,17.8517088005,1.551734531937137732376623379,37.17696712732,3.231555271758548880282971039,52.37854280579,4.552930731315503712397671926
2025-08-23T14:32:56.037448Z,115043.575,0.01,0.0008692358525888994670063060888,7.118707761,0.6187836009964050578226554590,17.5416279151,1.524781189657918749482533032,37.0169469442,3.217645743727974378404009090,52.22872540486,4.539908065692499559406077219
2025-08-23T14:32:56.089519Z,115043.575,0.01,0.0008692358525888994670063060888,8.216159446,0.7141780361050149910588227113,17.9096627371,1.556772095886276134934089105,37.35485839420,3.247018218462004505684041895,52.65997153125,4.577393525127326754232037730
2025-08-23T14:32:56.146516Z,115043.575,0.01,0.0008692358525888994670063060888,7.158683707,0.6222584535468408383519027464,17.5779531667,1.527938710762421977933144028,37.19064731062,3.232744402337983672708362896,52.50645080363,4.564048953071042863541053901
2025-08-23T14:32:56.209132Z,115043.575,0.01,0.0008692358525888994670063060888,7.258287725,0.6309163918975918472630913982,17.4963098575,1.520841981614357863965892924,36.72121127904,3.191939339423344589213261149,51.83187105838,4.505412063070884227997956427
2025-08-23T14:32:56.269317Z,115043.575,0.01,0.0008692358525888994670063060888,8.202638445,0.7130027422218059548305935381,17.7803299765,1.545530028643494432435709687,36.49053619626,3.171888234198215763027183396,51.54960314148,4.480876323730377815536417397
2025-08-23T14:32:56.329285Z,115043.575,0.01,0.0008692358525888994670063060888,7.127326427,0.6195327663452739538040259962,17.4790256014,1.519339572105613025325403874,36.33670491282,3.158516667516634457856512195,51.41364961067,4.469058755403767659341253955
2025-08-23T14:32:56.379062Z,115043.575,0.01,0.0008692358525888994670063060888,6.204502989,0.5393176445533790131261133010,17.2380449557,1.498392670403366724304247325,36.3021468849,3.155512759830351238650224491,51.41757055499,4.469399577941662539607274896
2025-08-23T14:32:56.446439Z,115043.575,0.01,0.0008692358525888994670063060888,6.165767109,0.5359505829856208832175112778,17.2321769637,1.497882603500456240168127599,36.25219452722,3.151170721808671192632878455,51.43869366738,4.471235674602427819198073426
2025-08-23T14:32:56.508528Z,115043.575,0.01,0.0008692358525888994670063060888,8.209167796,0.7135702968201396731629732473,18.7167788939,1.626929525955708521749258922,36.98265766674,3.214665196795214335089986555,54.77170956605,4.760953366239705259507104156
2025-08-23T14:32:56.569336Z,115043.575,0.01,0.0008692358525888994670063060888,7.757138445,0.6742782849889704835754626019,17.5821799765,1.528306120224445389496979731,36.49761649726,3.172503679345847866775697817,52.66144206629,4.577521349305252379370164740
2025-08-23T14:32:56.628583Z,115043.575,0.01,0.0008692358525888994670063060888,7.757138445,0.6742782849889704835754626019,17.8635738595,1.552765885404725991868733217,36.58400064378,3.180012499070895528064040082,52.75977573006,4.586068863911782991792457771
2025-08-23T14:32:56.671940Z,115043.575,0.01,0.0008692358525888994670063060888,6.739007013,0.5857786506547627714107458848,17.5518839666,1.525672682424898565608726954,36.43016967566,3.166640959798059126726546876,52.56525093633,4.569160071419025356261746908
2025-08-23T14:32:56.738702Z,115043.575,0.01,0.0008692358525888994670063060888,6.831233079,0.5937952709658057827218947255,17.5611073924,1.526474415663803910822486175,36.58100521802,3.179752125924459492848687986,54.15240170943,4.707120906963296298815470573
2025-08-23T14:32:56.800002Z,115043.575,0.01,0.0008692358525888994670063060888,6.879190241,0.5979638794256871798359882332,17.2917238319,1.503058630775338822702615074,36.41021664566,3.164906570893680937853330792,52.10484560261,4.529139989139767257754290059
2025-08-23T14:32:56.856149Z,115043.575,0.01,0.0008692358525888994670063060888,6.845943529,0.5950739560205774203383370171,17.3044936840,1.504168632103096587532159010,36.29091942762,3.154536828990232614033421684,53.52456209360,4.652546836587788583586697475
2025-08-23T14:32:56.903082Z,115043.575,0.01,0.0008692358525888994670063060888,6.864388817,0.5966772865846701999655347984,18.0954628834,1.572922510744298410406665474,37.1019266162,3.225032481492338881158726161,53.35599776379,4.637894620693941404376559056
2025-08-23T14:32:56.979923Z,115043.575,0.01,0.0008692358525888994670063060888,7.757092937,0.6742743292704525220117681496,17.2499825647,1.499430330177065516261990294,36.61049520384,3.182315501221167718405830139,52.66674072441,4.577981927666103908888436403
2025-08-23T14:32:57.039783Z,115043.575,0.01,0.0008692358525888994670063060888,7.757092937,0.6742743292704525220117681496,17.2499825647,1.499430330177065516261990294,36.65652570344,3.186316637277657617993877537,52.75660865772,4.585793570629215929703158129
2025-08-23T14:32:57.087275Z,115043.575,0.01,0.0008692358525888994670063060888,7.141422983,0.6207580895325966704355284509,16.9949369374,1.477260849847546896904064395,36.55962793484,3.177893935827359328845613499,52.68102884916,4.579223902696000189493415864
2025-08-23T14:32:57.146488Z,115043.575,0.01,0.0008692358525888994670063060888,6.921396963,0.6016326390239524458449765665,16.9775438473,1.475748980097323992235116129,36.39693271592,3.163751884094352944090967270,52.47185967619,4.561042168255810896001797580
2025-08-23T14:32:57.209375Z,115043.575,0.01,0.0008692358525888994670063060888,6.945749183,0.6037494212953656907828185972,16.9823977573,1.476170899357047970736305787,36.53751911192,3.175972157673299008658241019,52.64680294686,4.576248864559363701971187874
2025-08-23T14:32:57.269550Z,115043.575,0.01,0.0008692358525888994670063060888,6.945749183,0.6037494212953656907828185972,16.9823977573,1.476170899357047970736305787,36.39631757592,3.163698413920116790529153845,52.47182716539,4.561039342300515261282518385
2025-08-23T14:32:57.329879Z,115043.575,0.01,0.0008692358525888994670063060888,7.217953771,0.6274104200082447020618057114,17.0093002164,1.478509357554300620438820682,36.40149534634,3.164148484288670618937215746,52.47493124621,4.561309160134323016300562635
2025-08-23T14:32:57.378108Z,115043.575,0.01,0.0008692358525888994670063060888,7.256687713,0.6307773131180946002416910288,17.0094847706,1.478525399667039206665822059,36.40153245000,3.164151709471824045801775545,52.47494992797,4.561310784019881162420413309
2025-08-23T14:32:57.417824Z,115043.575,0.01,0.0008692358525888994670063060888,7.256687713,0.6307773131180946002416910288,17.0094847706,1.478525399667039206665822059,36.40153245000,3.164151709471824045801775545,52.47494992797,4.561310784019881162420413309
2025-08-23T14:32:57.477524Z,115043.575,0.01,0.0008692358525888994670063060888,7.189636626,0.6249489922405488529020416829,17.0032840448,1.477986410349295908093954834,36.39920441664,3.163949348465570545769287855,52.47327105057,4.561164849977063038939810415
2025-08-23T14:32:57.504660Z,115043.575,0.01,0.0008692358525888994670063060888,7.189636626,0.6249489922405488529020416829,17.0032840448,1.477986410349295908093954834,36.39920441664,3.163949348465570545769287855,52.47327105057,4.561164849977063038939810415
2025-08-23T14:32:57.592141Z,115043.575,0.01,0.0008692358525888994670063060888,7.182628394,0.6243398115887827720930960290,17.0065795216,1.478272865007889401907059999,36.39986351200,3.164006639397289244531908888,52.47360059825,4.561193495442922388321120932
2025-08-23T14:32:57.671391Z,115043.575,0.01,0.0008692358525888994670063060888,7.182628394,0.6243398115887827720930960290,17.0065795216,1.478272865007889401907059999,36.39986351200,3.164006639397289244531908888,52.47360059825,4.561193495442922388321120932
2025-08-23T14:32:57.717123Z,115043.575,0.01,0.0008692358525888994670063060888,7.166027771,0.6228968259200915826894287664,17.0065793791,1.478272852621278502515242594,36.39986340542,3.164006630132973527639418368,52.47360049834,4.561193486758386985105426357
2025-08-23T14:32:57.796683Z,115043.575,0.01,0.0008692358525888994670063060888,6.926001775,0.6020329057924356053782229907,17.0222805021,1.479637650525029320411852639,35.96712414534,3.126391382164540696862036841,52.02822897380,4.522480197073152498955287160
2025-08-23T14:32:57.849156Z,115043.575,0.01,0.0008692358525888994670063060888,6.924157349,0.6018725816717708920293897334,16.8352490625,1.463380207238865794982466426,35.79847480544,3.111731776888887536744229306,51.85400046065,4.507335630055828845722153541
2025-08-23T14:32:57.909733Z,115043.575,0.01,0.0008692358525888994670063060888,7.581917225,0.6590474283331337712688431318,17.0960168341,1.486047076866309135473232643,35.90614474996,3.121090834491191707142271961,51.93067185203,4.514000182281365995449984930
2025-08-23T14:32:57.965912Z,115043.575,0.01,0.0008692358525888994670063060888,6.533263421,0.5678946799940805038438695946,17.9107400575,1.556865740437916676355024607,36.71428737784,3.191337489107062258800632717,53.20502534367,4.624771556661899632378427044
2025-08-23T14:32:58.007239Z,115043.575,0.01,0.0008692358525888994670063060888,6.476082586,0.5629243168077834855184220414,17.9083416310,1.556657260607556745346274227,36.71380751914,3.191295778068440588707365883,53.20478527843,4.624750689330542796501238770
2025-08-23T14:32:58.087121Z,115043.575,0.01,0.0008692358525888994670063060888,7.596552518,0.6603195804720081064935612441,17.8371451596,1.550468608055686725660255255,36.61612834344,3.182805153911463547616631350,53.05128280960,4.611407704393748194977424858
2025-08-23T14:32:58.111590Z,115043.575,0.01,0.0008692358525888994670063060888,6.510173235,0.5658875982426658768210219476,17.4609524988,1.517768593230869259756574846,36.46240764246,3.169443199453772190233135575,52.90519603855,4.598709318495187584356623132
2025-08-23T14:32:58.194247Z,115043.575,0.01,0.0008692358525888994670063060888,7.676937526,0.6673069335684326569302110092,17.7575144460,1.543546820932850878460618074,36.56762760720,3.178589296029786974196516407,52.97553650539,4.604823564061704445467728206
2025-08-23T14:32:58.258897Z,115043.575,0.01,0.0008692358525888994670063060888,6.660650535,0.5789676246587434369976767499,18.0169615192,1.566098890720320539413000683,36.68799400902,3.189051975220693550248242894,53.17652019530,4.622293786967242629586224176
2025-08-23T14:32:58.307663Z,115043.575,0.01,0.0008692358525888994670063060888,6.599781062,0.5736766318327642373770112759,17.9239000464,1.558009653855071871679926497,36.63630786816,3.184559230548946344895836208,53.09315900085,4.615047733074185151148162772
2025-08-23T14:32:58.366955Z,115043.575,0.01,0.0008692358525888994670063060888,6.581335414,0.5720732699761807645494326824,17.9242687176,1.558041700077557568947244555,36.63638151864,3.184565632512723983064677884,53.06321953663,4.612445287503452496152001535
2025-08-23T14:32:58.417206Z,115043.575,0.01,0.0008692358525888994670063060888,7.328818222,0.6370471555669232288721903853,17.6938878115,1.538016165744153899946172570,36.54667695494,3.176768190221835508849581561,52.90650590001,4.598823176349483228420187742
2025-08-23T14:32:58.476620Z,115043.575,0.01,0.0008692358525888994670063060888,7.255037206,0.6306338451321597055724320111,16.7159867215,1.453013496972777488877583994,35.82528744696,3.114062427820067309278245221,51.99387820698,4.519494305264765981064131569
2025-08-23T14:32:58.535785Z,115043.575,0.01,0.0008692358525888994670063060888,7.266104446,0.6315958493118803027461550982,16.7170935479,1.453109706291724679105286845,35.82528751064,3.114062433355361218564357027,51.99387827425,4.519494311112115561429658284
2025-08-23T14:32:58.585838Z,115043.575,0.01,0.0008692358525888994670063060888,7.256881651,0.6307941709043725388401742557,16.7161711660,1.453029529549998772204358218,35.82510301038,3.114046395931280821201879375,51.99378601280,4.519486291416100377617785261
2025-08-23T14:32:58.616088Z,115043.575,0.01,0.0008692358525888994670063060888,7.273482788,0.6322372012517865513132741224,16.7178314845,1.453173850386690434472329289,35.82543512184,3.114075264250089585620057443,51.99395209117,4.519500727543454730088142689
2025-08-23T14:32:58.689595Z,115043.575,0.01,0.0008692358525888994670063060888,7.273482788,0.6322372012517865513132741224,16.7178314845,1.453173850386690434472329289,35.82543512184,3.114075264250089585620057443,51.99395209117,4.519500727543454730088142689
2025-08-23T14:32:58.714685Z,115043.575,0.01,0.0008692358525888994670063060888,7.242125508,0.6295115140502196667653973723,16.7146954493,1.452901254963608354486549988,35.82543492810,3.114075247409514177562719170,51.99395188801,4.519500709884059148892061117
2025-08-23T14:32:58.808962Z,115043.575,0.01,0.0008692358525888994670063060888,8.536109771,0.7419892654587620386449221523,17.0329608668,1.480566026116625808959778936,36.06589130320,3.134976577631562649196185011,52.06727057514,4.525873833035873580945307028
2025-08-23T14:32:58.869502Z,115043.575,0.01,0.0008692358525888994670063060888,10.819585160,0.9404771331210804253953338985,18.7488978008,1.629721416498053020344682439,36.63412068388,3.184369112649706861074162551,52.58592297403,4.570956959050516293500093334
2025-08-23T14:32:58.926504Z,115043.575,0.01,0.0008692358525888994670063060888,9.833465934,0.8547601145044388615357267887,18.2095735732,1.582841421018079453806959667,31.66127593020,2.752111617723979805043436802,49.77348593298,4.326489848127546453593779574
2025-08-23T14:32:58.989829Z,115043.575,0.01,0.0008692358525888994670063060888,10.362256188,0.9007244592320779322095997104,18.7780480750,1.632255262842796740278629206,31.73255667272,2.758307595423734006875220976,49.85996606581,4.334007011326795086122801730
2025-08-23T14:32:59.014723Z,115043.575,0.01,0.0008692358525888994670063060888,10.362256188,0.9007244592320779322095997104,18.7780480750,1.632255262842796740278629206,31.73255667272,2.758307595423734006875220976,49.85996606581,4.334007011326795086122801730
2025-08-23T14:32:59.096845Z,115043.575,0.01,0.0008692358525888994670063060888,10.256095357,0.8914965791874948253303150567,19.9405653922,1.733305435979366948567097293,32.64926077238,2.837990802387703963476447946,50.91936275279,4.426093569570486661249878579
2025-08-23T14:32:59.149336Z,115043.575,0.01,0.0008692358525888994670063060888,10.878875246,0.9456308399665083425997497035,18.6022670185,1.616975743191221239430363669,31.70989684448,2.756337921911762564749921932,50.00242338360,4.346389912135466930682569626
2025-08-23T14:32:59.209865Z,115043.575,0.01,0.0008692358525888994670063060888,9.876179287,0.8584729122856274242173020093,18.3041394499,1.591061426063993578085521073,31.64310642180,2.750532258911460287982184142,49.92682585648,4.339818704041490365715773349
2025-08-23T14:32:59.268391Z,115043.575,0.01,0.0008692358525888994670063060888,9.824121441,0.8539478576704522612410123729,18.1578829907,1.578348290263059019158610118,31.72267754668,2.757448866369112747061276564,49.92651477472,4.339791663699602520175507411
2025-08-23T14:32:59.329253Z,115043.575,0.01,0.0008692358525888994670063060888,8.564658896,0.7444708577597662450945217932,17.9254768618,1.558146716302931302334789231,31.71394925972,2.756690172373381129715414355,49.95948650718,4.342657684897222639334704263
2025-08-23T14:32:59.380041Z,115043.575,0.01,0.0008692358525888994670063060888,8.564658896,0.7444708577597662450945217932,17.9254768618,1.558146716302931302334789231,31.65789317648,2.751817576642589557913164642,49.89355327071,4.336926531595528042309185889
2025-08-23T14:32:59.437235Z,115043.575,0.01,0.0008692358525888994670063060888,8.688421617,0.7552287571904819543377368097,17.9530349506,1.560542164184310162475392476,31.66396525416,2.752345383404505640580101931,49.89924669080,4.337421424082135834182830288
2025-08-23T14:32:59.483755Z,115043.575,0.01,0.0008692358525888994670063060888,8.688421617,0.7552287571904819543377368097,17.9530349506,1.560542164184310162475392476,31.80516612264,2.764619069134456226694971883,50.10061287760,4.354924894988703193550791515
2025-08-23T14:32:59.557774Z,115043.575,0.01,0.0008692358525888994670063060888,8.743755749,0.7600385983311106248219424683,17.9469112891,1.560009873571818330576044773,31.67497647780,2.753302518441381885081370255,49.85942072586,4.333959608423156182342212505
2025-08-23T14:32:59.615463Z,115043.575,0.01,0.0008692358525888994670063060888,8.809303384,0.7657362337705517235534448577,18.0786312842,1.571459447796193746586891098,31.73546510556,2.758560406833671502298150940,50.28393379779,4.370859806624576817957891173
2025-08-23T14:32:59.676955Z,115043.575,0.01,0.0008692358525888994670063060888,9.555700203,0.8306157213038624712418750895,18.1418989318,1.576958898556481750501929378,31.84927997610,2.768453603436784713965990713,50.41045126326,4.381857158321097027800118346
2025-08-23T14:32:59.719190Z,115043.575,0.01,0.0008692358525888994670063060888,8.684649723,0.7549008906407854589011163813,17.9243427022,1.558048131084243513816395222,31.68430652226,2.754113519356469928894334169,50.11161820545,4.355881517542374704541300981
2025-08-23T14:32:59.786263Z,115043.575,0.01,0.0008692358525888994670063060888,9.055711502,0.7871549108240073380890675555,18.0501652363,1.568985076854574451463282500,31.73590980900,2.758599062051053263948030127,50.14993952104,4.359212543685294898041894126
2025-08-23T14:32:59.842032Z,115043.575,0.01,0.0008692358525888994670063060888,9.066778461,0.7881168905782004775147156197,18.1509960577,1.577749653355261256441309304,31.85972244310,2.769361300107372358691043807,50.18072493510,4.361888522249069537347044370
2025-08-23T14:32:59.898872Z,115043.575,0.01,0.0008692358525888994670063060888,8.987465104,0.7812226892288422017483375321,18.1563197706,1.578212409567418258690239763,31.86406309938,2.769738605513606474764018764,50.18758836833,4.362485116472606140760142407
2025-08-23T14:32:59.967131Z,115043.575,0.01,0.0008692358525888994670063060888,8.984712214,0.7809833981602188562029648331,18.1484204551,1.577525772743067137821473298,31.86139670974,2.769506833366400513892236051,50.18061455434,4.361878927557666736277971195
2025-08-23T14:33:00.039140Z,115043.575,0.01,0.0008692358525888994670063060888,9.107357415,0.7916441587459360507529429610,18.1781111496,1.580106594357833542638083005,31.98817153398,2.780526555609906941782711464,50.33724309211,4.375493641614492595523044203
2025-08-23T14:33:00.094288Z,115043.575,0.01,0.0008692358525888994670063060888,8.821633640,0.7668080238292316628720899885,18.0627358104,1.570077756224108995222027827,31.93065974086,2.775527424357248981527216970,50.10574204369,4.355370740494634315736450297
2025-08-23T14:33:00.159957Z,115043.575,0.01,0.0008692358525888994670063060888,9.717975461,0.8447212685280338341363261703,18.4238736538,1.601469152345100541251434511,32.12160992214,2.792125498719941552581271922,50.30691040405,4.372857015617777872427903949
2025-08-23T14:33:00.210323Z,115043.575,0.01,0.0008692358525888994670063060888,10.083018918,0.8764521545857732602624701119,18.5279650553,1.610517150158103136137763452,32.15696232306,2.795198456155417631971190047,50.32207878825,4.374175505955026171604976636
2025-08-23T14:33:00.269897Z,115043.575,0.01,0.0008692358525888994670063060888,11.257891526,0.9785762938955956471276209906,18.6326703169,1.619618506891845111732663037,32.09190579324,2.789543509338961345733562261,50.99520422660,4.432685982385370065212246751
2025-08-23T14:33:00.326864Z,115043.575,0.01,0.0008692358525888994670063060888,8.663908914,0.7530980251613356069645784217,18.2611494417,1.587324580420940500153963400,31.96585982474,2.778587141849512239166767896,49.92797107850,4.339918250845386193883491538
2025-08-23T14:33:00.340132Z,115043.575,0.01,0.0008692358525888994670063060888,9.477600791,0.8238270404062112986318444989,18.3576698893,1.595714483777125319688648410,31.99139131678,2.780806430674637849180191071,49.94368884280,4.341284495270596380545371612
2025-08-23T14:33:00.411644Z,115043.575,0.01,0.0008692358525888994670063060888,9.477600791,0.8238270404062112986318444989,18.2077582123,1.582683623340112648620316258,31.8789358327,2.771031396816380228100526257,49.76418762532,4.325681605888899054119276109
2025-08-23T14:33:00.499317Z,115043.575,0.01,0.0008692358525888994670063060888,9.799902596,0.8518426688322229207498115388,18.2929316014,1.590087199689335106284727330,31.94866596326,2.777092589765225915484632671,49.79675699319,4.328512652113775149981213640
2025-08-23T14:33:00.554260Z,115043.575,0.01,0.0008692358525888994670063060888,9.304406848,0.8087724019355274729597024432,18.0308513925,1.567306248306348268471316195,31.79218306732,2.763490535418427321995165745,49.61443805140,4.312664836032781491708685166
2025-08-23T14:33:00.617834Z,115043.575,0.01,0.0008692358525888994670063060888,9.174070196,0.7974430728530472040702838033,18.1257143529,1.575552076932588369233136227,31.8560618398,2.769043107344325834797814654,49.68779857224,4.319041595520653804438883267
2025-08-23T14:33:00.661941Z,115043.575,0.01,0.0008692358525888994670063060888,9.092087506,0.7903168435090790598258094813,18.2125480056,1.583099969346397658452460296,31.8958086480,2.772498042415667280854232842,50.05195611564,4.350695474792051620440341844
2025-08-23T14:33:00.728602Z,115043.575,0.01,0.0008692358525888994670063060888,10.457740459,0.9090242944032293850395382793,18.4660921632,1.605138936546434687899780583,32.02559596352,2.783779621201792451251623570,50.19762039194,4.363357135932189172667834775
2025-08-23T14:33:00.774899Z,115043.575,0.01,0.0008692358525888994670063060888,10.457740459,0.9090242944032293850395382793,18.4338126257,1.602333083416435902656884576,31.98413059192,2.780175302438228297408177727,50.02282380566,4.348163189961716679962353395
2025-08-23T14:33:00.844381Z,115043.575,0.01,0.0008692358525888994670063060888,9.320805426,0.8101978251284350299440885769,18.2124869762,1.583094664452143459554347125,31.89579735626,2.772497060897142669636266084,49.95779096191,4.342510302023385486760125457
2025-08-23T14:33:00.855440Z,115043.575,0.01,0.0008692358525888994670063060888,9.320805426,0.8101978251284350299440885769,18.2124869762,1.583094664452143459554347125,31.89579735626,2.772497060897142669636266084,49.95779096191,4.342510302023385486760125457
2025-08-23T14:33:00.955662Z,115043.575,0.01,0.0008692358525888994670063060888,9.320805426,0.8101978251284350299440885769,18.2134092314,1.583174830180651114153919504,31.89598178832,2.772513092393034552342449372,49.95788314666,4.342518315052361681215139568
2025-08-23T14:33:00.998670Z,115043.575,0.01,0.0008692358525888994670063060888,8.720387818,0.7580073739885082674108484546,18.0386036244,1.567980100096854604874718123,31.82214220590,2.766094691155068851085338751,49.90253377733,4.337707149428379637889382349
2025-08-23T14:33:01.069772Z,115043.575,0.01,0.0008692358525888994670063060888,9.664029828,0.8400321206986135470842243906,18.2922084759,1.590024343028282978862574464,31.95191600610,2.777375095141123700302255037,49.84164227602,4.332414241822718044010715070
2025-08-23T14:33:01.113618Z,115043.575,0.01,0.0008692358525888994670063060888,8.749352097,0.7605250529636270430573806490,18.0859535020,1.572095921219416208162863506,31.94913638158,2.777133480212171779258424471,49.80665388560,4.329372925484973845779740416
2025-08-23T14:33:01.179907Z,115043.575,0.01,0.0008692358525888994670063060888,8.932414592,0.7764375013554646576308151064,18.0801536223,1.571591774881821953116460437,32.36048160956,2.812889082207328831705725418,51.26368049356,4.456022902066456123255905425
2025-08-23T14:33:01.220634Z,115043.575,0.01,0.0008692358525888994670063060888,10.288631528,0.8943247398214111479063476600,18.4189358361,1.601039939527261735390264080,32.52817030940,2.827465185204823476669601062,50.12679881168,4.357201070262289745429068942
2025-08-23T14:33:01.289379Z,115043.575,0.01,0.0008692358525888994670063060888,7.706546908,0.6698806872091726982580296205,18.4255965916,1.601618916275854605526645013,32.71689661494,2.843869952315024980751858589,50.57459139121,4.396124806727363957526528535
2025-08-23T14:33:01.334519Z,115043.575,0.01,0.0008692358525888994670063060888,7.662428328,0.6660457420590415414333221129,18.4246890803,1.601540032139995649474557793,32.63415479704,2.836677736852318784425814306,51.66595830022,4.490990331291425879280959410
2025-08-23T14:33:01.399819Z,115043.575,0.01,0.0008692358525888994670063060888,8.418092320,0.7317307654947266720457878678,18.6185291298,1.618389304209296347058060391,32.72880337796,2.844904930845551348695483429,52.11911738548,4.530380543674864067810827332
2025-08-23T14:33:01.446217Z,115043.575,0.01,0.0008692358525888994670063060888,9.233104486,0.8025745449930602382618933739,18.7337683588,1.628406311156446589911692157,32.74373088486,2.846202483264276166661197724,51.81753299643,4.504165747320526157153930587
2025-08-23T14:33:01.509413Z,115043.575,0.01,0.0008692358525888994670063060888,7.534698873,0.6549430398872774946362715171,18.2202148053,1.583766395063783440318157707,32.56476928276,2.830646499186069278532069262,51.98517143421,4.518737481359563104675771767
2025-08-23T14:33:01.569540Z,115043.575,0.01,0.0008692358525888994670063060888,6.510829264,0.5659446226353796811338660156,18.2146974862,1.583286809906594088370428336,32.56676626814,2.830820084315008465270659400,49.45369027408,4.298692062905729416006065528
2025-08-23T14:33:01.620111Z,115043.575,0.01,0.0008692358525888994670063060888,6.359314262,0.5527743954410318003417400754,18.2210086182,1.583835396127076196997528980,32.60252706944,2.833928541375735237713188242,49.52852974166,4.305197377746649476078955300
2025-08-23T14:33:01.676605Z,115043.575,0.01,0.0008692358525888994670063060888,6.200425786,0.5389632394507907112587556498,17.7367189385,1.541739200863672743132330510,32.29920413620,2.807562624527271514293605705,48.98653358710,4.258085128795762822912970151
2025-08-23T14:33:01.736248Z,115043.575,0.01,0.0008692358525888994670063060888,8.581430002,0.7459286624220431258329724194,18.3126489858,1.591801105433310812881119176,32.54888212780,2.829265530717382522231250202,49.22616554107,4.278914797377428509154031418
2025-08-23T14:33:01.798527Z,115043.575,0.01,0.0008692358525888994670063060888,8.581430002,0.7459286624220431258329724194,18.3187385858,1.592330435298103349100547336,32.55423474780,2.829730799638310961737758932,49.23155622107,4.279383374610011902011911574
2025-08-23T14:33:01.859131Z,115043.575,0.01,0.0008692358525888994670063060888,7.575835114,0.6585187494390712388762258127,17.9147539843,1.557214645346339419650336840,32.22931219868,2.801487366737342785114249101,48.80010187302,4.241879815801968949591491746
2025-08-23T14:33:01.893845Z,115043.575,0.01,0.0008692358525888994670063060888,8.037705674,0.6986661944398024835372162244,18.0008926054,1.564702123121608486175781655,32.24833568926,2.803140956742695104876565249,48.81038203743,4.242773404549536990657670365
2025-08-23T14:33:01.969686Z,115043.575,0.01,0.0008692358525888994670063060888,9.516544985,0.8272122093737090489408035173,18.2613240034,1.587339753949753386923172372,32.37763218008,2.814379871286162656193533624,48.95489822687,4.255335269863614721639170201
2025-08-23T14:33:02.005100Z,115043.575,0.01,0.0008692358525888994670063060888,8.026638547,0.6977042000824470206180571144,17.9997858146,1.564605916897140931164560907,32.43643199784,2.819490962258431207479426817,49.00128394656,4.259367282923883406787384693
2025-08-23T14:33:02.079347Z,115043.575,0.01,0.0008692358525888994670063060888,10.023523979,0.8712806411831343036758028425,18.3578731128,1.595732148692354179709731726,32.38611559554,2.815117280173186551269812330,48.81165591473,4.242884134531632905183970509
2025-08-23T14:33:02.139768Z,115043.575,0.01,0.0008692358525888994670063060888,9.631747801,0.8372260511723492598348060724,18.4154461545,1.600736603891177755906837909,32.48995413060,2.824143297928632694176967293,48.65152932524,4.228965357277883619315550651
2025-08-23T14:33:02.187115Z,115043.575,0.01,0.0008692358525888994670063060888,8.012775865,0.6964992060617031416139493231,18.1400997162,1.576802504285876025671142435,32.35745301316,2.812625825749938664545151696,48.51467047118,4.217069095008565232782447868
2025-08-23T14:33:02.249366Z,115043.575,0.01,0.0008692358525888994670063060888,8.183669274,0.7113538738690969921614483903,18.0072766450,1.565257046732075215847560370,32.28176460338,2.806046717809317034871352007,48.41788407757,4.208656074671705916649408713
2025-08-23T14:33:02.299631Z,115043.575,0.01,0.0008692358525888994670063060888,8.181824871,0.7111935517476747397670839071,17.9934398800,1.564054305509890491494201219,32.34779082190,2.811785953444162353264838997,48.49800574579,4.215620537330311579764450122
2025-08-23T14:33:02.362742Z,115043.575,0.01,0.0008692358525888994670063060888,8.218714545,0.7144001344707863955027475459,18.0046918064,1.565032363293647646120176637,32.30249091654,2.807848323258382747580644986,48.44261229787,4.210805540237253579784877165
2025-08-23T14:33:02.424212Z,115043.575,0.01,0.0008692358525888994670063060888,8.732421018,0.7590533428746455419174864828,18.0258676225,1.566873041149842570521647993,32.27694012234,2.805627356620306696832048204,48.38957601646,4.206195436508296964867442619
2025-08-23T14:33:02.488367Z,115043.575,0.01,0.0008692358525888994670063060888,8.584455393,0.7461916402545731041477109869,18.0274986201,1.567014813308783215403380849,32.26536761336,2.804621432649324397299023435,48.36627384384,4.204169928119845023939841925
2025-08-23T14:33:02.540057Z,115043.575,0.01,0.0008692358525888994670063060888,8.242189795,0.7164406873656351517240315246,17.9780148093,1.562713503061774636262824760,32.27492985622,2.805452617081831818943387321,48.40495992370,4.207532660880887959192853664
2025-08-23T14:33:02.609873Z,115043.575,0.01,0.0008692358525888994670063060888,9.333222200,0.8112771356418643979031423528,18.2925796325,1.590056605290647478574966051,32.41394919216,2.817536676182046672315250982,48.52131163024,4.217646368364334992197521678
2025-08-23T14:33:02.646793Z,115043.575,0.01,0.0008692358525888994670063060888,9.333222200,0.8112771356418643979031423528,18.2925796325,1.590056605290647478574966051,32.41394919216,2.817536676182046672315250982,48.52131163024,4.217646368364334992197521678
2025-08-23T14:33:02.718488Z,115043.575,0.01,0.0008692358525888994670063060888,6.582300281,0.5721571396751187539156358797,17.9781570968,1.562725871201412160566115926,32.33544104592,2.810712466638836632119612069,48.52461486377,4.217933497265709971200043114
2025-08-23T14:33:02.779675Z,115043.575,0.01,0.0008692358525888994670063060888,5.916346181,0.5142700216852614324615694531,16.3199028675,1.418584468319938771026543638,31.71594754814,2.756863870767228852197960642,47.91405269618,4.164861244635347954025246521
2025-08-23T14:33:02.839481Z,115043.575,0.01,0.0008692358525888994670063060888,5.873879377,0.5105786548270948638374633264,16.3101628887,1.417737834442297190434146366,31.71368649602,2.756667332010501238335126494,47.91225259432,4.164704773327845557650655415
2025-08-23T14:33:02.863153Z,115043.575,0.01,0.0008692358525888994670063060888,5.873879377,0.5105786548270948638374633264,16.1602507977,1.404706938018920222185376280,31.60123070138,2.746892271157254979254599833,47.75360649454,4.150914685547628366034348289
2025-08-23T14:33:02.946940Z,115043.575,0.01,0.0008692358525888994670063060888,5.979059313,0.5197212719615154518624790650,16.1762626932,1.406098749382570908457947347,31.60349199674,2.747088831057275471489824616,47.75540690942,4.151071184063951420146670512
2025-08-23T14:33:02.989935Z,115043.575,0.01,0.0008692358525888994670063060888,6.010415933,0.5224469017935160655429909928,16.1793987173,1.406371343840801192070048240,31.6034921537,2.747088844700801413725190651,47.75540710274,4.151071200868018922395275008
2025-08-23T14:33:03.006851Z,115043.575,0.01,0.0008692358525888994670063060888,6.010415933,0.5224469017935160655429909928,16.1793987173,1.406371343840801192070048240,31.6034921537,2.747088844700801413725190651,47.75540710274,4.151071200868018922395275008
2025-08-23T14:33:03.096293Z,115043.575,0.01,0.0008692358525888994670063060888,5.979059313,0.5197212719615154518624790650,16.1868199654,1.407016425332748917095109397,31.61335276328,2.747945964238333170713792578,47.76510684838,4.151914337535147008427024282
2025-08-23T14:33:03.148842Z,115043.575,0.01,0.0008692358525888994670063060888,5.979059313,0.5197212719615154518624790650,16.1868199654,1.407016425332748917095109397,31.61335276328,2.747945964238333170713792578,47.76510684838,4.151914337535147008427024282
2025-08-23T14:33:03.217345Z,115043.575,0.01,0.0008692358525888994670063060888,5.886833723,0.5117046930260990237829448537,16.1775964408,1.406214683505793348303023441,31.61335235984,2.747945929169881933867232481,47.76510634042,4.151914293381442640321286956
2025-08-23T14:33:03.286998Z,115043.575,0.01,0.0008692358525888994670063060888,6.444447653,0.5601744950119987144001740210,17.1068962509,1.486992754780090935108718588,32.15047067010,2.794634178405877946682376656,48.39999796226,4.207101349402606794860121480
2025-08-23T14:33:03.349520Z,115043.575,0.01,0.0008692358525888994670063060888,5.530930691,0.4807683254801495867978720237,16.7963958948,1.460002950603716895967462764,31.94044015450,2.776377572976152731693186690,48.16453098083,4.186633715166622734037950403
2025-08-23T14:33:03.397278Z,115043.575,0.01,0.0008692358525888994670063060888,5.571510521,0.4842956697929458468236926747,16.7522491470,1.456165557007420883782514582,31.89665995926,2.772572041442557743880959888,48.10024563019,4.181045802009369058637129453
2025-08-23T14:33:03.502116Z,115043.575,0.01,0.0008692358525888994670063060888,6.397437461,0.5560882005796499282989076096,17.0158931687,1.479082440605657465008367482,31.98287806970,2.780066428716249473297400572,48.16542008292,4.186710999107946706280641922
2025-08-23T14:33:03.577307Z,115043.575,0.01,0.0008692358525888994670063060888,6.397437461,0.5560882005796499282989076096,17.0124158687,1.478780181222636726996705379,31.97889906970,2.779720559770504350199478763,48.15935297292,4.186183624154586642496115059
2025-08-23T14:33:03.581345Z,115043.575,0.01,0.0008692358525888994670063060888,6.397437461,0.5560882005796499282989076096,17.0124158687,1.478780181222636726996705379,31.97889906970,2.779720559770504350199478763,48.15935297292,4.186183624154586642496115059
2025-08-23T14:33:03.680671Z,115043.575,0.01,0.0008692358525888994670063060888,5.661367503,0.4921063608289293861043521987,16.7577579073,1.456644398203028721942968132,31.89543738986,2.772465771327081933954156067,48.10795097634,4.181715578322387843041212862
2025-08-23T14:33:03.749769Z,115043.575,0.01,0.0008692358525888994670063060888,5.661367503,0.4921063608289293861043521987,17.5863141073,1.528665473695510592399445167,32.52274222986,2.826993357070136250546803679,48.98324171634,4.257798987587094716067368386
2025-08-23T14:33:03.800002Z,115043.575,0.01,0.0008692358525888994670063060888,5.500830103,0.4781518744527888671748943824,17.5584257694,1.526241319378331210586944990,32.53465729444,2.828029057202021060280854450,49.02612959700,4.261526955938217323305538793
2025-08-23T14:33:03.816792Z,115043.575,0.01,0.0008692358525888994670063060888,5.500830103,0.4781518744527888671748943824,17.5584257694,1.526241319378331210586944990,32.53465729444,2.828029057202021060280854450,49.02612959700,4.261526955938217323305538793
2025-08-23T14:33:03.909809Z,115043.575,0.01,0.0008692358525888994670063060888,5.348582085,0.4649179308796688559095977329,14.6041615182,1.269446078861857344054198594,31.17727647252,2.710040649599075828441527482,47.87360203071,4.161345127766587573447713182
2025-08-23T14:33:03.967391Z,115043.575,0.01,0.0008692358525888994670063060888,4.968441285,0.4318747296404862244588626527,14.5718033413,1.266633390113267950861228017,31.15521154826,2.708122687273930769275902631,47.81698883707,4.156424106002442987363701102
2025-08-23T14:33:04.030010Z,115043.575,0.01,0.0008692358525888994670063060888,4.951718900,0.4304211599822067420975052279,14.6088059994,1.269849793819428855544518675,31.18054625700,2.710324870989101303571277231,47.84908870561,4.159214341662278836519118951
2025-08-23T14:33:04.089744Z,115043.575,0.01,0.0008692358525888994670063060888,6.943182715,0.6035263346953534780190897232,15.1544965637,1.317283174110331672151182715,31.43572719982,2.732506113428759493956963698,48.07352908263,4.178723503909714210463296190
2025-08-23T14:33:04.146453Z,115043.575,0.01,0.0008692358525888994670063060888,5.972993599,0.5191940183534804094883177961,14.8657346045,1.292182949330286371924725044,31.32513292140,2.722892862239373211411415196,48.00244086604,4.172544261254050910709268206
2025-08-23T14:33:04.209581Z,115043.575,0.01,0.0008692358525888994670063060888,5.231087795,0.4547049059454211154338692969,14.6500650801,1.273436181038358726247858692,31.18844125154,2.711011132220117464186939601,47.85385219942,4.159628401622602566027698635
2025-08-23T14:33:04.230225Z,115043.575,0.01,0.0008692358525888994670063060888,5.231087795,0.4547049059454211154338692969,14.6500650801,1.273436181038358726247858692,31.18606077154,2.710804212363880381846617684,47.84858434942,4.159170501213996522621971718
2025-08-23T14:33:04.309233Z,115043.575,0.01,0.0008692358525888994670063060888,5.231087795,0.4547049059454211154338692969,14.6500650801,1.273436181038358726247858692,31.18606077154,2.710804212363880381846617684,47.84858434942,4.159170501213996522621971718
2025-08-23T14:33:04.362726Z,115043.575,0.01,0.0008692358525888994670063060888,6.110126539,0.5311141051553726490158185714,14.8927697801,1.294532943721542033094851234,31.27390116818,2.718439614570392131850909536,47.90198476329,4.163812256641885476872567634
2025-08-23T14:33:04.397933Z,115043.575,0.01,0.0008692358525888994670063060888,5.339126539,0.4640960209207685001096323719,14.5816607006,1.267490227124809012585013983,31.1566274399,2.708245761651617658787116099,47.84383841568,4.158757967637914590188978394
2025-08-23T14:33:04.478728Z,115043.575,0.01,0.0008692358525888994670063060888,5.339126539,0.4640960209207685001096323719,14.5967463006,1.268801521562590522764961016,31.1643812999,2.708919754962413155189240251,47.84880870568,4.159190003064490998302165071
2025-08-23T14:33:04.520268Z,115043.575,0.01,0.0008692358525888994670063060888,5.339126539,0.4640960209207685001096323719,14.6627787812,1.274541301519880619148005441,31.23468241218,2.715030579689478530200404499,47.95539337686,4.168454724817096478443059510
2025-08-23T14:33:04.604360Z,115043.575,0.01,0.0008692358525888994670063060888,5.106449145,0.4438708676255931719785307437,14.6216564098,1.270966797563444981608055904,31.22415571074,2.714115561059363810625669447,47.94903637274,4.167902151227480543785257021
2025-08-23T14:33:04.624198Z,115043.575,0.01,0.0008692358525888994670063060888,5.002767411,0.4348584795804546233894417833,14.6112877204,1.270065513906361133161934510,31.22322545350,2.714034699764849970978387972,47.94857109742,4.167861707828533666482461102
2025-08-23T14:33:04.719706Z,115043.575,0.01,0.0008692358525888994670063060888,5.414879203,0.4706807140685605432550231510,15.9901110832,1.389917784039656278066810771,32.74514651878,2.846325535240016663251294129,49.78598553626,4.327576358458957834020717802
2025-08-23T14:33:04.779134Z,115043.575,0.01,0.0008692358525888994670063060888,0.425969632,0.03702680762484997532456723463,14.9827343226,1.302352984301817811207622851,32.10454321072,2.790641998974736311871393079,49.36291431207,4.290801490832495426189598159
2025-08-23T14:33:04.826468Z,115043.575,0.01,0.0008692358525888994670063060888,0.425969632,0.03702680762484997532456723463,15.0581820468,1.308911170988905725504444729,32.58064563356,2.832026528518433124144481776,49.70237453077,4.320308590094666303615825569
2025-08-23T14:33:04.889547Z,115043.575,0.01,0.0008692358525888994670063060888,0.562469632,0.04889187701268845304920331274,15.2411413006,1.324814645285492909969113877,31.96766604274,2.778744144793831380848517616,49.08264289298,4.266439294239595735789677955
2025-08-23T14:33:04.948518Z,115043.575,0.01,0.0008692358525888994670063060888,3.775276092,0.3281605332588108462380450190,15.4732794178,1.344992922707765296758206619,31.76922567050,2.761494996178621883056050718,49.17215001673,4.274219574342156874036642203
2025-08-23T14:33:04.980376Z,115043.575,0.01,0.0008692358525888994670063060888,3.443235198,0.2992983482997638068879552813,15.3555843907,1.334762448985091083965358344,31.48716305848,2.736977102674356216763952268,48.7530456770,4.237789522535265441811939519
2025-08-23T14:33:05.058903Z,115043.575,0.01,0.0008692358525888994670063060888,3.461681606,0.3009017762182720764718933674,15.3569924293,1.334884840748385992003464774,31.48824413918,2.737071074084754407188754348,48.75393884886,4.237867160235588993127169423
2025-08-23T14:33:05.113119Z,115043.575,0.01,0.0008692358525888994670063060888,3.452458407,0.3001000626936358679743740578,15.6664315980,1.361782402711320471395295217,31.69936182150,2.755422179943556169912139813,49.01983740060,4.260980015667976242914912893
2025-08-23T14:33:05.177638Z,115043.575,0.01,0.0008692358525888994670063060888,3.505952350,0.3047499480088305670264506297,15.3541954707,1.334641719079053306540586904,31.48754177670,2.737010022219841481803742625,48.77111508073,4.239360179890967400830511395
2025-08-23T14:33:05.184896Z,115043.575,0.01,0.0008692358525888994670063060888,3.505952350,0.3047499480088305670264506297,15.3541954707,1.334641719079053306540586904,31.48754177670,2.737010022219841481803742625,48.77111508073,4.239360179890967400830511395
2025-08-23T14:33:05.297226Z,115043.575,0.01,0.0008692358525888994670063060888,2.968344300,0.2580191288387899976161206743,15.1742849180,1.319003248812460843641202909,31.39632896364,2.729081477487117381392224642,48.71602887644,4.234571889515776956687933246
2025-08-23T14:33:05.338757Z,115043.575,0.01,0.0008692358525888994670063060888,2.968344300,0.2580191288387899976161206743,15.1668852258,1.318360041036624600721943837,31.39571214656,2.729027861535074861851259403,48.71598231814,4.234567842501417397712127774
2025-08-23T14:33:05.455901Z,115043.575,0.01,0.0008692358525888994670063060888,2.810728574,0.2443186048416871607127994762,15.4211596156,1.340462482637557116944601209,31.61730797666,2.748289765565786702994930399,48.99549141662,4.258863775453779144119956286
2025-08-23T14:33:05.521990Z,115043.575,0.01,0.0008692358525888994670063060888,2.811321396,0.2443701350553475063687824374,15.1316665250,1.315298705294928465148966381,32.20731820088,2.799575569594390647196073314,49.31121496866,4.286307598547767661079725660
2025-08-23T14:33:05.578592Z,115043.575,0.01,0.0008692358525888994670063060888,2.312744804,0.2010320701525487190397203842,14.9627839987,1.300618830621353691416491534,32.51748713806,2.826536565650015657110794758,49.57740433093,4.309445732274053548840080813
2025-08-23T14:33:05.632151Z,115043.575,0.01,0.0008692358525888994670063060888,1.723052804,0.1497739273140633885899321192,14.3226739105,1.244978166794625427799857576,31.90824372404,2.773578943808031000427446731,51.20584552729,4.450995679444940753970832356
2025-08-23T14:33:05.699146Z,115043.575,0.01,0.0008692358525888994670063060888,2.662052804,0.2313951738721610485418242609,14.4663785455,1.257469488887145588095641152,31.84201753194,2.767822325752655026584492007,50.84831806145,4.419918110285602650995503226
2025-08-23T14:33:05.754083Z,115043.575,0.01,0.0008692358525888994670063060888,3.158324804,0.2745329153757608801708396145,14.6319198311,1.271858930939863438701379021,31.63722189084,2.750020754382850150475591531,49.90126015974,4.337596442021208050949390264
2025-08-23T14:33:05.818317Z,115043.575,0.01,0.0008692358525888994670063060888,1.116192188,0.09702342681892491605898026031,14.0998293100,1.225607715163580408553889255,31.28356370362,2.719279516793528017535964090,49.62738579370,4.313790300214505677522625666
2025-08-23T14:33:05.862209Z,115043.575,0.01,0.0008692358525888994670063060888,1.170331798,0.1017294358246429668062731882,14.1100518370,1.226496293860826213024065012,31.28918349892,2.719768009549425076541649545,49.78791677970,4.327744229062770345931965344
2025-08-23T14:33:05.901618Z,115043.575,0.01,0.0008692358525888994670063060888,1.170331798,0.1017294358246429668062731882,14.1100518370,1.226496293860826213024065012,31.28730192982,2.719604456817340733717636991,49.78697625291,4.327662475102151510851431729
2025-08-23T14:33:05.983366Z,115043.575,0.01,0.0008692358525888994670063060888,1.170331798,0.1017294358246429668062731882,14.0509345863,1.221357610479333591641254194,31.28581143976,2.719474898077532795725445771,49.78566303956,4.327548325889559673367243673
2025-08-23T14:33:06.021686Z,115043.575,0.01,0.0008692358525888994670063060888,0.012119032,0.001053429711307215548543236769,13.7376215289,1.194123316221701211910356576,31.16301178284,2.708800711629484740890571247,49.81947729962,4.330487582606851360451898335
2025-08-23T14:33:06.108902Z,115043.575,0.01,0.0008692358525888994670063060888,0.012119032,0.001053429711307215548543236769,13.6692757666,1.188182457525333335651295607,31.04728611686,2.698741421836030391093114066,49.64802550705,4.315584378097603451561723460
2025-08-23T14:33:06.169268Z,115043.575,0.01,0.0008692358525888994670063060888,0.012119032,0.001053429711307215548543236769,13.6692792437,1.188182759767331639337529280,31.04702297682,2.698718548760328423382183664,49.64688330981,4.315485094218429842779138253
2025-08-23T14:33:06.202899Z,115043.575,0.01,0.0008692358525888994670063060888,0.012119032,0.001053429711307215548543236769,13.6692792437,1.188182759767331639337529280,31.04702297682,2.698718548760328423382183664,49.64688330981,4.315485094218429842779138253
2025-08-23T14:33:06.338477Z,115043.575,0.01,0.0008692358525888994670063060888,1.170331798,0.1017294358246429668062731882,14.1103696052,1.226523915412051477016426167,31.41740447382,2.730913436393123214399413440,49.88351583735,4.336054041901079656121604357
2025-08-23T14:33:06.397365Z,115043.575,0.01,0.0008692358525888994670063060888,1.170331798,0.1017294358246429668062731882,14.1103696052,1.226523915412051477016426167,31.2858955009,2.719482204973202545209499966,49.80816704917,4.329504455087561387065727052
2025-08-23T14:33:06.445757Z,115043.575,0.01,0.0008692358525888994670063060888,1.169331798,0.1016425122393840768595725576,13.4940360089,1.172949989506150169620511185,31.07969426110,2.701558453924958434228074015,49.62217845845,4.313337659964930679527300851
2025-08-23T14:33:06.506263Z,115043.575,0.01,0.0008692358525888994670063060888,1.169331798,0.1016425122393840768595725576,13.4940360089,1.172949989506150169620511185,31.06825710250,2.700564295094271887847713356,49.56377516147,4.308261036000489379785007550
2025-08-23T14:33:06.604232Z,115043.575,0.01,0.0008692358525888994670063060888,1.169331798,0.1016425122393840768595725576,13.4749224129,1.171288567214640191770813798,31.10066599950,2.703381392615797970464669583,49.58551864757,4.310151057768328218242522453
2025-08-23T14:33:06.670283Z,115043.575,0.01,0.0008692358525888994670063060888,1.169331798,0.1016425122393840768595725576,13.4749224129,1.171288567214640191770813798,31.10140386330,2.703445530382726718984523908,49.58588749379,4.310183119204179807520758982
2025-08-23T14:33:06.722731Z,115043.575,0.01,0.0008692358525888994670063060888,1.169331798,0.1016425122393840768595725576,13.6361849857,1.185306088210488938647812362,31.16429860282,2.708912566635729113946606753,49.69159997157,4.319372026779418146558814780
2025-08-23T14:33:06.793207Z,115043.575,0.01,0.0008692358525888994670063060888,1.169331798,0.1016425122393840768595725576,13.6361849857,1.185306088210488938647812362,31.16286616282,2.708788053815260869631354902,49.69080071157,4.319302552234664126180014834
2025-08-23T14:33:06.859726Z,115042.685,1.77,0.1538559361683882812714254713,2.438630805,0.2119761725832459491014139665,13.9326637468,1.211086454284338026359520382,31.48678615590,2.736965514660927811272833210,50.58203713360,4.396806031917631268776454583
2025-08-23T14:33:06.908615Z,115041.805,0.01,0.0008692492264007853492910685815,5.531424858,0.4808186778710573951790829429,12.3836540064,1.076448166507818614285476484,30.95871605262,2.691083997910151009887231863,50.17799894835,4.361718676819265831234132670
2025-08-23T14:33:06.973560Z,115041.805,0.01,0.0008692492264007853492910685815,5.380175532,0.4676713419091433761839880729,12.2513871544,1.064950880629871897437631477,30.87443706728,2.683758053629287196945492988,50.12901457664,4.357460714097801229735573081
2025-08-23T14:33:07.036570Z,115041.805,0.01,0.0008692492264007853492910685815,4.776393912,0.4151876712991420814372653489,12.2011589376,1.060584796770182804416185925,30.87345210062,2.683672435478563640408806173,49.71534784875,4.321502765777188562018824374
2025-08-23T14:33:07.088845Z,115041.805,0.01,0.0008692492264007853492910685815,4.416393912,0.3838946991487138088627868800,12.9662164207,1.127087359303863495535383855,31.62108065396,2.748659989641156968981840992,50.10451949578,4.355331481088983261345734275
2025-08-23T14:33:07.156034Z,115041.805,0.01,0.0008692492264007853492910685815,4.515393912,0.3925002664900815838207684589,12.0452238130,1.047030148127456797118230195,30.76857540844,2.674556037124069810970020855,49.44394683525,4.297911253674262151919469622
2025-08-23T14:33:07.206341Z,115041.805,0.01,0.0008692492264007853492910685815,5.293396370,0.4601280699655225333086524503,13.5582711110,1.178551667456886650900513948,31.61476326330,2.748110850946749314303613369,53.28627180891,4.631905054767699446301281521
2025-08-23T14:33:07.269094Z,115042.675,1.75,0.1521174642366408813077408014,4.908348493,0.4266545864827986657994522467,14.1102687638,1.226524745169564250831267614,31.78413185384,2.762812308896676820145220024,53.25956172195,4.629548271713083862140722997
2025-08-23T14:33:07.325090Z,115042.675,1.75,0.1521174642366408813077408014,4.923226493,0.4279478457016059475320788568,14.1142650638,1.226872120610895043947821971,31.59403048874,2.746287887406999185302323681,53.39892137476,4.641662007143001499226265384
2025-08-23T14:33:07.363163Z,115042.675,1.75,0.1521174642366408813077408014,4.923226493,0.4279478457016059475320788568,14.1142650638,1.226872120610895043947821971,31.59403048874,2.746287887406999185302323681,53.61836890106,4.660737322133721247354514314
2025-08-23T14:33:07.437627Z,115042.675,1.75,0.1521174642366408813077408014,4.932140607,0.4287226985116609988423860972,14.1151583881,1.226949772169327599519048040,31.59454811948,2.746332882078759034419184011,51.01825273006,4.434724134331890318092829465
2025-08-23T14:33:07.516245Z,115042.675,1.75,0.1521174642366408813077408014,4.939354807,0.4293497875462301272114891278,14.1199156377,1.227363292595552041883587982,31.59940601568,2.746755151136741213640938026,51.07462019700,4.439623834981236310786410347
2025-08-23T14:33:07.669479Z,115042.67,1.74,0.1512482281574306298697691909,5.020476807,0.4364012767610487482601020995,13.9643911377,1.213844492456581544917203330,31.53696780428,2.741327874629474437615190955,51.73144293799,4.496717864596675303172292507
2025-08-23T14:33:07.719370Z,115041.805,0.01,0.0008692492264007853492910685815,4.951723807,0.4304282088585101737581394868,13.9382295377,1.211579524304230101396618386,31.51446711116,2.739392615680882267102815364,50.14517107335,4.358865116324452663099296816
2025-08-23T14:33:07.775073Z,115041.805,0.01,0.0008692492264007853492910685815,4.966601807,0.4317214778575492622008147386,13.9566540377,1.213181072541412228363419715,31.52541109116,2.740343920295756833787508810,50.13728519731,4.358179637159726414236981070
2025-08-23T14:33:07.833218Z,115041.805,0.01,0.0008692492264007853492910685815,4.870601807,0.4233766852841017228476204802,14.0937540377,1.225098479435366995502200265,31.58919109116,2.745887991861741042745287246,50.15028725415,4.359309839944705318210193242
2025-08-23T14:33:07.896408Z,115041.805,0.01,0.0008692492264007853492910685815,3.696734962,0.3213384005927236624981675140,13.4111979561,1.165767344844771863584720354,31.21247929476,2.713142348102066027215063255,49.86308690333,4.334344971667473402386202129
2025-08-23T14:33:07.915172Z,115041.805,0.01,0.0008692492264007853492910685815,3.693868726,0.3210892532501554543585264504,13.4109082553,1.165742162625143094721088564,31.21488337294,2.713351322411883228014372688,49.86572548552,4.334574330220218641388667363
2025-08-23T14:33:08.008464Z,115041.805,0.01,0.0008692492264007853492910685815,3.693868726,0.3210892532501554543585264504,13.4109082553,1.165742162625143094721088564,31.24152206392,2.715666888564552685869280302,49.95476537521,4.342314115743403017711691850
2025-08-23T14:33:08.068372Z,115041.805,0.01,0.0008692492264007853492910685815,3.693868726,0.3210892532501554543585264504,13.0515499582,1.134504970449655236198701855,31.14661810510,2.707417369285886986908802413,49.85087055112,4.333283066196675199941447372
2025-08-23T14:33:08.119901Z,115041.805,0.01,0.0008692492264007853492910685815,3.669302726,0.3189538556005792850694580114,13.0579855582,1.135064384481797725618091615,31.15677523170,2.708300276729837470822019874,49.85849559072,4.333945872174032735317391795
2025-08-23T14:33:08.184276Z,115041.805,0.01,0.0008692492264007853492910685815,2.664378172,0.2316008664850138608308518803,12.5275280861,1.088954409755653607834126038,30.93346536770,2.688889084076871012237681771,50.01861119126,4.347863908364441952210329106
2025-08-23T14:33:08.249019Z,115041.805,0.01,0.0008692492264007853492910685815,2.688944172,0.2337362641345900301199203194,12.5315243861,1.089301787824000153683263228,30.93426462770,2.688958559690540321407509209,49.9927345078,4.345614579656499652452428054
2025-08-23T14:33:08.308071Z,115041.805,0.01,0.0008692492264007853492910685815,2.811846612,0.2444195492238669238543327793,12.5438928439,1.090376915061442229631219712,31.06270649690,2.700123359234497407268601184,50.12529735131,4.357137594573555239332345316
2025-08-23T14:33:08.328721Z,115041.805,0.01,0.0008692492264007853492910685815,2.811846612,0.2444195492238669238543327793,12.5438928439,1.090376915061442229631219712,30.99136431050,2.693921945200703344319049931,50.05996080659,4.351458220478199207670637643
2025-08-23T14:33:08.419779Z,115041.805,0.01,0.0008692492264007853492910685815,3.800952390,0.3303974924593716171264871931,13.3024239439,1.156312172249035904817383559,31.38190561472,2.727869717857782220993490149,50.33987171027,4.375789454126697681768814389
2025-08-23T14:33:08.469359Z,115041.81,0.02,0.001738498377242152222744061485,3.501873610,0.3044000794146058724215135349,13.2227653873,1.149387808423737422072896802,31.29754254082,2.720536345944139787091319234,50.25534269584,4.368441586223304379512109554
2025-08-23T14:33:08.521352Z,115041.805,0.01,0.0008692492264007853492910685815,3.248392522,0.2823662686794596103564265182,12.6075669025,1.095911777679427056972897809,31.18845127592,2.711053714423204677638707077,50.25378032759,4.368305967347261284712978904
2025-08-23T14:33:08.585658Z,115041.805,0.01,0.0008692492264007853492910685815,4.084393688,0.3550356053610250638887315789,12.6916001847,1.103216364233853945528758002,31.14401737142,2.707191300711945540145167229,50.64960639903,4.402713117986109484287038090
2025-08-23T14:33:08.626925Z,115041.805,0.01,0.0008692492264007853492910685815,4.084393688,0.3550356053610250638887315789,12.6916001847,1.103216364233853945528758002,31.14656047142,2.707412359482711523867345440,50.65589321903,4.403259599328261582822001098
2025-08-23T14:33:08.688642Z,115041.805,0.01,0.0008692492264007853492910685815,2.885031272,0.2507811201328073738064175888,12.5712293915,1.092753142346819054169047504,31.0004766219,2.694714032164220650049779730,50.45753978728,4.386017742617998735329300509
2025-08-23T14:33:08.751633Z,115041.805,0.01,0.0008692492264007853492910685815,2.885031272,0.2507811201328073738064175888,12.5712293915,1.092753142346819054169047504,31.0004766219,2.694714032164220650049779730,50.45753978728,4.386017742617998735329300509
2025-08-23T14:33:08.814121Z,115041.805,0.01,0.0008692492264007853492910685815,2.885031272,0.2507811201328073738064175888,12.5712293915,1.092753142346819054169047504,31.0004766219,2.694714032164220650049779730,49.44030437813,4.297594633370886348662557928
2025-08-23T14:33:08.878352Z,115041.805,0.01,0.0008692492264007853492910685815,4.300623460,0.3738313615646068835585463910,12.8813450518,1.119709922127873428272444091,31.2390132201,2.715448807509583146752608758,49.67126287572,4.317670682906965863409392786
2025-08-23T14:33:08.921935Z,115041.805,0.01,0.0008692492264007853492910685815,3.094829588,0.2690178225211261245422913870,12.7603311134,1.109190794894082199075370905,31.09409210906,2.702851551143516915437827145,49.49203309036,4.302091147679749983060505701
